2025.02.17 17:07:47 INFO  Started: Metals version 1.5.1 in folders '/Users/admin/datastructure' for client Visual Studio Code 1.85.1.
2025.02.17 17:07:47 INFO  no build target found for /Users/admin/datastructure/sortInWave.scala. Using presentation compiler with project's scala-library version: 3.3.4
2025.02.17 17:07:49 WARN  scala-cli >= 0.1.3 not found in PATH, fetching and starting a JVM-based Scala CLI
2025.02.17 17:07:50 INFO  no build target found for /Users/admin/datastructure/sortInWave.scala. Using presentation compiler with project's scala-library version: 3.3.4
2025.02.17 17:07:50 INFO  no build target found for /Users/admin/datastructure/sortInWave.java. Using presentation compiler with project's scala-library version: 3.3.4
2025.02.17 17:07:50 INFO  no build target found for /Users/admin/datastructure/sortInWave.java. Using presentation compiler with project's scala-library version: 3.3.4
2025.02.17 17:07:50 INFO  Running List(/Library/Java/JavaVirtualMachines/jdk-19.jdk/Contents/Home/bin/java, -cp, /Users/admin/Library/Caches/Coursier/v1/https/repo1.maven.org/maven2/org/virtuslab/scala-cli/cli_3/1.6.1/cli_3-1.6.1.jar:/Users/admin/Library/Caches/Coursier/v1/https/repo1.maven.org/maven2/com/github/alexarchambault/case-app_3/2.1.0-M29/case-app_3-2.1.0-M29.jar:/Users/admin/Library/Caches/Coursier/v1/https/repo1.maven.org/maven2/io/get-coursier/coursier-launcher_2.13/2.1.24/coursier-launcher_2.13-2.1.24.jar:/Users/admin/Library/Caches/Coursier/v1/https/repo1.maven.org/maven2/io/get-coursier/coursier-proxy-setup/2.1.24/coursier-proxy-setup-2.1.24.jar:/Users/admin/Library/Caches/Coursier/v1/https/repo1.maven.org/maven2/io/get-coursier/publish/publish_2.13/0.2.0/publish_2.13-0.2.0.jar:/Users/admin/Library/Caches/Coursier/v1/https/repo1.maven.org/maven2/com/google/jimfs/jimfs/1.3.0/jimfs-1.3.0.jar:/Users/admin/Library/Caches/Coursier/v1/https/repo1.maven.org/maven2/io/get-coursier/jniutils/windows-jni-utils/0.3.3/windows-jni-utils-0.3.3.jar:/Users/admin/Library/Caches/Coursier/v1/https/repo1.maven.org/maven2/com/github/plokhotnyuk/jsoniter-scala/jsoniter-scala-core_3/2.13.5.2/jsoniter-scala-core_3-2.13.5.2.jar:/Users/admin/Library/Caches/Coursier/v1/https/repo1.maven.org/maven2/org/virtuslab/scala-cli/libsodiumjni/0.0.4/libsodiumjni-0.0.4.jar:/Users/admin/Library/Caches/Coursier/v1/https/repo1.maven.org/maven2/org/scalameta/metaconfig-typesafe-config_3/0.14.0/metaconfig-typesafe-config_3-0.14.0.jar:/Users/admin/Library/Caches/Coursier/v1/https/repo1.maven.org/maven2/ai/kien/python-native-libs_3/0.2.4/python-native-libs_3-0.2.4.jar:/Users/admin/Library/Caches/Coursier/v1/https/repo1.maven.org/maven2/org/virtuslab/scala-packager_2.13/0.1.31/scala-packager_2.13-0.1.31.jar:/Users/admin/Library/Caches/Coursier/v1/https/repo1.maven.org/maven2/org/virtuslab/scala-cli-signing/cli_3/0.2.4/cli_3-0.2.4.jar:/Users/admin/Library/Caches/Coursier/v1/https/repo1.maven.org/maven2/org/slf4j/slf4j-nop/2.0.16/slf4j-nop-2.0.16.jar:/Users/admin/Library/Caches/Coursier/v1/https/repo1.maven.org/maven2/com/softwaremill/sttp/client3/core_2.13/3.10.2/core_2.13-3.10.2.jar:/Users/admin/Library/Caches/Coursier/v1/https/repo1.maven.org/maven2/ch/epfl/scala/scalafix-interfaces/0.14.0/scalafix-interfaces-0.14.0.jar:/Users/admin/Library/Caches/Coursier/v1/https/repo1.maven.org/maven2/org/scala-lang/scala3-library_3/3.3.4/scala3-library_3-3.3.4.jar:/Users/admin/Library/Caches/Coursier/v1/https/repo1.maven.org/maven2/org/virtuslab/scala-cli/build-module_3/1.6.1/build-module_3-1.6.1.jar:/Users/admin/Library/Caches/Coursier/v1/https/repo1.maven.org/maven2/org/virtuslab/scala-cli/config_3/1.6.1/config_3-1.6.1.jar:/Users/admin/Library/Caches/Coursier/v1/https/repo1.maven.org/maven2/org/virtuslab/scala-cli/scala3-graal_3/1.6.1/scala3-graal_3-1.6.1.jar:/Users/admin/Library/Caches/Coursier/v1/https/repo1.maven.org/maven2/org/virtuslab/scala-cli/specification-level_3/1.6.1/specification-level_3-1.6.1.jar:/Users/admin/Library/Caches/Coursier/v1/https/repo1.maven.org/maven2/com/lihaoyi/sourcecode_3/0.4.2/sourcecode_3-0.4.2.jar:/Users/admin/Library/Caches/Coursier/v1/https/repo1.maven.org/maven2/com/github/alexarchambault/case-app-annotations_3/2.1.0-M29/case-app-annotations_3-2.1.0-M29.jar:/Users/admin/Library/Caches/Coursier/v1/https/repo1.maven.org/maven2/com/github/alexarchambault/case-app-util_3/2.1.0-M29/case-app-util_3-2.1.0-M29.jar:/Users/admin/Library/Caches/Coursier/v1/https/repo1.maven.org/maven2/io/github/alexarchambault/scala-cli/tmp/zip-input-stream/0.1.1/zip-input-stream-0.1.1.jar:/Users/admin/Library/Caches/Coursier/v1/https/repo1.maven.org/maven2/org/scala-lang/scala-library/2.13.16/scala-library-2.13.16.jar:/Users/admin/Library/Caches/Coursier/v1/https/repo1.maven.org/maven2/io/get-coursier/coursier-cache_2.13/2.1.24/coursier-cache_2.13-2.1.24.jar:/Users/admin/Library/Caches/Coursier/v1/https/repo1.maven.org/maven2/io/get-coursier/coursier-core_2.13/2.1.24/coursier-core_2.13-2.1.24.jar:/Users/admin/Library/Caches/Coursier/v1/https/repo1.maven.org/maven2/com/google/guava/guava/33.4.0-jre/guava-33.4.0-jre.jar:/Users/admin/Library/Caches/Coursier/v1/https/repo1.maven.org/maven2/net/java/dev/jna/jna/5.13.0/jna-5.13.0.jar:/Users/admin/Library/Caches/Coursier/v1/https/repo1.maven.org/maven2/net/java/dev/jna/jna-platform/5.12.1/jna-platform-5.12.1.jar:/Users/admin/Library/Caches/Coursier/v1/https/repo1.maven.org/maven2/org/scalameta/metaconfig-core_3/0.14.0/metaconfig-core_3-0.14.0.jar:/Users/admin/Library/Caches/Coursier/v1/https/repo1.maven.org/maven2/com/typesafe/config/1.4.3/config-1.4.3.jar:/Users/admin/Library/Caches/Coursier/v1/https/repo1.maven.org/maven2/org/scala-lang/modules/scala-collection-compat_3/2.12.0/scala-collection-compat_3-2.12.0.jar:/Users/admin/Library/Caches/Coursier/v1/https/repo1.maven.org/maven2/commons-io/commons-io/2.18.0/commons-io-2.18.0.jar:/Users/admin/Library/Caches/Coursier/v1/https/repo1.maven.org/maven2/com/google/cloud/tools/jib-core/0.27.2/jib-core-0.27.2.jar:/Users/admin/Library/Caches/Coursier/v1/https/repo1.maven.org/maven2/org/bouncycastle/bcpg-jdk18on/1.78.1/bcpg-jdk18on-1.78.1.jar:/Users/admin/Library/Caches/Coursier/v1/https/repo1.maven.org/maven2/org/virtuslab/scala-cli-signing/shared_3/0.2.4/shared_3-0.2.4.jar:/Users/admin/Library/Caches/Coursier/v1/https/repo1.maven.org/maven2/org/slf4j/slf4j-api/2.0.16/slf4j-api-2.0.16.jar:/Users/admin/Library/Caches/Coursier/v1/https/repo1.maven.org/maven2/com/softwaremill/sttp/model/core_2.13/1.7.11/core_2.13-1.7.11.jar:/Users/admin/Library/Caches/Coursier/v1/https/repo1.maven.org/maven2/com/softwaremill/sttp/shared/core_2.13/1.3.22/core_2.13-1.3.22.jar:/Users/admin/Library/Caches/Coursier/v1/https/repo1.maven.org/maven2/com/softwaremill/sttp/shared/ws_2.13/1.3.22/ws_2.13-1.3.22.jar:/Users/admin/Library/Caches/Coursier/v1/https/repo1.maven.org/maven2/io/get-coursier/interface/1.0.26/interface-1.0.26.jar:/Users/admin/Library/Caches/Coursier/v1/https/repo1.maven.org/maven2/org/ow2/asm/asm/9.7.1/asm-9.7.1.jar:/Users/admin/Library/Caches/Coursier/v1/https/repo1.maven.org/maven2/org/virtuslab/scala-cli/java-class-name/java-class-name_3/0.1.4/java-class-name_3-0.1.4.jar:/Users/admin/Library/Caches/Coursier/v1/https/repo1.maven.org/maven2/org/scalameta/semanticdb-shared_2.13.16/4.9.9/semanticdb-shared_2.13.16-4.9.9.jar:/Users/admin/Library/Caches/Coursier/v1/https/repo1.maven.org/maven2/org/scala-native/test-runner_3/0.5.6/test-runner_3-0.5.6.jar:/Users/admin/Library/Caches/Coursier/v1/https/repo1.maven.org/maven2/com/lihaoyi/os-lib_3/0.11.3/os-lib_3-0.11.3.jar:/Users/admin/Library/Caches/Coursier/v1/https/repo1.maven.org/maven2/com/lihaoyi/pprint_3/0.9.0/pprint_3-0.9.0.jar:/Users/admin/Library/Caches/Coursier/v1/https/repo1.maven.org/maven2/org/scala-js/scalajs-env-nodejs_2.13/1.4.0/scalajs-env-nodejs_2.13-1.4.0.jar:/Users/admin/Library/Caches/Coursier/v1/https/repo1.maven.org/maven2/org/scala-js/scalajs-sbt-test-adapter_2.13/1.18.1/scalajs-sbt-test-adapter_2.13-1.18.1.jar:/Users/admin/Library/Caches/Coursier/v1/https/repo1.maven.org/maven2/com/swoval/file-tree-views/2.1.12/file-tree-views-2.1.12.jar:/Users/admin/Library/Caches/Coursier/v1/https/repo1.maven.org/maven2/org/virtuslab/scala-cli/zip-input-stream/zip-input-stream/0.1.2/zip-input-stream-0.1.2.jar:/Users/admin/Library/Caches/Coursier/v1/https/repo1.maven.org/maven2/org/virtuslab/scala-cli/options_3/1.6.1/options_3-1.6.1.jar:/Users/admin/Library/Caches/Coursier/v1/https/repo1.maven.org/maven2/org/virtuslab/scala-cli/directives_3/1.6.1/directives_3-1.6.1.jar:/Users/admin/Library/Caches/Coursier/v1/https/repo1.maven.org/maven2/org/virtuslab/scala-cli/scala-cli-bsp/1.6.1/scala-cli-bsp-1.6.1.jar:/Users/admin/Library/Caches/Coursier/v1/https/repo1.maven.org/maven2/org/virtuslab/scala-cli/test-runner_3/1.6.1/test-runner_3-1.6.1.jar:/Users/admin/Library/Caches/Coursier/v1/https/repo1.maven.org/maven2/org/virtuslab/scala-cli/tasty-lib_3/1.6.1/tasty-lib_3-1.6.1.jar:/Users/admin/Library/Caches/Coursier/v1/https/repo1.maven.org/maven2/io/github/alexarchambault/is-terminal/0.1.1/is-terminal-0.1.1.jar:/Users/admin/Library/Caches/Coursier/v1/https/repo1.maven.org/maven2/org/codehaus/plexus/plexus-archiver/4.10.0/plexus-archiver-4.10.0.jar:/Users/admin/Library/Caches/Coursier/v1/https/repo1.maven.org/maven2/org/codehaus/plexus/plexus-container-default/2.1.1/plexus-container-default-2.1.1.jar:/Users/admin/Library/Caches/Coursier/v1/https/repo1.maven.org/maven2/io/github/alexarchambault/windows-ansi/windows-ansi/0.0.6/windows-ansi-0.0.6.jar:/Users/admin/Library/Caches/Coursier/v1/https/repo1.maven.org/maven2/io/get-coursier/cache-util/2.1.24/cache-util-2.1.24.jar:/Users/admin/Library/Caches/Coursier/v1/https/repo1.maven.org/maven2/io/get-coursier/coursier-util_2.13/2.1.24/coursier-util_2.13-2.1.24.jar:/Users/admin/Library/Caches/Coursier/v1/https/repo1.maven.org/maven2/io/github/alexarchambault/concurrent-reference-hash-map/1.1.0/concurrent-reference-hash-map-1.1.0.jar:/Users/admin/Library/Caches/Coursier/v1/https/repo1.maven.org/maven2/org/scala-lang/modules/scala-xml_2.13/2.3.0/scala-xml_2.13-2.3.0.jar:/Users/admin/Library/Caches/Coursier/v1/https/repo1.maven.org/maven2/com/google/guava/failureaccess/1.0.2/failureaccess-1.0.2.jar:/Users/admin/Library/Caches/Coursier/v1/https/repo1.maven.org/maven2/com/google/guava/listenablefuture/9999.0-empty-to-avoid-conflict-with-guava/listenablefuture-9999.0-empty-to-avoid-conflict-with-guava.jar:/Users/admin/Library/Caches/Coursier/v1/https/repo1.maven.org/maven2/com/google/code/findbugs/jsr305/3.0.2/jsr305-3.0.2.jar:/Users/admin/Library/Caches/Coursier/v1/https/repo1.maven.org/maven2/org/checkerframework/checker-qual/3.43.0/checker-qual-3.43.0.jar:/Users/admin/Library/Caches/Coursier/v1/https/repo1.maven.org/maven2/com/google/errorprone/error_prone_annotations/2.36.0/error_prone_annotations-2.36.0.jar:/Users/admin/Library/Caches/Coursier/v1/https/repo1.maven.org/maven2/com/google/j2objc/j2objc-annotations/3.0.0/j2objc-annotations-3.0.0.jar:/Users/admin/Library/Caches/Coursier/v1/https/repo1.maven.org/maven2/org/scalameta/metaconfig-pprint_3/0.14.0/metaconfig-pprint_3-0.14.0.jar:/Users/admin/Library/Caches/Coursier/v1/https/repo1.maven.org/maven2/org/typelevel/paiges-core_3/0.4.4/paiges-core_3-0.4.4.jar:/Users/admin/Library/Caches/Coursier/v1/https/repo1.maven.org/maven2/org/scala-lang/scala-reflect/2.13.15/scala-reflect-2.13.15.jar:/Users/admin/Library/Caches/Coursier/v1/https/repo1.maven.org/maven2/com/google/cloud/tools/jib-build-plan/0.4.0/jib-build-plan-0.4.0.jar:/Users/admin/Library/Caches/Coursier/v1/https/repo1.maven.org/maven2/com/google/http-client/google-http-client/1.42.2/google-http-client-1.42.2.jar:/Users/admin/Library/Caches/Coursier/v1/https/repo1.maven.org/maven2/com/google/http-client/google-http-client-apache-v2/1.42.2/google-http-client-apache-v2-1.42.2.jar:/Users/admin/Library/Caches/Coursier/v1/https/repo1.maven.org/maven2/com/google/auth/google-auth-library-oauth2-http/1.10.0/google-auth-library-oauth2-http-1.10.0.jar:/Users/admin/Library/Caches/Coursier/v1/https/repo1.maven.org/maven2/org/apache/commons/commons-compress/1.26.2/commons-compress-1.26.2.jar:/Users/admin/Library/Caches/Coursier/v1/https/repo1.maven.org/maven2/com/fasterxml/jackson/core/jackson-databind/2.15.2/jackson-databind-2.15.2.jar:/Users/admin/Library/Caches/Coursier/v1/https/repo1.maven.org/maven2/com/fasterxml/jackson/datatype/jackson-datatype-jsr310/2.15.2/jackson-datatype-jsr310-2.15.2.jar:/Users/admin/Library/Caches/Coursier/v1/https/repo1.maven.org/maven2/org/bouncycastle/bcprov-jdk18on/1.78.1/bcprov-jdk18on-1.78.1.jar:/Users/admin/Library/Caches/Coursier/v1/https/repo1.maven.org/maven2/org/bouncycastle/bcutil-jdk18on/1.78.1/bcutil-jdk18on-1.78.1.jar:/Users/admin/Library/Caches/Coursier/v1/https/repo1.maven.org/maven2/org/scala-lang/scala3-compiler_3/3.3.4/scala3-compiler_3-3.3.4.jar:/Users/admin/Library/Caches/Coursier/v1/https/repo1.maven.org/maven2/org/scalameta/scalameta_2.13/4.9.9/scalameta_2.13-4.9.9.jar:/Users/admin/Library/Caches/Coursier/v1/https/repo1.maven.org/maven2/com/thesamet/scalapb/scalapb-runtime_2.13/0.11.17/scalapb-runtime_2.13-0.11.17.jar:/Users/admin/Library/Caches/Coursier/v1/https/repo1.maven.org/maven2/org/scala-native/tools_3/0.5.6/tools_3-0.5.6.jar:/Users/admin/Library/Caches/Coursier/v1/https/repo1.maven.org/maven2/org/scala-sbt/test-interface/1.0/test-interface-1.0.jar:/Users/admin/Library/Caches/Coursier/v1/https/repo1.maven.org/maven2/com/github/sbt/junit-interface/0.13.3/junit-interface-0.13.3.jar:/Users/admin/Library/Caches/Coursier/v1/https/repo1.maven.org/maven2/junit/junit/4.13.2/junit-4.13.2.jar:/Users/admin/Library/Caches/Coursier/v1/https/repo1.maven.org/maven2/com/lihaoyi/geny_3/1.1.1/geny_3-1.1.1.jar:/Users/admin/Library/Caches/Coursier/v1/https/repo1.maven.org/maven2/com/lihaoyi/fansi_3/0.5.0/fansi_3-0.5.0.jar:/Users/admin/Library/Caches/Coursier/v1/https/repo1.maven.org/maven2/org/scala-js/scalajs-js-envs_2.13/1.4.0/scalajs-js-envs_2.13-1.4.0.jar:/Users/admin/Library/Caches/Coursier/v1/https/repo1.maven.org/maven2/ch/epfl/scala/bloop-config_2.13/2.3.1/bloop-config_2.13-2.3.1.jar:/Users/admin/Library/Caches/Coursier/v1/https/repo1.maven.org/maven2/org/virtuslab/scala-cli/core_3/1.6.1/core_3-1.6.1.jar:/Users/admin/Library/Caches/Coursier/v1/https/repo1.maven.org/maven2/org/virtuslab/using_directives/1.1.4/using_directives-1.1.4.jar:/Users/admin/Library/Caches/Coursier/v1/https/repo1.maven.org/maven2/org/virtuslab/scala-cli/build-macros_3/1.6.1/build-macros_3-1.6.1.jar:/Users/admin/Library/Caches/Coursier/v1/https/repo1.maven.org/maven2/ch/epfl/scala/bsp4j/2.1.1/bsp4j-2.1.1.jar:/Users/admin/Library/Caches/Coursier/v1/https/repo1.maven.org/maven2/javax/inject/javax.inject/1/javax.inject-1.jar:/Users/admin/Library/Caches/Coursier/v1/https/repo1.maven.org/maven2/org/codehaus/plexus/plexus-utils/4.0.1/plexus-utils-4.0.1.jar:/Users/admin/Library/Caches/Coursier/v1/https/repo1.maven.org/maven2/org/codehaus/plexus/plexus-io/3.5.0/plexus-io-3.5.0.jar:/Users/admin/Library/Caches/Coursier/v1/https/repo1.maven.org/maven2/io/airlift/aircompressor/0.27/aircompressor-0.27.jar:/Users/admin/Library/Caches/Coursier/v1/https/repo1.maven.org/maven2/org/tukaani/xz/1.9/xz-1.9.jar:/Users/admin/Library/Caches/Coursier/v1/https/repo1.maven.org/maven2/com/github/luben/zstd-jni/1.5.6-3/zstd-jni-1.5.6-3.jar:/Users/admin/Library/Caches/Coursier/v1/https/repo1.maven.org/maven2/org/codehaus/plexus/plexus-classworlds/2.6.0/plexus-classworlds-2.6.0.jar:/Users/admin/Library/Caches/Coursier/v1/https/repo1.maven.org/maven2/org/apache/xbean/xbean-reflect/3.7/xbean-reflect-3.7.jar:/Users/admin/Library/Caches/Coursier/v1/https/repo1.maven.org/maven2/org/fusesource/jansi/jansi/2.4.1/jansi-2.4.1.jar:/Users/admin/Library/Caches/Coursier/v1/https/repo1.maven.org/maven2/org/apache/httpcomponents/httpclient/4.5.13/httpclient-4.5.13.jar:/Users/admin/Library/Caches/Coursier/v1/https/repo1.maven.org/maven2/org/apache/httpcomponents/httpcore/4.4.15/httpcore-4.4.15.jar:/Users/admin/Library/Caches/Coursier/v1/https/repo1.maven.org/maven2/io/opencensus/opencensus-api/0.31.1/opencensus-api-0.31.1.jar:/Users/admin/Library/Caches/Coursier/v1/https/repo1.maven.org/maven2/io/opencensus/opencensus-contrib-http-util/0.31.1/opencensus-contrib-http-util-0.31.1.jar:/Users/admin/Library/Caches/Coursier/v1/https/repo1.maven.org/maven2/com/google/auto/value/auto-value-annotations/1.9/auto-value-annotations-1.9.jar:/Users/admin/Library/Caches/Coursier/v1/https/repo1.maven.org/maven2/com/google/auth/google-auth-library-credentials/1.10.0/google-auth-library-credentials-1.10.0.jar:/Users/admin/Library/Caches/Coursier/v1/https/repo1.maven.org/maven2/com/google/http-client/google-http-client-gson/1.42.2/google-http-client-gson-1.42.2.jar:/Users/admin/Library/Caches/Coursier/v1/https/repo1.maven.org/maven2/commons-codec/commons-codec/1.17.0/commons-codec-1.17.0.jar:/Users/admin/Library/Caches/Coursier/v1/https/repo1.maven.org/maven2/org/apache/commons/commons-lang3/3.14.0/commons-lang3-3.14.0.jar:/Users/admin/Library/Caches/Coursier/v1/https/repo1.maven.org/maven2/com/fasterxml/jackson/core/jackson-annotations/2.15.2/jackson-annotations-2.15.2.jar:/Users/admin/Library/Caches/Coursier/v1/https/repo1.maven.org/maven2/com/fasterxml/jackson/core/jackson-core/2.15.2/jackson-core-2.15.2.jar:/Users/admin/Library/Caches/Coursier/v1/https/repo1.maven.org/maven2/org/scala-lang/scala3-interfaces/3.3.4/scala3-interfaces-3.3.4.jar:/Users/admin/Library/Caches/Coursier/v1/https/repo1.maven.org/maven2/org/scala-lang/tasty-core_3/3.3.4/tasty-core_3-3.3.4.jar:/Users/admin/Library/Caches/Coursier/v1/https/repo1.maven.org/maven2/org/scala-lang/modules/scala-asm/9.6.0-scala-1/scala-asm-9.6.0-scala-1.jar:/Users/admin/Library/Caches/Coursier/v1/https/repo1.maven.org/maven2/org/scala-sbt/compiler-interface/1.9.6/compiler-interface-1.9.6.jar:/Users/admin/Library/Caches/Coursier/v1/https/repo1.maven.org/maven2/org/scalameta/parsers_2.13/4.9.9/parsers_2.13-4.9.9.jar:/Users/admin/Library/Caches/Coursier/v1/https/repo1.maven.org/maven2/org/scala-lang/scalap/2.13.11/scalap-2.13.11.jar:/Users/admin/Library/Caches/Coursier/v1/https/repo1.maven.org/maven2/com/thesamet/scalapb/lenses_2.13/0.11.17/lenses_2.13-0.11.17.jar:/Users/admin/Library/Caches/Coursier/v1/https/repo1.maven.org/maven2/com/google/protobuf/protobuf-java/3.19.6/protobuf-java-3.19.6.jar:/Users/admin/Library/Caches/Coursier/v1/https/repo1.maven.org/maven2/org/scala-native/nir_3/0.5.6/nir_3-0.5.6.jar:/Users/admin/Library/Caches/Coursier/v1/https/repo1.maven.org/maven2/org/scala-native/util_3/0.5.6/util_3-0.5.6.jar:/Users/admin/Library/Caches/Coursier/v1/https/repo1.maven.org/maven2/org/hamcrest/hamcrest-core/1.3/hamcrest-core-1.3.jar:/Users/admin/Library/Caches/Coursier/v1/https/repo1.maven.org/maven2/org/scala-js/scalajs-logging_2.13/1.1.1/scalajs-logging_2.13-1.1.1.jar:/Users/admin/Library/Caches/Coursier/v1/https/repo1.maven.org/maven2/com/lihaoyi/unroll-annotation_2.13/0.1.12/unroll-annotation_2.13-0.1.12.jar:/Users/admin/Library/Caches/Coursier/v1/https/repo1.maven.org/maven2/ch/epfl/scala/bloop-rifle_2.13/2.0.8/bloop-rifle_2.13-2.0.8.jar:/Users/admin/Library/Caches/Coursier/v1/https/repo1.maven.org/maven2/io/get-coursier/coursier-jvm_2.13/2.1.24/coursier-jvm_2.13-2.1.24.jar:/Users/admin/Library/Caches/Coursier/v1/https/repo1.maven.org/maven2/io/get-coursier/dependency_3/0.3.2/dependency_3-0.3.2.jar:/Users/admin/Library/Caches/Coursier/v1/https/repo1.maven.org/maven2/org/eclipse/jgit/org.eclipse.jgit/6.8.0.202311291450-r/org.eclipse.jgit-6.8.0.202311291450-r.jar:/Users/admin/Library/Caches/Coursier/v1/https/repo1.maven.org/maven2/org/scala-js/scalajs-env-jsdom-nodejs_2.13/1.1.0/scalajs-env-jsdom-nodejs_2.13-1.1.0.jar:/Users/admin/Library/Caches/Coursier/v1/https/repo1.maven.org/maven2/org/eclipse/lsp4j/org.eclipse.lsp4j.generator/0.20.1/org.eclipse.lsp4j.generator-0.20.1.jar:/Users/admin/Library/Caches/Coursier/v1/https/repo1.maven.org/maven2/org/eclipse/lsp4j/org.eclipse.lsp4j.jsonrpc/0.20.1/org.eclipse.lsp4j.jsonrpc-0.20.1.jar:/Users/admin/Library/Caches/Coursier/v1/https/repo1.maven.org/maven2/commons-logging/commons-logging/1.2/commons-logging-1.2.jar:/Users/admin/Library/Caches/Coursier/v1/https/repo1.maven.org/maven2/io/grpc/grpc-context/1.27.2/grpc-context-1.27.2.jar:/Users/admin/Library/Caches/Coursier/v1/https/repo1.maven.org/maven2/com/google/code/gson/gson/2.10.1/gson-2.10.1.jar:/Users/admin/Library/Caches/Coursier/v1/https/repo1.maven.org/maven2/org/scala-sbt/util-interface/1.9.8/util-interface-1.9.8.jar:/Users/admin/Library/Caches/Coursier/v1/https/repo1.maven.org/maven2/org/scalameta/trees_2.13/4.9.9/trees_2.13-4.9.9.jar:/Users/admin/Library/Caches/Coursier/v1/https/repo1.maven.org/maven2/org/scala-lang/scala-compiler/2.13.11/scala-compiler-2.13.11.jar:/Users/admin/Library/Caches/Coursier/v1/https/repo1.maven.org/maven2/ch/epfl/scala/libdaemon_2.13/0.0.12/libdaemon_2.13-0.0.12.jar:/Users/admin/Library/Caches/Coursier/v1/https/repo1.maven.org/maven2/io/github/alexarchambault/scala-cli/snailgun/snailgun-core_2.13/0.4.1-sc2/snailgun-core_2.13-0.4.1-sc2.jar:/Users/admin/Library/Caches/Coursier/v1/https/repo1.maven.org/maven2/io/get-coursier/coursier_2.13/2.1.24/coursier_2.13-2.1.24.jar:/Users/admin/Library/Caches/Coursier/v1/https/repo1.maven.org/maven2/io/get-coursier/coursier-env_2.13/2.1.24/coursier-env_2.13-2.1.24.jar:/Users/admin/Library/Caches/Coursier/v1/https/repo1.maven.org/maven2/com/googlecode/javaewah/JavaEWAH/1.2.3/JavaEWAH-1.2.3.jar:/Users/admin/Library/Caches/Coursier/v1/https/repo1.maven.org/maven2/org/eclipse/xtend/org.eclipse.xtend.lib/2.28.0/org.eclipse.xtend.lib-2.28.0.jar:/Users/admin/Library/Caches/Coursier/v1/https/repo1.maven.org/maven2/org/scalameta/common_2.13/4.9.9/common_2.13-4.9.9.jar:/Users/admin/Library/Caches/Coursier/v1/https/repo1.maven.org/maven2/io/github/java-diff-utils/java-diff-utils/4.12/java-diff-utils-4.12.jar:/Users/admin/Library/Caches/Coursier/v1/https/repo1.maven.org/maven2/io/get-coursier/dependency_2.13/0.3.2/dependency_2.13-0.3.2.jar:/Users/admin/Library/Caches/Coursier/v1/https/repo1.maven.org/maven2/org/eclipse/xtext/org.eclipse.xtext.xbase.lib/2.28.0/org.eclipse.xtext.xbase.lib-2.28.0.jar:/Users/admin/Library/Caches/Coursier/v1/https/repo1.maven.org/maven2/org/eclipse/xtend/org.eclipse.xtend.lib.macro/2.28.0/org.eclipse.xtend.lib.macro-2.28.0.jar, scala.cli.ScalaCli, bsp, /Users/admin/datastructure)
2025.02.17 17:07:50 INFO  tracing is disabled for protocol BSP, to enable tracing of incoming and outgoing JSON messages create an empty file at /Users/admin/datastructure/.metals/bsp.trace.json or /Users/admin/Library/Caches/org.scalameta.metals/bsp.trace.json
2025.02.17 17:07:50 INFO  no build target found for /Users/admin/datastructure/sortInWave.java. Using presentation compiler with project's scala-library version: 3.3.4
2025.02.17 17:07:50 WARN  Could not find semantic tokens for: file:///Users/admin/datastructure/sortInWave.scala
Feb 17, 2025 5:07:51 P.M. scala.meta.internal.pc.CompilerAccess handleError
SEVERE: A severe compiler error occurred, full details of the error can be found in the error report /Users/admin/datastructure/.metals/.reports/metals-full/2025-02-17/r_compiler-error_17-07-51-692.md
2025.02.17 17:07:53 INFO  no build target found for /Users/admin/datastructure/sortInWave.java. Using presentation compiler with project's scala-library version: 3.3.4
2025.02.17 17:07:53 INFO  Scala CLI: Starting compilation server
2025.02.17 17:07:53 INFO  no build target found for /Users/admin/datastructure/sortInWave.java. Using presentation compiler with project's scala-library version: 3.3.4
2025.02.17 17:07:53 INFO  no build target found for /Users/admin/datastructure/sortInWave.java. Using presentation compiler with project's scala-library version: 3.3.4
Feb 17, 2025 5:07:54 P.M. scala.meta.internal.pc.CompilerAccess handleError
SEVERE: A severe compiler error occurred, full details of the error can be found in the error report /Users/admin/datastructure/.metals/.reports/metals-full/2025-02-17/r_compiler-error_17-07-54-034.md
2025.02.17 17:07:55 INFO  Connected to Scala CLI server v1.6.1
2025.02.17 17:07:56 INFO  compiling datastructure_d5c0a6989e (1 scala source and 1 java source)
2025.02.17 17:07:58 INFO  time: compiled datastructure_d5c0a6989e in 1.73s
2025.02.17 17:07:58 INFO  compiling datastructure_d5c0a6989e (1 scala source and 1 java source)
2025.02.17 17:07:58 INFO  time: compiled datastructure_d5c0a6989e in 0.14s
2025.02.17 17:07:59 INFO  time: indexed workspace in 2.77s
2025.02.17 17:07:58 INFO  compiling datastructure_d5c0a6989e (1 scala source and 1 java source)
2025.02.17 17:07:59 INFO  time: compiled datastructure_d5c0a6989e in 0.13s
2025.02.17 17:07:59 INFO  Scala CLI started for /Users/admin/datastructure
2025.02.17 17:07:59 WARN  no build tool detected in workspace '/Users/admin/datastructure'. The most common cause for this problem is that the editor was opened in the wrong working directory, for example if you use sbt then the workspace directory should contain build.sbt. 
2025.02.17 17:07:59 WARN  Build server is not auto-connectable.
2025.02.17 17:07:59 INFO  compiling datastructure_d5c0a6989e (1 scala source and 1 java source)
2025.02.17 17:07:59 INFO  time: compiled datastructure_d5c0a6989e in 91ms
2025.02.17 17:07:59 INFO  compiling datastructure_d5c0a6989e (1 scala source and 1 java source)
2025.02.17 17:07:59 INFO  time: compiled datastructure_d5c0a6989e in 75ms
2025.02.17 17:08:24 WARN  Could not find semantic tokens for: file:///Users/admin/datastructure/sortInWave.scala
2025.02.17 17:08:27 WARN  Could not find semantic tokens for: file:///Users/admin/datastructure/sortInWave.scala
2025.02.17 17:08:28 WARN  Could not find semantic tokens for: file:///Users/admin/datastructure/sortInWave.scala
2025.02.17 17:09:05 INFO  compiling datastructure_d5c0a6989e (1 scala source and 1 java source)
2025.02.17 17:09:05 INFO  time: compiled datastructure_d5c0a6989e in 0.17s
2025.02.17 17:09:37 INFO  compiling datastructure_d5c0a6989e (1 scala source and 1 java source)
2025.02.17 17:09:37 INFO  time: compiled datastructure_d5c0a6989e in 0.28s
2025.02.17 17:09:40 INFO  compiling datastructure_d5c0a6989e (1 scala source and 1 java source)
2025.02.17 17:09:40 INFO  time: compiled datastructure_d5c0a6989e in 0.17s
2025.02.17 17:10:01 INFO  compiling datastructure_d5c0a6989e (1 scala source and 1 java source)
2025.02.17 17:10:01 INFO  time: compiled datastructure_d5c0a6989e in 0.15s
Feb 17, 2025 5:10:10 P.M. org.eclipse.lsp4j.jsonrpc.services.GenericEndpoint notify
WARNING: Unsupported notification method: metals/windowStateDidChange
Feb 17, 2025 5:10:20 P.M. org.eclipse.lsp4j.jsonrpc.services.GenericEndpoint notify
WARNING: Unsupported notification method: metals/windowStateDidChange
2025.02.17 17:10:30 INFO  compiling datastructure_d5c0a6989e (1 scala source and 1 java source)
2025.02.17 17:10:30 INFO  time: compiled datastructure_d5c0a6989e in 0.2s
2025.02.17 17:10:30 INFO  compiling datastructure_d5c0a6989e (1 scala source and 1 java source)
2025.02.17 17:10:30 INFO  time: compiled datastructure_d5c0a6989e in 0.18s
2025.02.17 17:10:53 INFO  compiling datastructure_d5c0a6989e (1 scala source and 1 java source)
2025.02.17 17:10:53 INFO  time: compiled datastructure_d5c0a6989e in 0.14s
2025.02.17 17:10:58 INFO  compiling datastructure_d5c0a6989e (1 scala source and 1 java source)
2025.02.17 17:10:58 INFO  time: compiled datastructure_d5c0a6989e in 0.13s
2025.02.17 17:10:58 INFO  compiling datastructure_d5c0a6989e (1 scala source and 1 java source)
2025.02.17 17:10:58 INFO  time: compiled datastructure_d5c0a6989e in 98ms
Feb 17, 2025 5:11:06 P.M. org.eclipse.lsp4j.jsonrpc.services.GenericEndpoint notify
WARNING: Unsupported notification method: metals/windowStateDidChange
Feb 17, 2025 5:11:06 P.M. org.eclipse.lsp4j.jsonrpc.services.GenericEndpoint notify
WARNING: Unsupported notification method: metals/windowStateDidChange
Feb 17, 2025 5:11:17 P.M. org.eclipse.lsp4j.jsonrpc.services.GenericEndpoint notify
WARNING: Unsupported notification method: metals/windowStateDidChange
Feb 17, 2025 5:11:20 P.M. org.eclipse.lsp4j.jsonrpc.services.GenericEndpoint notify
WARNING: Unsupported notification method: metals/windowStateDidChange
Feb 17, 2025 5:11:26 P.M. org.eclipse.lsp4j.jsonrpc.services.GenericEndpoint notify
WARNING: Unsupported notification method: metals/windowStateDidChange
Feb 17, 2025 5:11:30 P.M. org.eclipse.lsp4j.jsonrpc.services.GenericEndpoint notify
WARNING: Unsupported notification method: metals/windowStateDidChange
Feb 17, 2025 5:11:41 P.M. org.eclipse.lsp4j.jsonrpc.services.GenericEndpoint notify
WARNING: Unsupported notification method: metals/windowStateDidChange
Feb 17, 2025 5:11:42 P.M. org.eclipse.lsp4j.jsonrpc.services.GenericEndpoint notify
WARNING: Unsupported notification method: metals/windowStateDidChange
Feb 17, 2025 5:11:53 P.M. org.eclipse.lsp4j.jsonrpc.services.GenericEndpoint notify
WARNING: Unsupported notification method: metals/windowStateDidChange
Feb 17, 2025 5:11:54 P.M. org.eclipse.lsp4j.jsonrpc.services.GenericEndpoint notify
WARNING: Unsupported notification method: metals/windowStateDidChange
Feb 17, 2025 5:12:02 P.M. org.eclipse.lsp4j.jsonrpc.services.GenericEndpoint notify
WARNING: Unsupported notification method: metals/windowStateDidChange
Feb 17, 2025 5:12:03 P.M. org.eclipse.lsp4j.jsonrpc.services.GenericEndpoint notify
WARNING: Unsupported notification method: metals/windowStateDidChange
Feb 17, 2025 5:12:16 P.M. org.eclipse.lsp4j.jsonrpc.services.GenericEndpoint notify
WARNING: Unsupported notification method: metals/windowStateDidChange
Feb 17, 2025 5:12:19 P.M. org.eclipse.lsp4j.jsonrpc.services.GenericEndpoint notify
WARNING: Unsupported notification method: metals/windowStateDidChange
2025.02.17 17:14:14 INFO  compiling datastructure_d5c0a6989e (1 scala source and 1 java source)
2025.02.17 17:14:14 INFO  time: compiled datastructure_d5c0a6989e in 0.15s
Feb 17, 2025 5:15:00 P.M. org.eclipse.lsp4j.jsonrpc.services.GenericEndpoint notify
WARNING: Unsupported notification method: metals/windowStateDidChange
Feb 17, 2025 5:28:12 P.M. org.eclipse.lsp4j.jsonrpc.services.GenericEndpoint notify
WARNING: Unsupported notification method: metals/windowStateDidChange
2025.02.17 17:29:04 INFO  compiling datastructure_d5c0a6989e (1 scala source and 1 java source)
2025.02.17 17:29:04 INFO  time: compiled datastructure_d5c0a6989e in 0.22s
2025.02.17 17:29:09 INFO  compiling datastructure_d5c0a6989e (1 scala source and 1 java source)
2025.02.17 17:29:09 INFO  time: compiled datastructure_d5c0a6989e in 0.12s
2025.02.17 17:29:15 INFO  compiling datastructure_d5c0a6989e (1 scala source and 1 java source)
2025.02.17 17:29:15 INFO  time: compiled datastructure_d5c0a6989e in 92ms
2025.02.17 17:29:15 INFO  compiling datastructure_d5c0a6989e (1 scala source and 1 java source)
2025.02.17 17:29:15 INFO  time: compiled datastructure_d5c0a6989e in 83ms
2025.02.17 17:29:25 INFO  Shut down connection with build server.
java.util.concurrent.RejectedExecutionException: Task Future(<not completed>) rejected from java.util.concurrent.ThreadPoolExecutor@6574b225[Shutting down, pool size = 1, active threads = 1, queued tasks = 0, completed tasks = 16249]
	at java.base/java.util.concurrent.ThreadPoolExecutor$AbortPolicy.rejectedExecution(ThreadPoolExecutor.java:2081)
	at java.base/java.util.concurrent.ThreadPoolExecutor.reject(ThreadPoolExecutor.java:841)
	at java.base/java.util.concurrent.ThreadPoolExecutor.execute(ThreadPoolExecutor.java:1376)
	at scala.concurrent.impl.ExecutionContextImpl.execute(ExecutionContextImpl.scala:21)
	at scala.concurrent.impl.Promise$Transformation.submitWithValue(Promise.scala:429)
	at scala.concurrent.impl.Promise$DefaultPromise.submitWithValue(Promise.scala:338)
	at scala.concurrent.impl.Promise$DefaultPromise.tryComplete0(Promise.scala:285)
	at scala.concurrent.impl.Promise$Transformation.handleFailure(Promise.scala:444)
	at scala.concurrent.impl.Promise$Transformation.submitWithValue(Promise.scala:435)
	at scala.concurrent.impl.Promise$DefaultPromise.submitWithValue(Promise.scala:338)
	at scala.concurrent.impl.Promise$DefaultPromise.tryComplete0(Promise.scala:285)
	at scala.concurrent.impl.Promise$Transformation.handleFailure(Promise.scala:444)
	at scala.concurrent.impl.Promise$Transformation.run(Promise.scala:506)
	at java.base/java.util.concurrent.ThreadPoolExecutor.runWorker(ThreadPoolExecutor.java:1144)
	at java.base/java.util.concurrent.ThreadPoolExecutor$Worker.run(ThreadPoolExecutor.java:642)
	at java.base/java.lang.Thread.run(Thread.java:1589)
2025.02.17 17:29:31 INFO  Started: Metals version 1.5.1 in folders '/Users/admin/datastructure' for client Visual Studio Code 1.85.1.
2025.02.17 17:29:32 INFO  no build target found for /Users/admin/datastructure/sortInWave.scala. Using presentation compiler with project's scala-library version: 3.3.4
2025.02.17 17:29:34 INFO  no build target found for /Users/admin/datastructure/sortInWave.scala. Using presentation compiler with project's scala-library version: 3.3.4
2025.02.17 17:29:35 WARN  scala-cli >= 0.1.3 not found in PATH, fetching and starting a JVM-based Scala CLI
2025.02.17 17:29:36 WARN  no build target for: /Users/admin/datastructure/sortInWave.scala
2025.02.17 17:29:36 INFO  no build target found for /Users/admin/datastructure/sortInWave.scala. Using presentation compiler with project's scala-library version: 3.3.4
2025.02.17 17:29:37 INFO  no build target found for /Users/admin/datastructure/sortInWave.scala. Using presentation compiler with project's scala-library version: 3.3.4
2025.02.17 17:29:37 INFO  no build target found for /Users/admin/datastructure/sortInWave.scala. Using presentation compiler with project's scala-library version: 3.3.4
2025.02.17 17:29:37 INFO  no build target found for /Users/admin/datastructure/sortInWave.scala. Using presentation compiler with project's scala-library version: 3.3.4
2025.02.17 17:29:37 INFO  no build target found for /Users/admin/datastructure/sortInWave.scala. Using presentation compiler with project's scala-library version: 3.3.4
Feb 17, 2025 5:29:37 P.M. org.eclipse.lsp4j.jsonrpc.RemoteEndpoint handleCancellation
WARNING: Unmatched cancel notification for request id 10
Feb 17, 2025 5:29:37 P.M. org.eclipse.lsp4j.jsonrpc.RemoteEndpoint handleCancellation
WARNING: Unmatched cancel notification for request id 11
Feb 17, 2025 5:29:37 P.M. org.eclipse.lsp4j.jsonrpc.RemoteEndpoint handleCancellation
WARNING: Unmatched cancel notification for request id 12
2025.02.17 17:29:37 INFO  no build target found for /Users/admin/datastructure/sortInWave.scala. Using presentation compiler with project's scala-library version: 3.3.4
2025.02.17 17:29:37 INFO  no build target found for /Users/admin/datastructure/sortInWave.scala. Using presentation compiler with project's scala-library version: 3.3.4
2025.02.17 17:29:37 INFO  Running List(/Library/Java/JavaVirtualMachines/jdk-19.jdk/Contents/Home/bin/java, -cp, /Users/admin/Library/Caches/Coursier/v1/https/repo1.maven.org/maven2/org/virtuslab/scala-cli/cli_3/1.6.1/cli_3-1.6.1.jar:/Users/admin/Library/Caches/Coursier/v1/https/repo1.maven.org/maven2/com/github/alexarchambault/case-app_3/2.1.0-M29/case-app_3-2.1.0-M29.jar:/Users/admin/Library/Caches/Coursier/v1/https/repo1.maven.org/maven2/io/get-coursier/coursier-launcher_2.13/2.1.24/coursier-launcher_2.13-2.1.24.jar:/Users/admin/Library/Caches/Coursier/v1/https/repo1.maven.org/maven2/io/get-coursier/coursier-proxy-setup/2.1.24/coursier-proxy-setup-2.1.24.jar:/Users/admin/Library/Caches/Coursier/v1/https/repo1.maven.org/maven2/io/get-coursier/publish/publish_2.13/0.2.0/publish_2.13-0.2.0.jar:/Users/admin/Library/Caches/Coursier/v1/https/repo1.maven.org/maven2/com/google/jimfs/jimfs/1.3.0/jimfs-1.3.0.jar:/Users/admin/Library/Caches/Coursier/v1/https/repo1.maven.org/maven2/io/get-coursier/jniutils/windows-jni-utils/0.3.3/windows-jni-utils-0.3.3.jar:/Users/admin/Library/Caches/Coursier/v1/https/repo1.maven.org/maven2/com/github/plokhotnyuk/jsoniter-scala/jsoniter-scala-core_3/2.13.5.2/jsoniter-scala-core_3-2.13.5.2.jar:/Users/admin/Library/Caches/Coursier/v1/https/repo1.maven.org/maven2/org/virtuslab/scala-cli/libsodiumjni/0.0.4/libsodiumjni-0.0.4.jar:/Users/admin/Library/Caches/Coursier/v1/https/repo1.maven.org/maven2/org/scalameta/metaconfig-typesafe-config_3/0.14.0/metaconfig-typesafe-config_3-0.14.0.jar:/Users/admin/Library/Caches/Coursier/v1/https/repo1.maven.org/maven2/ai/kien/python-native-libs_3/0.2.4/python-native-libs_3-0.2.4.jar:/Users/admin/Library/Caches/Coursier/v1/https/repo1.maven.org/maven2/org/virtuslab/scala-packager_2.13/0.1.31/scala-packager_2.13-0.1.31.jar:/Users/admin/Library/Caches/Coursier/v1/https/repo1.maven.org/maven2/org/virtuslab/scala-cli-signing/cli_3/0.2.4/cli_3-0.2.4.jar:/Users/admin/Library/Caches/Coursier/v1/https/repo1.maven.org/maven2/org/slf4j/slf4j-nop/2.0.16/slf4j-nop-2.0.16.jar:/Users/admin/Library/Caches/Coursier/v1/https/repo1.maven.org/maven2/com/softwaremill/sttp/client3/core_2.13/3.10.2/core_2.13-3.10.2.jar:/Users/admin/Library/Caches/Coursier/v1/https/repo1.maven.org/maven2/ch/epfl/scala/scalafix-interfaces/0.14.0/scalafix-interfaces-0.14.0.jar:/Users/admin/Library/Caches/Coursier/v1/https/repo1.maven.org/maven2/org/scala-lang/scala3-library_3/3.3.4/scala3-library_3-3.3.4.jar:/Users/admin/Library/Caches/Coursier/v1/https/repo1.maven.org/maven2/org/virtuslab/scala-cli/build-module_3/1.6.1/build-module_3-1.6.1.jar:/Users/admin/Library/Caches/Coursier/v1/https/repo1.maven.org/maven2/org/virtuslab/scala-cli/config_3/1.6.1/config_3-1.6.1.jar:/Users/admin/Library/Caches/Coursier/v1/https/repo1.maven.org/maven2/org/virtuslab/scala-cli/scala3-graal_3/1.6.1/scala3-graal_3-1.6.1.jar:/Users/admin/Library/Caches/Coursier/v1/https/repo1.maven.org/maven2/org/virtuslab/scala-cli/specification-level_3/1.6.1/specification-level_3-1.6.1.jar:/Users/admin/Library/Caches/Coursier/v1/https/repo1.maven.org/maven2/com/lihaoyi/sourcecode_3/0.4.2/sourcecode_3-0.4.2.jar:/Users/admin/Library/Caches/Coursier/v1/https/repo1.maven.org/maven2/com/github/alexarchambault/case-app-annotations_3/2.1.0-M29/case-app-annotations_3-2.1.0-M29.jar:/Users/admin/Library/Caches/Coursier/v1/https/repo1.maven.org/maven2/com/github/alexarchambault/case-app-util_3/2.1.0-M29/case-app-util_3-2.1.0-M29.jar:/Users/admin/Library/Caches/Coursier/v1/https/repo1.maven.org/maven2/io/github/alexarchambault/scala-cli/tmp/zip-input-stream/0.1.1/zip-input-stream-0.1.1.jar:/Users/admin/Library/Caches/Coursier/v1/https/repo1.maven.org/maven2/org/scala-lang/scala-library/2.13.16/scala-library-2.13.16.jar:/Users/admin/Library/Caches/Coursier/v1/https/repo1.maven.org/maven2/io/get-coursier/coursier-cache_2.13/2.1.24/coursier-cache_2.13-2.1.24.jar:/Users/admin/Library/Caches/Coursier/v1/https/repo1.maven.org/maven2/io/get-coursier/coursier-core_2.13/2.1.24/coursier-core_2.13-2.1.24.jar:/Users/admin/Library/Caches/Coursier/v1/https/repo1.maven.org/maven2/com/google/guava/guava/33.4.0-jre/guava-33.4.0-jre.jar:/Users/admin/Library/Caches/Coursier/v1/https/repo1.maven.org/maven2/net/java/dev/jna/jna/5.13.0/jna-5.13.0.jar:/Users/admin/Library/Caches/Coursier/v1/https/repo1.maven.org/maven2/net/java/dev/jna/jna-platform/5.12.1/jna-platform-5.12.1.jar:/Users/admin/Library/Caches/Coursier/v1/https/repo1.maven.org/maven2/org/scalameta/metaconfig-core_3/0.14.0/metaconfig-core_3-0.14.0.jar:/Users/admin/Library/Caches/Coursier/v1/https/repo1.maven.org/maven2/com/typesafe/config/1.4.3/config-1.4.3.jar:/Users/admin/Library/Caches/Coursier/v1/https/repo1.maven.org/maven2/org/scala-lang/modules/scala-collection-compat_3/2.12.0/scala-collection-compat_3-2.12.0.jar:/Users/admin/Library/Caches/Coursier/v1/https/repo1.maven.org/maven2/commons-io/commons-io/2.18.0/commons-io-2.18.0.jar:/Users/admin/Library/Caches/Coursier/v1/https/repo1.maven.org/maven2/com/google/cloud/tools/jib-core/0.27.2/jib-core-0.27.2.jar:/Users/admin/Library/Caches/Coursier/v1/https/repo1.maven.org/maven2/org/bouncycastle/bcpg-jdk18on/1.78.1/bcpg-jdk18on-1.78.1.jar:/Users/admin/Library/Caches/Coursier/v1/https/repo1.maven.org/maven2/org/virtuslab/scala-cli-signing/shared_3/0.2.4/shared_3-0.2.4.jar:/Users/admin/Library/Caches/Coursier/v1/https/repo1.maven.org/maven2/org/slf4j/slf4j-api/2.0.16/slf4j-api-2.0.16.jar:/Users/admin/Library/Caches/Coursier/v1/https/repo1.maven.org/maven2/com/softwaremill/sttp/model/core_2.13/1.7.11/core_2.13-1.7.11.jar:/Users/admin/Library/Caches/Coursier/v1/https/repo1.maven.org/maven2/com/softwaremill/sttp/shared/core_2.13/1.3.22/core_2.13-1.3.22.jar:/Users/admin/Library/Caches/Coursier/v1/https/repo1.maven.org/maven2/com/softwaremill/sttp/shared/ws_2.13/1.3.22/ws_2.13-1.3.22.jar:/Users/admin/Library/Caches/Coursier/v1/https/repo1.maven.org/maven2/io/get-coursier/interface/1.0.26/interface-1.0.26.jar:/Users/admin/Library/Caches/Coursier/v1/https/repo1.maven.org/maven2/org/ow2/asm/asm/9.7.1/asm-9.7.1.jar:/Users/admin/Library/Caches/Coursier/v1/https/repo1.maven.org/maven2/org/virtuslab/scala-cli/java-class-name/java-class-name_3/0.1.4/java-class-name_3-0.1.4.jar:/Users/admin/Library/Caches/Coursier/v1/https/repo1.maven.org/maven2/org/scalameta/semanticdb-shared_2.13.16/4.9.9/semanticdb-shared_2.13.16-4.9.9.jar:/Users/admin/Library/Caches/Coursier/v1/https/repo1.maven.org/maven2/org/scala-native/test-runner_3/0.5.6/test-runner_3-0.5.6.jar:/Users/admin/Library/Caches/Coursier/v1/https/repo1.maven.org/maven2/com/lihaoyi/os-lib_3/0.11.3/os-lib_3-0.11.3.jar:/Users/admin/Library/Caches/Coursier/v1/https/repo1.maven.org/maven2/com/lihaoyi/pprint_3/0.9.0/pprint_3-0.9.0.jar:/Users/admin/Library/Caches/Coursier/v1/https/repo1.maven.org/maven2/org/scala-js/scalajs-env-nodejs_2.13/1.4.0/scalajs-env-nodejs_2.13-1.4.0.jar:/Users/admin/Library/Caches/Coursier/v1/https/repo1.maven.org/maven2/org/scala-js/scalajs-sbt-test-adapter_2.13/1.18.1/scalajs-sbt-test-adapter_2.13-1.18.1.jar:/Users/admin/Library/Caches/Coursier/v1/https/repo1.maven.org/maven2/com/swoval/file-tree-views/2.1.12/file-tree-views-2.1.12.jar:/Users/admin/Library/Caches/Coursier/v1/https/repo1.maven.org/maven2/org/virtuslab/scala-cli/zip-input-stream/zip-input-stream/0.1.2/zip-input-stream-0.1.2.jar:/Users/admin/Library/Caches/Coursier/v1/https/repo1.maven.org/maven2/org/virtuslab/scala-cli/options_3/1.6.1/options_3-1.6.1.jar:/Users/admin/Library/Caches/Coursier/v1/https/repo1.maven.org/maven2/org/virtuslab/scala-cli/directives_3/1.6.1/directives_3-1.6.1.jar:/Users/admin/Library/Caches/Coursier/v1/https/repo1.maven.org/maven2/org/virtuslab/scala-cli/scala-cli-bsp/1.6.1/scala-cli-bsp-1.6.1.jar:/Users/admin/Library/Caches/Coursier/v1/https/repo1.maven.org/maven2/org/virtuslab/scala-cli/test-runner_3/1.6.1/test-runner_3-1.6.1.jar:/Users/admin/Library/Caches/Coursier/v1/https/repo1.maven.org/maven2/org/virtuslab/scala-cli/tasty-lib_3/1.6.1/tasty-lib_3-1.6.1.jar:/Users/admin/Library/Caches/Coursier/v1/https/repo1.maven.org/maven2/io/github/alexarchambault/is-terminal/0.1.1/is-terminal-0.1.1.jar:/Users/admin/Library/Caches/Coursier/v1/https/repo1.maven.org/maven2/org/codehaus/plexus/plexus-archiver/4.10.0/plexus-archiver-4.10.0.jar:/Users/admin/Library/Caches/Coursier/v1/https/repo1.maven.org/maven2/org/codehaus/plexus/plexus-container-default/2.1.1/plexus-container-default-2.1.1.jar:/Users/admin/Library/Caches/Coursier/v1/https/repo1.maven.org/maven2/io/github/alexarchambault/windows-ansi/windows-ansi/0.0.6/windows-ansi-0.0.6.jar:/Users/admin/Library/Caches/Coursier/v1/https/repo1.maven.org/maven2/io/get-coursier/cache-util/2.1.24/cache-util-2.1.24.jar:/Users/admin/Library/Caches/Coursier/v1/https/repo1.maven.org/maven2/io/get-coursier/coursier-util_2.13/2.1.24/coursier-util_2.13-2.1.24.jar:/Users/admin/Library/Caches/Coursier/v1/https/repo1.maven.org/maven2/io/github/alexarchambault/concurrent-reference-hash-map/1.1.0/concurrent-reference-hash-map-1.1.0.jar:/Users/admin/Library/Caches/Coursier/v1/https/repo1.maven.org/maven2/org/scala-lang/modules/scala-xml_2.13/2.3.0/scala-xml_2.13-2.3.0.jar:/Users/admin/Library/Caches/Coursier/v1/https/repo1.maven.org/maven2/com/google/guava/failureaccess/1.0.2/failureaccess-1.0.2.jar:/Users/admin/Library/Caches/Coursier/v1/https/repo1.maven.org/maven2/com/google/guava/listenablefuture/9999.0-empty-to-avoid-conflict-with-guava/listenablefuture-9999.0-empty-to-avoid-conflict-with-guava.jar:/Users/admin/Library/Caches/Coursier/v1/https/repo1.maven.org/maven2/com/google/code/findbugs/jsr305/3.0.2/jsr305-3.0.2.jar:/Users/admin/Library/Caches/Coursier/v1/https/repo1.maven.org/maven2/org/checkerframework/checker-qual/3.43.0/checker-qual-3.43.0.jar:/Users/admin/Library/Caches/Coursier/v1/https/repo1.maven.org/maven2/com/google/errorprone/error_prone_annotations/2.36.0/error_prone_annotations-2.36.0.jar:/Users/admin/Library/Caches/Coursier/v1/https/repo1.maven.org/maven2/com/google/j2objc/j2objc-annotations/3.0.0/j2objc-annotations-3.0.0.jar:/Users/admin/Library/Caches/Coursier/v1/https/repo1.maven.org/maven2/org/scalameta/metaconfig-pprint_3/0.14.0/metaconfig-pprint_3-0.14.0.jar:/Users/admin/Library/Caches/Coursier/v1/https/repo1.maven.org/maven2/org/typelevel/paiges-core_3/0.4.4/paiges-core_3-0.4.4.jar:/Users/admin/Library/Caches/Coursier/v1/https/repo1.maven.org/maven2/org/scala-lang/scala-reflect/2.13.15/scala-reflect-2.13.15.jar:/Users/admin/Library/Caches/Coursier/v1/https/repo1.maven.org/maven2/com/google/cloud/tools/jib-build-plan/0.4.0/jib-build-plan-0.4.0.jar:/Users/admin/Library/Caches/Coursier/v1/https/repo1.maven.org/maven2/com/google/http-client/google-http-client/1.42.2/google-http-client-1.42.2.jar:/Users/admin/Library/Caches/Coursier/v1/https/repo1.maven.org/maven2/com/google/http-client/google-http-client-apache-v2/1.42.2/google-http-client-apache-v2-1.42.2.jar:/Users/admin/Library/Caches/Coursier/v1/https/repo1.maven.org/maven2/com/google/auth/google-auth-library-oauth2-http/1.10.0/google-auth-library-oauth2-http-1.10.0.jar:/Users/admin/Library/Caches/Coursier/v1/https/repo1.maven.org/maven2/org/apache/commons/commons-compress/1.26.2/commons-compress-1.26.2.jar:/Users/admin/Library/Caches/Coursier/v1/https/repo1.maven.org/maven2/com/fasterxml/jackson/core/jackson-databind/2.15.2/jackson-databind-2.15.2.jar:/Users/admin/Library/Caches/Coursier/v1/https/repo1.maven.org/maven2/com/fasterxml/jackson/datatype/jackson-datatype-jsr310/2.15.2/jackson-datatype-jsr310-2.15.2.jar:/Users/admin/Library/Caches/Coursier/v1/https/repo1.maven.org/maven2/org/bouncycastle/bcprov-jdk18on/1.78.1/bcprov-jdk18on-1.78.1.jar:/Users/admin/Library/Caches/Coursier/v1/https/repo1.maven.org/maven2/org/bouncycastle/bcutil-jdk18on/1.78.1/bcutil-jdk18on-1.78.1.jar:/Users/admin/Library/Caches/Coursier/v1/https/repo1.maven.org/maven2/org/scala-lang/scala3-compiler_3/3.3.4/scala3-compiler_3-3.3.4.jar:/Users/admin/Library/Caches/Coursier/v1/https/repo1.maven.org/maven2/org/scalameta/scalameta_2.13/4.9.9/scalameta_2.13-4.9.9.jar:/Users/admin/Library/Caches/Coursier/v1/https/repo1.maven.org/maven2/com/thesamet/scalapb/scalapb-runtime_2.13/0.11.17/scalapb-runtime_2.13-0.11.17.jar:/Users/admin/Library/Caches/Coursier/v1/https/repo1.maven.org/maven2/org/scala-native/tools_3/0.5.6/tools_3-0.5.6.jar:/Users/admin/Library/Caches/Coursier/v1/https/repo1.maven.org/maven2/org/scala-sbt/test-interface/1.0/test-interface-1.0.jar:/Users/admin/Library/Caches/Coursier/v1/https/repo1.maven.org/maven2/com/github/sbt/junit-interface/0.13.3/junit-interface-0.13.3.jar:/Users/admin/Library/Caches/Coursier/v1/https/repo1.maven.org/maven2/junit/junit/4.13.2/junit-4.13.2.jar:/Users/admin/Library/Caches/Coursier/v1/https/repo1.maven.org/maven2/com/lihaoyi/geny_3/1.1.1/geny_3-1.1.1.jar:/Users/admin/Library/Caches/Coursier/v1/https/repo1.maven.org/maven2/com/lihaoyi/fansi_3/0.5.0/fansi_3-0.5.0.jar:/Users/admin/Library/Caches/Coursier/v1/https/repo1.maven.org/maven2/org/scala-js/scalajs-js-envs_2.13/1.4.0/scalajs-js-envs_2.13-1.4.0.jar:/Users/admin/Library/Caches/Coursier/v1/https/repo1.maven.org/maven2/ch/epfl/scala/bloop-config_2.13/2.3.1/bloop-config_2.13-2.3.1.jar:/Users/admin/Library/Caches/Coursier/v1/https/repo1.maven.org/maven2/org/virtuslab/scala-cli/core_3/1.6.1/core_3-1.6.1.jar:/Users/admin/Library/Caches/Coursier/v1/https/repo1.maven.org/maven2/org/virtuslab/using_directives/1.1.4/using_directives-1.1.4.jar:/Users/admin/Library/Caches/Coursier/v1/https/repo1.maven.org/maven2/org/virtuslab/scala-cli/build-macros_3/1.6.1/build-macros_3-1.6.1.jar:/Users/admin/Library/Caches/Coursier/v1/https/repo1.maven.org/maven2/ch/epfl/scala/bsp4j/2.1.1/bsp4j-2.1.1.jar:/Users/admin/Library/Caches/Coursier/v1/https/repo1.maven.org/maven2/javax/inject/javax.inject/1/javax.inject-1.jar:/Users/admin/Library/Caches/Coursier/v1/https/repo1.maven.org/maven2/org/codehaus/plexus/plexus-utils/4.0.1/plexus-utils-4.0.1.jar:/Users/admin/Library/Caches/Coursier/v1/https/repo1.maven.org/maven2/org/codehaus/plexus/plexus-io/3.5.0/plexus-io-3.5.0.jar:/Users/admin/Library/Caches/Coursier/v1/https/repo1.maven.org/maven2/io/airlift/aircompressor/0.27/aircompressor-0.27.jar:/Users/admin/Library/Caches/Coursier/v1/https/repo1.maven.org/maven2/org/tukaani/xz/1.9/xz-1.9.jar:/Users/admin/Library/Caches/Coursier/v1/https/repo1.maven.org/maven2/com/github/luben/zstd-jni/1.5.6-3/zstd-jni-1.5.6-3.jar:/Users/admin/Library/Caches/Coursier/v1/https/repo1.maven.org/maven2/org/codehaus/plexus/plexus-classworlds/2.6.0/plexus-classworlds-2.6.0.jar:/Users/admin/Library/Caches/Coursier/v1/https/repo1.maven.org/maven2/org/apache/xbean/xbean-reflect/3.7/xbean-reflect-3.7.jar:/Users/admin/Library/Caches/Coursier/v1/https/repo1.maven.org/maven2/org/fusesource/jansi/jansi/2.4.1/jansi-2.4.1.jar:/Users/admin/Library/Caches/Coursier/v1/https/repo1.maven.org/maven2/org/apache/httpcomponents/httpclient/4.5.13/httpclient-4.5.13.jar:/Users/admin/Library/Caches/Coursier/v1/https/repo1.maven.org/maven2/org/apache/httpcomponents/httpcore/4.4.15/httpcore-4.4.15.jar:/Users/admin/Library/Caches/Coursier/v1/https/repo1.maven.org/maven2/io/opencensus/opencensus-api/0.31.1/opencensus-api-0.31.1.jar:/Users/admin/Library/Caches/Coursier/v1/https/repo1.maven.org/maven2/io/opencensus/opencensus-contrib-http-util/0.31.1/opencensus-contrib-http-util-0.31.1.jar:/Users/admin/Library/Caches/Coursier/v1/https/repo1.maven.org/maven2/com/google/auto/value/auto-value-annotations/1.9/auto-value-annotations-1.9.jar:/Users/admin/Library/Caches/Coursier/v1/https/repo1.maven.org/maven2/com/google/auth/google-auth-library-credentials/1.10.0/google-auth-library-credentials-1.10.0.jar:/Users/admin/Library/Caches/Coursier/v1/https/repo1.maven.org/maven2/com/google/http-client/google-http-client-gson/1.42.2/google-http-client-gson-1.42.2.jar:/Users/admin/Library/Caches/Coursier/v1/https/repo1.maven.org/maven2/commons-codec/commons-codec/1.17.0/commons-codec-1.17.0.jar:/Users/admin/Library/Caches/Coursier/v1/https/repo1.maven.org/maven2/org/apache/commons/commons-lang3/3.14.0/commons-lang3-3.14.0.jar:/Users/admin/Library/Caches/Coursier/v1/https/repo1.maven.org/maven2/com/fasterxml/jackson/core/jackson-annotations/2.15.2/jackson-annotations-2.15.2.jar:/Users/admin/Library/Caches/Coursier/v1/https/repo1.maven.org/maven2/com/fasterxml/jackson/core/jackson-core/2.15.2/jackson-core-2.15.2.jar:/Users/admin/Library/Caches/Coursier/v1/https/repo1.maven.org/maven2/org/scala-lang/scala3-interfaces/3.3.4/scala3-interfaces-3.3.4.jar:/Users/admin/Library/Caches/Coursier/v1/https/repo1.maven.org/maven2/org/scala-lang/tasty-core_3/3.3.4/tasty-core_3-3.3.4.jar:/Users/admin/Library/Caches/Coursier/v1/https/repo1.maven.org/maven2/org/scala-lang/modules/scala-asm/9.6.0-scala-1/scala-asm-9.6.0-scala-1.jar:/Users/admin/Library/Caches/Coursier/v1/https/repo1.maven.org/maven2/org/scala-sbt/compiler-interface/1.9.6/compiler-interface-1.9.6.jar:/Users/admin/Library/Caches/Coursier/v1/https/repo1.maven.org/maven2/org/scalameta/parsers_2.13/4.9.9/parsers_2.13-4.9.9.jar:/Users/admin/Library/Caches/Coursier/v1/https/repo1.maven.org/maven2/org/scala-lang/scalap/2.13.11/scalap-2.13.11.jar:/Users/admin/Library/Caches/Coursier/v1/https/repo1.maven.org/maven2/com/thesamet/scalapb/lenses_2.13/0.11.17/lenses_2.13-0.11.17.jar:/Users/admin/Library/Caches/Coursier/v1/https/repo1.maven.org/maven2/com/google/protobuf/protobuf-java/3.19.6/protobuf-java-3.19.6.jar:/Users/admin/Library/Caches/Coursier/v1/https/repo1.maven.org/maven2/org/scala-native/nir_3/0.5.6/nir_3-0.5.6.jar:/Users/admin/Library/Caches/Coursier/v1/https/repo1.maven.org/maven2/org/scala-native/util_3/0.5.6/util_3-0.5.6.jar:/Users/admin/Library/Caches/Coursier/v1/https/repo1.maven.org/maven2/org/hamcrest/hamcrest-core/1.3/hamcrest-core-1.3.jar:/Users/admin/Library/Caches/Coursier/v1/https/repo1.maven.org/maven2/org/scala-js/scalajs-logging_2.13/1.1.1/scalajs-logging_2.13-1.1.1.jar:/Users/admin/Library/Caches/Coursier/v1/https/repo1.maven.org/maven2/com/lihaoyi/unroll-annotation_2.13/0.1.12/unroll-annotation_2.13-0.1.12.jar:/Users/admin/Library/Caches/Coursier/v1/https/repo1.maven.org/maven2/ch/epfl/scala/bloop-rifle_2.13/2.0.8/bloop-rifle_2.13-2.0.8.jar:/Users/admin/Library/Caches/Coursier/v1/https/repo1.maven.org/maven2/io/get-coursier/coursier-jvm_2.13/2.1.24/coursier-jvm_2.13-2.1.24.jar:/Users/admin/Library/Caches/Coursier/v1/https/repo1.maven.org/maven2/io/get-coursier/dependency_3/0.3.2/dependency_3-0.3.2.jar:/Users/admin/Library/Caches/Coursier/v1/https/repo1.maven.org/maven2/org/eclipse/jgit/org.eclipse.jgit/6.8.0.202311291450-r/org.eclipse.jgit-6.8.0.202311291450-r.jar:/Users/admin/Library/Caches/Coursier/v1/https/repo1.maven.org/maven2/org/scala-js/scalajs-env-jsdom-nodejs_2.13/1.1.0/scalajs-env-jsdom-nodejs_2.13-1.1.0.jar:/Users/admin/Library/Caches/Coursier/v1/https/repo1.maven.org/maven2/org/eclipse/lsp4j/org.eclipse.lsp4j.generator/0.20.1/org.eclipse.lsp4j.generator-0.20.1.jar:/Users/admin/Library/Caches/Coursier/v1/https/repo1.maven.org/maven2/org/eclipse/lsp4j/org.eclipse.lsp4j.jsonrpc/0.20.1/org.eclipse.lsp4j.jsonrpc-0.20.1.jar:/Users/admin/Library/Caches/Coursier/v1/https/repo1.maven.org/maven2/commons-logging/commons-logging/1.2/commons-logging-1.2.jar:/Users/admin/Library/Caches/Coursier/v1/https/repo1.maven.org/maven2/io/grpc/grpc-context/1.27.2/grpc-context-1.27.2.jar:/Users/admin/Library/Caches/Coursier/v1/https/repo1.maven.org/maven2/com/google/code/gson/gson/2.10.1/gson-2.10.1.jar:/Users/admin/Library/Caches/Coursier/v1/https/repo1.maven.org/maven2/org/scala-sbt/util-interface/1.9.8/util-interface-1.9.8.jar:/Users/admin/Library/Caches/Coursier/v1/https/repo1.maven.org/maven2/org/scalameta/trees_2.13/4.9.9/trees_2.13-4.9.9.jar:/Users/admin/Library/Caches/Coursier/v1/https/repo1.maven.org/maven2/org/scala-lang/scala-compiler/2.13.11/scala-compiler-2.13.11.jar:/Users/admin/Library/Caches/Coursier/v1/https/repo1.maven.org/maven2/ch/epfl/scala/libdaemon_2.13/0.0.12/libdaemon_2.13-0.0.12.jar:/Users/admin/Library/Caches/Coursier/v1/https/repo1.maven.org/maven2/io/github/alexarchambault/scala-cli/snailgun/snailgun-core_2.13/0.4.1-sc2/snailgun-core_2.13-0.4.1-sc2.jar:/Users/admin/Library/Caches/Coursier/v1/https/repo1.maven.org/maven2/io/get-coursier/coursier_2.13/2.1.24/coursier_2.13-2.1.24.jar:/Users/admin/Library/Caches/Coursier/v1/https/repo1.maven.org/maven2/io/get-coursier/coursier-env_2.13/2.1.24/coursier-env_2.13-2.1.24.jar:/Users/admin/Library/Caches/Coursier/v1/https/repo1.maven.org/maven2/com/googlecode/javaewah/JavaEWAH/1.2.3/JavaEWAH-1.2.3.jar:/Users/admin/Library/Caches/Coursier/v1/https/repo1.maven.org/maven2/org/eclipse/xtend/org.eclipse.xtend.lib/2.28.0/org.eclipse.xtend.lib-2.28.0.jar:/Users/admin/Library/Caches/Coursier/v1/https/repo1.maven.org/maven2/org/scalameta/common_2.13/4.9.9/common_2.13-4.9.9.jar:/Users/admin/Library/Caches/Coursier/v1/https/repo1.maven.org/maven2/io/github/java-diff-utils/java-diff-utils/4.12/java-diff-utils-4.12.jar:/Users/admin/Library/Caches/Coursier/v1/https/repo1.maven.org/maven2/io/get-coursier/dependency_2.13/0.3.2/dependency_2.13-0.3.2.jar:/Users/admin/Library/Caches/Coursier/v1/https/repo1.maven.org/maven2/org/eclipse/xtext/org.eclipse.xtext.xbase.lib/2.28.0/org.eclipse.xtext.xbase.lib-2.28.0.jar:/Users/admin/Library/Caches/Coursier/v1/https/repo1.maven.org/maven2/org/eclipse/xtend/org.eclipse.xtend.lib.macro/2.28.0/org.eclipse.xtend.lib.macro-2.28.0.jar, scala.cli.ScalaCli, bsp, /Users/admin/datastructure)
2025.02.17 17:29:37 INFO  tracing is disabled for protocol BSP, to enable tracing of incoming and outgoing JSON messages create an empty file at /Users/admin/datastructure/.metals/bsp.trace.json or /Users/admin/Library/Caches/org.scalameta.metals/bsp.trace.json
2025.02.17 17:29:38 INFO  no build target found for /Users/admin/datastructure/sortInWave.scala. Using presentation compiler with project's scala-library version: 3.3.4
Feb 17, 2025 5:29:39 P.M. org.eclipse.lsp4j.jsonrpc.services.GenericEndpoint notify
INFO: Unsupported notification method: $/setTrace
2025.02.17 17:29:39 INFO  no build target found for /Users/admin/datastructure/sortInWave.scala. Using presentation compiler with project's scala-library version: 3.3.4
2025.02.17 17:29:43 INFO  Connected to Scala CLI server v1.6.1
2025.02.17 17:29:43 INFO  compiling datastructure_d5c0a6989e (1 scala source and 1 java source)
2025.02.17 17:29:43 INFO  time: compiled datastructure_d5c0a6989e in 0.48s
2025.02.17 17:29:43 INFO  compiling datastructure_d5c0a6989e (1 scala source and 1 java source)
2025.02.17 17:29:43 INFO  time: compiled datastructure_d5c0a6989e in 0.27s
2025.02.17 17:29:45 INFO  time: indexed workspace in 2.28s
2025.02.17 17:29:46 INFO  compiling datastructure_d5c0a6989e (1 scala source and 1 java source)
2025.02.17 17:29:46 INFO  time: compiled datastructure_d5c0a6989e in 0.3s
2025.02.17 17:29:46 INFO  Scala CLI started for /Users/admin/datastructure
2025.02.17 17:29:46 WARN  no build tool detected in workspace '/Users/admin/datastructure'. The most common cause for this problem is that the editor was opened in the wrong working directory, for example if you use sbt then the workspace directory should contain build.sbt. 
2025.02.17 17:29:46 WARN  Build server is not auto-connectable.
2025.02.17 17:29:46 INFO  compiling datastructure_d5c0a6989e (1 scala source and 1 java source)
2025.02.17 17:29:46 INFO  time: compiled datastructure_d5c0a6989e in 0.13s
2025.02.17 17:29:46 INFO  compiling datastructure_d5c0a6989e (1 scala source and 1 java source)
2025.02.17 17:29:47 INFO  time: compiled datastructure_d5c0a6989e in 0.15s
Feb 17, 2025 5:30:36 P.M. org.eclipse.lsp4j.jsonrpc.services.GenericEndpoint notify
WARNING: Unsupported notification method: metals/windowStateDidChange
Feb 17, 2025 5:30:56 P.M. org.eclipse.lsp4j.jsonrpc.services.GenericEndpoint notify
WARNING: Unsupported notification method: metals/windowStateDidChange
Feb 17, 2025 5:31:00 P.M. org.eclipse.lsp4j.jsonrpc.services.GenericEndpoint notify
WARNING: Unsupported notification method: metals/windowStateDidChange
Feb 17, 2025 5:31:22 P.M. org.eclipse.lsp4j.jsonrpc.services.GenericEndpoint notify
WARNING: Unsupported notification method: metals/windowStateDidChange
2025.02.17 18:10:25 INFO  Shut down connection with build server.
java.util.concurrent.RejectedExecutionException: Task Future(<not completed>) rejected from java.util.concurrent.ThreadPoolExecutor@6574b225[Shutting down, pool size = 1, active threads = 1, queued tasks = 0, completed tasks = 1353]
	at java.base/java.util.concurrent.ThreadPoolExecutor$AbortPolicy.rejectedExecution(ThreadPoolExecutor.java:2081)
	at java.base/java.util.concurrent.ThreadPoolExecutor.reject(ThreadPoolExecutor.java:841)
	at java.base/java.util.concurrent.ThreadPoolExecutor.execute(ThreadPoolExecutor.java:1376)
	at scala.concurrent.impl.ExecutionContextImpl.execute(ExecutionContextImpl.scala:21)
	at scala.concurrent.impl.Promise$Transformation.submitWithValue(Promise.scala:429)
	at scala.concurrent.impl.Promise$DefaultPromise.submitWithValue(Promise.scala:338)
	at scala.concurrent.impl.Promise$DefaultPromise.tryComplete0(Promise.scala:285)
	at scala.concurrent.impl.Promise$Transformation.handleFailure(Promise.scala:444)
	at scala.concurrent.impl.Promise$Transformation.submitWithValue(Promise.scala:435)
	at scala.concurrent.impl.Promise$DefaultPromise.submitWithValue(Promise.scala:338)
	at scala.concurrent.impl.Promise$DefaultPromise.tryComplete0(Promise.scala:285)
	at scala.concurrent.impl.Promise$Transformation.handleFailure(Promise.scala:444)
	at scala.concurrent.impl.Promise$Transformation.run(Promise.scala:506)
	at java.base/java.util.concurrent.ThreadPoolExecutor.runWorker(ThreadPoolExecutor.java:1144)
	at java.base/java.util.concurrent.ThreadPoolExecutor$Worker.run(ThreadPoolExecutor.java:642)
	at java.base/java.lang.Thread.run(Thread.java:1589)
2025.02.17 18:10:31 INFO  Started: Metals version 1.5.1 in folders '/Users/admin/datastructure' for client Visual Studio Code 1.85.1.
2025.02.17 18:10:32 INFO  no build target found for /Users/admin/datastructure/sortInWave.scala. Using presentation compiler with project's scala-library version: 3.3.4
Feb 17, 2025 6:10:33 P.M. org.eclipse.lsp4j.jsonrpc.RemoteEndpoint handleCancellation
WARNING: Unmatched cancel notification for request id 1
Feb 17, 2025 6:10:33 P.M. org.eclipse.lsp4j.jsonrpc.RemoteEndpoint handleCancellation
WARNING: Unmatched cancel notification for request id 2
2025.02.17 18:10:32 INFO  no build target found for /Users/admin/datastructure/sortInWave.scala. Using presentation compiler with project's scala-library version: 3.3.4
Feb 17, 2025 6:10:33 P.M. org.eclipse.lsp4j.jsonrpc.RemoteEndpoint handleCancellation
WARNING: Unmatched cancel notification for request id 3
2025.02.17 18:10:33 INFO  no build target found for /Users/admin/datastructure/sortInWave.scala. Using presentation compiler with project's scala-library version: 3.3.4
2025.02.17 18:10:34 WARN  scala-cli >= 0.1.3 not found in PATH, fetching and starting a JVM-based Scala CLI
2025.02.17 18:10:35 INFO  Running List(/Library/Java/JavaVirtualMachines/jdk-19.jdk/Contents/Home/bin/java, -cp, /Users/admin/Library/Caches/Coursier/v1/https/repo1.maven.org/maven2/org/virtuslab/scala-cli/cli_3/1.6.1/cli_3-1.6.1.jar:/Users/admin/Library/Caches/Coursier/v1/https/repo1.maven.org/maven2/com/github/alexarchambault/case-app_3/2.1.0-M29/case-app_3-2.1.0-M29.jar:/Users/admin/Library/Caches/Coursier/v1/https/repo1.maven.org/maven2/io/get-coursier/coursier-launcher_2.13/2.1.24/coursier-launcher_2.13-2.1.24.jar:/Users/admin/Library/Caches/Coursier/v1/https/repo1.maven.org/maven2/io/get-coursier/coursier-proxy-setup/2.1.24/coursier-proxy-setup-2.1.24.jar:/Users/admin/Library/Caches/Coursier/v1/https/repo1.maven.org/maven2/io/get-coursier/publish/publish_2.13/0.2.0/publish_2.13-0.2.0.jar:/Users/admin/Library/Caches/Coursier/v1/https/repo1.maven.org/maven2/com/google/jimfs/jimfs/1.3.0/jimfs-1.3.0.jar:/Users/admin/Library/Caches/Coursier/v1/https/repo1.maven.org/maven2/io/get-coursier/jniutils/windows-jni-utils/0.3.3/windows-jni-utils-0.3.3.jar:/Users/admin/Library/Caches/Coursier/v1/https/repo1.maven.org/maven2/com/github/plokhotnyuk/jsoniter-scala/jsoniter-scala-core_3/2.13.5.2/jsoniter-scala-core_3-2.13.5.2.jar:/Users/admin/Library/Caches/Coursier/v1/https/repo1.maven.org/maven2/org/virtuslab/scala-cli/libsodiumjni/0.0.4/libsodiumjni-0.0.4.jar:/Users/admin/Library/Caches/Coursier/v1/https/repo1.maven.org/maven2/org/scalameta/metaconfig-typesafe-config_3/0.14.0/metaconfig-typesafe-config_3-0.14.0.jar:/Users/admin/Library/Caches/Coursier/v1/https/repo1.maven.org/maven2/ai/kien/python-native-libs_3/0.2.4/python-native-libs_3-0.2.4.jar:/Users/admin/Library/Caches/Coursier/v1/https/repo1.maven.org/maven2/org/virtuslab/scala-packager_2.13/0.1.31/scala-packager_2.13-0.1.31.jar:/Users/admin/Library/Caches/Coursier/v1/https/repo1.maven.org/maven2/org/virtuslab/scala-cli-signing/cli_3/0.2.4/cli_3-0.2.4.jar:/Users/admin/Library/Caches/Coursier/v1/https/repo1.maven.org/maven2/org/slf4j/slf4j-nop/2.0.16/slf4j-nop-2.0.16.jar:/Users/admin/Library/Caches/Coursier/v1/https/repo1.maven.org/maven2/com/softwaremill/sttp/client3/core_2.13/3.10.2/core_2.13-3.10.2.jar:/Users/admin/Library/Caches/Coursier/v1/https/repo1.maven.org/maven2/ch/epfl/scala/scalafix-interfaces/0.14.0/scalafix-interfaces-0.14.0.jar:/Users/admin/Library/Caches/Coursier/v1/https/repo1.maven.org/maven2/org/scala-lang/scala3-library_3/3.3.4/scala3-library_3-3.3.4.jar:/Users/admin/Library/Caches/Coursier/v1/https/repo1.maven.org/maven2/org/virtuslab/scala-cli/build-module_3/1.6.1/build-module_3-1.6.1.jar:/Users/admin/Library/Caches/Coursier/v1/https/repo1.maven.org/maven2/org/virtuslab/scala-cli/config_3/1.6.1/config_3-1.6.1.jar:/Users/admin/Library/Caches/Coursier/v1/https/repo1.maven.org/maven2/org/virtuslab/scala-cli/scala3-graal_3/1.6.1/scala3-graal_3-1.6.1.jar:/Users/admin/Library/Caches/Coursier/v1/https/repo1.maven.org/maven2/org/virtuslab/scala-cli/specification-level_3/1.6.1/specification-level_3-1.6.1.jar:/Users/admin/Library/Caches/Coursier/v1/https/repo1.maven.org/maven2/com/lihaoyi/sourcecode_3/0.4.2/sourcecode_3-0.4.2.jar:/Users/admin/Library/Caches/Coursier/v1/https/repo1.maven.org/maven2/com/github/alexarchambault/case-app-annotations_3/2.1.0-M29/case-app-annotations_3-2.1.0-M29.jar:/Users/admin/Library/Caches/Coursier/v1/https/repo1.maven.org/maven2/com/github/alexarchambault/case-app-util_3/2.1.0-M29/case-app-util_3-2.1.0-M29.jar:/Users/admin/Library/Caches/Coursier/v1/https/repo1.maven.org/maven2/io/github/alexarchambault/scala-cli/tmp/zip-input-stream/0.1.1/zip-input-stream-0.1.1.jar:/Users/admin/Library/Caches/Coursier/v1/https/repo1.maven.org/maven2/org/scala-lang/scala-library/2.13.16/scala-library-2.13.16.jar:/Users/admin/Library/Caches/Coursier/v1/https/repo1.maven.org/maven2/io/get-coursier/coursier-cache_2.13/2.1.24/coursier-cache_2.13-2.1.24.jar:/Users/admin/Library/Caches/Coursier/v1/https/repo1.maven.org/maven2/io/get-coursier/coursier-core_2.13/2.1.24/coursier-core_2.13-2.1.24.jar:/Users/admin/Library/Caches/Coursier/v1/https/repo1.maven.org/maven2/com/google/guava/guava/33.4.0-jre/guava-33.4.0-jre.jar:/Users/admin/Library/Caches/Coursier/v1/https/repo1.maven.org/maven2/net/java/dev/jna/jna/5.13.0/jna-5.13.0.jar:/Users/admin/Library/Caches/Coursier/v1/https/repo1.maven.org/maven2/net/java/dev/jna/jna-platform/5.12.1/jna-platform-5.12.1.jar:/Users/admin/Library/Caches/Coursier/v1/https/repo1.maven.org/maven2/org/scalameta/metaconfig-core_3/0.14.0/metaconfig-core_3-0.14.0.jar:/Users/admin/Library/Caches/Coursier/v1/https/repo1.maven.org/maven2/com/typesafe/config/1.4.3/config-1.4.3.jar:/Users/admin/Library/Caches/Coursier/v1/https/repo1.maven.org/maven2/org/scala-lang/modules/scala-collection-compat_3/2.12.0/scala-collection-compat_3-2.12.0.jar:/Users/admin/Library/Caches/Coursier/v1/https/repo1.maven.org/maven2/commons-io/commons-io/2.18.0/commons-io-2.18.0.jar:/Users/admin/Library/Caches/Coursier/v1/https/repo1.maven.org/maven2/com/google/cloud/tools/jib-core/0.27.2/jib-core-0.27.2.jar:/Users/admin/Library/Caches/Coursier/v1/https/repo1.maven.org/maven2/org/bouncycastle/bcpg-jdk18on/1.78.1/bcpg-jdk18on-1.78.1.jar:/Users/admin/Library/Caches/Coursier/v1/https/repo1.maven.org/maven2/org/virtuslab/scala-cli-signing/shared_3/0.2.4/shared_3-0.2.4.jar:/Users/admin/Library/Caches/Coursier/v1/https/repo1.maven.org/maven2/org/slf4j/slf4j-api/2.0.16/slf4j-api-2.0.16.jar:/Users/admin/Library/Caches/Coursier/v1/https/repo1.maven.org/maven2/com/softwaremill/sttp/model/core_2.13/1.7.11/core_2.13-1.7.11.jar:/Users/admin/Library/Caches/Coursier/v1/https/repo1.maven.org/maven2/com/softwaremill/sttp/shared/core_2.13/1.3.22/core_2.13-1.3.22.jar:/Users/admin/Library/Caches/Coursier/v1/https/repo1.maven.org/maven2/com/softwaremill/sttp/shared/ws_2.13/1.3.22/ws_2.13-1.3.22.jar:/Users/admin/Library/Caches/Coursier/v1/https/repo1.maven.org/maven2/io/get-coursier/interface/1.0.26/interface-1.0.26.jar:/Users/admin/Library/Caches/Coursier/v1/https/repo1.maven.org/maven2/org/ow2/asm/asm/9.7.1/asm-9.7.1.jar:/Users/admin/Library/Caches/Coursier/v1/https/repo1.maven.org/maven2/org/virtuslab/scala-cli/java-class-name/java-class-name_3/0.1.4/java-class-name_3-0.1.4.jar:/Users/admin/Library/Caches/Coursier/v1/https/repo1.maven.org/maven2/org/scalameta/semanticdb-shared_2.13.16/4.9.9/semanticdb-shared_2.13.16-4.9.9.jar:/Users/admin/Library/Caches/Coursier/v1/https/repo1.maven.org/maven2/org/scala-native/test-runner_3/0.5.6/test-runner_3-0.5.6.jar:/Users/admin/Library/Caches/Coursier/v1/https/repo1.maven.org/maven2/com/lihaoyi/os-lib_3/0.11.3/os-lib_3-0.11.3.jar:/Users/admin/Library/Caches/Coursier/v1/https/repo1.maven.org/maven2/com/lihaoyi/pprint_3/0.9.0/pprint_3-0.9.0.jar:/Users/admin/Library/Caches/Coursier/v1/https/repo1.maven.org/maven2/org/scala-js/scalajs-env-nodejs_2.13/1.4.0/scalajs-env-nodejs_2.13-1.4.0.jar:/Users/admin/Library/Caches/Coursier/v1/https/repo1.maven.org/maven2/org/scala-js/scalajs-sbt-test-adapter_2.13/1.18.1/scalajs-sbt-test-adapter_2.13-1.18.1.jar:/Users/admin/Library/Caches/Coursier/v1/https/repo1.maven.org/maven2/com/swoval/file-tree-views/2.1.12/file-tree-views-2.1.12.jar:/Users/admin/Library/Caches/Coursier/v1/https/repo1.maven.org/maven2/org/virtuslab/scala-cli/zip-input-stream/zip-input-stream/0.1.2/zip-input-stream-0.1.2.jar:/Users/admin/Library/Caches/Coursier/v1/https/repo1.maven.org/maven2/org/virtuslab/scala-cli/options_3/1.6.1/options_3-1.6.1.jar:/Users/admin/Library/Caches/Coursier/v1/https/repo1.maven.org/maven2/org/virtuslab/scala-cli/directives_3/1.6.1/directives_3-1.6.1.jar:/Users/admin/Library/Caches/Coursier/v1/https/repo1.maven.org/maven2/org/virtuslab/scala-cli/scala-cli-bsp/1.6.1/scala-cli-bsp-1.6.1.jar:/Users/admin/Library/Caches/Coursier/v1/https/repo1.maven.org/maven2/org/virtuslab/scala-cli/test-runner_3/1.6.1/test-runner_3-1.6.1.jar:/Users/admin/Library/Caches/Coursier/v1/https/repo1.maven.org/maven2/org/virtuslab/scala-cli/tasty-lib_3/1.6.1/tasty-lib_3-1.6.1.jar:/Users/admin/Library/Caches/Coursier/v1/https/repo1.maven.org/maven2/io/github/alexarchambault/is-terminal/0.1.1/is-terminal-0.1.1.jar:/Users/admin/Library/Caches/Coursier/v1/https/repo1.maven.org/maven2/org/codehaus/plexus/plexus-archiver/4.10.0/plexus-archiver-4.10.0.jar:/Users/admin/Library/Caches/Coursier/v1/https/repo1.maven.org/maven2/org/codehaus/plexus/plexus-container-default/2.1.1/plexus-container-default-2.1.1.jar:/Users/admin/Library/Caches/Coursier/v1/https/repo1.maven.org/maven2/io/github/alexarchambault/windows-ansi/windows-ansi/0.0.6/windows-ansi-0.0.6.jar:/Users/admin/Library/Caches/Coursier/v1/https/repo1.maven.org/maven2/io/get-coursier/cache-util/2.1.24/cache-util-2.1.24.jar:/Users/admin/Library/Caches/Coursier/v1/https/repo1.maven.org/maven2/io/get-coursier/coursier-util_2.13/2.1.24/coursier-util_2.13-2.1.24.jar:/Users/admin/Library/Caches/Coursier/v1/https/repo1.maven.org/maven2/io/github/alexarchambault/concurrent-reference-hash-map/1.1.0/concurrent-reference-hash-map-1.1.0.jar:/Users/admin/Library/Caches/Coursier/v1/https/repo1.maven.org/maven2/org/scala-lang/modules/scala-xml_2.13/2.3.0/scala-xml_2.13-2.3.0.jar:/Users/admin/Library/Caches/Coursier/v1/https/repo1.maven.org/maven2/com/google/guava/failureaccess/1.0.2/failureaccess-1.0.2.jar:/Users/admin/Library/Caches/Coursier/v1/https/repo1.maven.org/maven2/com/google/guava/listenablefuture/9999.0-empty-to-avoid-conflict-with-guava/listenablefuture-9999.0-empty-to-avoid-conflict-with-guava.jar:/Users/admin/Library/Caches/Coursier/v1/https/repo1.maven.org/maven2/com/google/code/findbugs/jsr305/3.0.2/jsr305-3.0.2.jar:/Users/admin/Library/Caches/Coursier/v1/https/repo1.maven.org/maven2/org/checkerframework/checker-qual/3.43.0/checker-qual-3.43.0.jar:/Users/admin/Library/Caches/Coursier/v1/https/repo1.maven.org/maven2/com/google/errorprone/error_prone_annotations/2.36.0/error_prone_annotations-2.36.0.jar:/Users/admin/Library/Caches/Coursier/v1/https/repo1.maven.org/maven2/com/google/j2objc/j2objc-annotations/3.0.0/j2objc-annotations-3.0.0.jar:/Users/admin/Library/Caches/Coursier/v1/https/repo1.maven.org/maven2/org/scalameta/metaconfig-pprint_3/0.14.0/metaconfig-pprint_3-0.14.0.jar:/Users/admin/Library/Caches/Coursier/v1/https/repo1.maven.org/maven2/org/typelevel/paiges-core_3/0.4.4/paiges-core_3-0.4.4.jar:/Users/admin/Library/Caches/Coursier/v1/https/repo1.maven.org/maven2/org/scala-lang/scala-reflect/2.13.15/scala-reflect-2.13.15.jar:/Users/admin/Library/Caches/Coursier/v1/https/repo1.maven.org/maven2/com/google/cloud/tools/jib-build-plan/0.4.0/jib-build-plan-0.4.0.jar:/Users/admin/Library/Caches/Coursier/v1/https/repo1.maven.org/maven2/com/google/http-client/google-http-client/1.42.2/google-http-client-1.42.2.jar:/Users/admin/Library/Caches/Coursier/v1/https/repo1.maven.org/maven2/com/google/http-client/google-http-client-apache-v2/1.42.2/google-http-client-apache-v2-1.42.2.jar:/Users/admin/Library/Caches/Coursier/v1/https/repo1.maven.org/maven2/com/google/auth/google-auth-library-oauth2-http/1.10.0/google-auth-library-oauth2-http-1.10.0.jar:/Users/admin/Library/Caches/Coursier/v1/https/repo1.maven.org/maven2/org/apache/commons/commons-compress/1.26.2/commons-compress-1.26.2.jar:/Users/admin/Library/Caches/Coursier/v1/https/repo1.maven.org/maven2/com/fasterxml/jackson/core/jackson-databind/2.15.2/jackson-databind-2.15.2.jar:/Users/admin/Library/Caches/Coursier/v1/https/repo1.maven.org/maven2/com/fasterxml/jackson/datatype/jackson-datatype-jsr310/2.15.2/jackson-datatype-jsr310-2.15.2.jar:/Users/admin/Library/Caches/Coursier/v1/https/repo1.maven.org/maven2/org/bouncycastle/bcprov-jdk18on/1.78.1/bcprov-jdk18on-1.78.1.jar:/Users/admin/Library/Caches/Coursier/v1/https/repo1.maven.org/maven2/org/bouncycastle/bcutil-jdk18on/1.78.1/bcutil-jdk18on-1.78.1.jar:/Users/admin/Library/Caches/Coursier/v1/https/repo1.maven.org/maven2/org/scala-lang/scala3-compiler_3/3.3.4/scala3-compiler_3-3.3.4.jar:/Users/admin/Library/Caches/Coursier/v1/https/repo1.maven.org/maven2/org/scalameta/scalameta_2.13/4.9.9/scalameta_2.13-4.9.9.jar:/Users/admin/Library/Caches/Coursier/v1/https/repo1.maven.org/maven2/com/thesamet/scalapb/scalapb-runtime_2.13/0.11.17/scalapb-runtime_2.13-0.11.17.jar:/Users/admin/Library/Caches/Coursier/v1/https/repo1.maven.org/maven2/org/scala-native/tools_3/0.5.6/tools_3-0.5.6.jar:/Users/admin/Library/Caches/Coursier/v1/https/repo1.maven.org/maven2/org/scala-sbt/test-interface/1.0/test-interface-1.0.jar:/Users/admin/Library/Caches/Coursier/v1/https/repo1.maven.org/maven2/com/github/sbt/junit-interface/0.13.3/junit-interface-0.13.3.jar:/Users/admin/Library/Caches/Coursier/v1/https/repo1.maven.org/maven2/junit/junit/4.13.2/junit-4.13.2.jar:/Users/admin/Library/Caches/Coursier/v1/https/repo1.maven.org/maven2/com/lihaoyi/geny_3/1.1.1/geny_3-1.1.1.jar:/Users/admin/Library/Caches/Coursier/v1/https/repo1.maven.org/maven2/com/lihaoyi/fansi_3/0.5.0/fansi_3-0.5.0.jar:/Users/admin/Library/Caches/Coursier/v1/https/repo1.maven.org/maven2/org/scala-js/scalajs-js-envs_2.13/1.4.0/scalajs-js-envs_2.13-1.4.0.jar:/Users/admin/Library/Caches/Coursier/v1/https/repo1.maven.org/maven2/ch/epfl/scala/bloop-config_2.13/2.3.1/bloop-config_2.13-2.3.1.jar:/Users/admin/Library/Caches/Coursier/v1/https/repo1.maven.org/maven2/org/virtuslab/scala-cli/core_3/1.6.1/core_3-1.6.1.jar:/Users/admin/Library/Caches/Coursier/v1/https/repo1.maven.org/maven2/org/virtuslab/using_directives/1.1.4/using_directives-1.1.4.jar:/Users/admin/Library/Caches/Coursier/v1/https/repo1.maven.org/maven2/org/virtuslab/scala-cli/build-macros_3/1.6.1/build-macros_3-1.6.1.jar:/Users/admin/Library/Caches/Coursier/v1/https/repo1.maven.org/maven2/ch/epfl/scala/bsp4j/2.1.1/bsp4j-2.1.1.jar:/Users/admin/Library/Caches/Coursier/v1/https/repo1.maven.org/maven2/javax/inject/javax.inject/1/javax.inject-1.jar:/Users/admin/Library/Caches/Coursier/v1/https/repo1.maven.org/maven2/org/codehaus/plexus/plexus-utils/4.0.1/plexus-utils-4.0.1.jar:/Users/admin/Library/Caches/Coursier/v1/https/repo1.maven.org/maven2/org/codehaus/plexus/plexus-io/3.5.0/plexus-io-3.5.0.jar:/Users/admin/Library/Caches/Coursier/v1/https/repo1.maven.org/maven2/io/airlift/aircompressor/0.27/aircompressor-0.27.jar:/Users/admin/Library/Caches/Coursier/v1/https/repo1.maven.org/maven2/org/tukaani/xz/1.9/xz-1.9.jar:/Users/admin/Library/Caches/Coursier/v1/https/repo1.maven.org/maven2/com/github/luben/zstd-jni/1.5.6-3/zstd-jni-1.5.6-3.jar:/Users/admin/Library/Caches/Coursier/v1/https/repo1.maven.org/maven2/org/codehaus/plexus/plexus-classworlds/2.6.0/plexus-classworlds-2.6.0.jar:/Users/admin/Library/Caches/Coursier/v1/https/repo1.maven.org/maven2/org/apache/xbean/xbean-reflect/3.7/xbean-reflect-3.7.jar:/Users/admin/Library/Caches/Coursier/v1/https/repo1.maven.org/maven2/org/fusesource/jansi/jansi/2.4.1/jansi-2.4.1.jar:/Users/admin/Library/Caches/Coursier/v1/https/repo1.maven.org/maven2/org/apache/httpcomponents/httpclient/4.5.13/httpclient-4.5.13.jar:/Users/admin/Library/Caches/Coursier/v1/https/repo1.maven.org/maven2/org/apache/httpcomponents/httpcore/4.4.15/httpcore-4.4.15.jar:/Users/admin/Library/Caches/Coursier/v1/https/repo1.maven.org/maven2/io/opencensus/opencensus-api/0.31.1/opencensus-api-0.31.1.jar:/Users/admin/Library/Caches/Coursier/v1/https/repo1.maven.org/maven2/io/opencensus/opencensus-contrib-http-util/0.31.1/opencensus-contrib-http-util-0.31.1.jar:/Users/admin/Library/Caches/Coursier/v1/https/repo1.maven.org/maven2/com/google/auto/value/auto-value-annotations/1.9/auto-value-annotations-1.9.jar:/Users/admin/Library/Caches/Coursier/v1/https/repo1.maven.org/maven2/com/google/auth/google-auth-library-credentials/1.10.0/google-auth-library-credentials-1.10.0.jar:/Users/admin/Library/Caches/Coursier/v1/https/repo1.maven.org/maven2/com/google/http-client/google-http-client-gson/1.42.2/google-http-client-gson-1.42.2.jar:/Users/admin/Library/Caches/Coursier/v1/https/repo1.maven.org/maven2/commons-codec/commons-codec/1.17.0/commons-codec-1.17.0.jar:/Users/admin/Library/Caches/Coursier/v1/https/repo1.maven.org/maven2/org/apache/commons/commons-lang3/3.14.0/commons-lang3-3.14.0.jar:/Users/admin/Library/Caches/Coursier/v1/https/repo1.maven.org/maven2/com/fasterxml/jackson/core/jackson-annotations/2.15.2/jackson-annotations-2.15.2.jar:/Users/admin/Library/Caches/Coursier/v1/https/repo1.maven.org/maven2/com/fasterxml/jackson/core/jackson-core/2.15.2/jackson-core-2.15.2.jar:/Users/admin/Library/Caches/Coursier/v1/https/repo1.maven.org/maven2/org/scala-lang/scala3-interfaces/3.3.4/scala3-interfaces-3.3.4.jar:/Users/admin/Library/Caches/Coursier/v1/https/repo1.maven.org/maven2/org/scala-lang/tasty-core_3/3.3.4/tasty-core_3-3.3.4.jar:/Users/admin/Library/Caches/Coursier/v1/https/repo1.maven.org/maven2/org/scala-lang/modules/scala-asm/9.6.0-scala-1/scala-asm-9.6.0-scala-1.jar:/Users/admin/Library/Caches/Coursier/v1/https/repo1.maven.org/maven2/org/scala-sbt/compiler-interface/1.9.6/compiler-interface-1.9.6.jar:/Users/admin/Library/Caches/Coursier/v1/https/repo1.maven.org/maven2/org/scalameta/parsers_2.13/4.9.9/parsers_2.13-4.9.9.jar:/Users/admin/Library/Caches/Coursier/v1/https/repo1.maven.org/maven2/org/scala-lang/scalap/2.13.11/scalap-2.13.11.jar:/Users/admin/Library/Caches/Coursier/v1/https/repo1.maven.org/maven2/com/thesamet/scalapb/lenses_2.13/0.11.17/lenses_2.13-0.11.17.jar:/Users/admin/Library/Caches/Coursier/v1/https/repo1.maven.org/maven2/com/google/protobuf/protobuf-java/3.19.6/protobuf-java-3.19.6.jar:/Users/admin/Library/Caches/Coursier/v1/https/repo1.maven.org/maven2/org/scala-native/nir_3/0.5.6/nir_3-0.5.6.jar:/Users/admin/Library/Caches/Coursier/v1/https/repo1.maven.org/maven2/org/scala-native/util_3/0.5.6/util_3-0.5.6.jar:/Users/admin/Library/Caches/Coursier/v1/https/repo1.maven.org/maven2/org/hamcrest/hamcrest-core/1.3/hamcrest-core-1.3.jar:/Users/admin/Library/Caches/Coursier/v1/https/repo1.maven.org/maven2/org/scala-js/scalajs-logging_2.13/1.1.1/scalajs-logging_2.13-1.1.1.jar:/Users/admin/Library/Caches/Coursier/v1/https/repo1.maven.org/maven2/com/lihaoyi/unroll-annotation_2.13/0.1.12/unroll-annotation_2.13-0.1.12.jar:/Users/admin/Library/Caches/Coursier/v1/https/repo1.maven.org/maven2/ch/epfl/scala/bloop-rifle_2.13/2.0.8/bloop-rifle_2.13-2.0.8.jar:/Users/admin/Library/Caches/Coursier/v1/https/repo1.maven.org/maven2/io/get-coursier/coursier-jvm_2.13/2.1.24/coursier-jvm_2.13-2.1.24.jar:/Users/admin/Library/Caches/Coursier/v1/https/repo1.maven.org/maven2/io/get-coursier/dependency_3/0.3.2/dependency_3-0.3.2.jar:/Users/admin/Library/Caches/Coursier/v1/https/repo1.maven.org/maven2/org/eclipse/jgit/org.eclipse.jgit/6.8.0.202311291450-r/org.eclipse.jgit-6.8.0.202311291450-r.jar:/Users/admin/Library/Caches/Coursier/v1/https/repo1.maven.org/maven2/org/scala-js/scalajs-env-jsdom-nodejs_2.13/1.1.0/scalajs-env-jsdom-nodejs_2.13-1.1.0.jar:/Users/admin/Library/Caches/Coursier/v1/https/repo1.maven.org/maven2/org/eclipse/lsp4j/org.eclipse.lsp4j.generator/0.20.1/org.eclipse.lsp4j.generator-0.20.1.jar:/Users/admin/Library/Caches/Coursier/v1/https/repo1.maven.org/maven2/org/eclipse/lsp4j/org.eclipse.lsp4j.jsonrpc/0.20.1/org.eclipse.lsp4j.jsonrpc-0.20.1.jar:/Users/admin/Library/Caches/Coursier/v1/https/repo1.maven.org/maven2/commons-logging/commons-logging/1.2/commons-logging-1.2.jar:/Users/admin/Library/Caches/Coursier/v1/https/repo1.maven.org/maven2/io/grpc/grpc-context/1.27.2/grpc-context-1.27.2.jar:/Users/admin/Library/Caches/Coursier/v1/https/repo1.maven.org/maven2/com/google/code/gson/gson/2.10.1/gson-2.10.1.jar:/Users/admin/Library/Caches/Coursier/v1/https/repo1.maven.org/maven2/org/scala-sbt/util-interface/1.9.8/util-interface-1.9.8.jar:/Users/admin/Library/Caches/Coursier/v1/https/repo1.maven.org/maven2/org/scalameta/trees_2.13/4.9.9/trees_2.13-4.9.9.jar:/Users/admin/Library/Caches/Coursier/v1/https/repo1.maven.org/maven2/org/scala-lang/scala-compiler/2.13.11/scala-compiler-2.13.11.jar:/Users/admin/Library/Caches/Coursier/v1/https/repo1.maven.org/maven2/ch/epfl/scala/libdaemon_2.13/0.0.12/libdaemon_2.13-0.0.12.jar:/Users/admin/Library/Caches/Coursier/v1/https/repo1.maven.org/maven2/io/github/alexarchambault/scala-cli/snailgun/snailgun-core_2.13/0.4.1-sc2/snailgun-core_2.13-0.4.1-sc2.jar:/Users/admin/Library/Caches/Coursier/v1/https/repo1.maven.org/maven2/io/get-coursier/coursier_2.13/2.1.24/coursier_2.13-2.1.24.jar:/Users/admin/Library/Caches/Coursier/v1/https/repo1.maven.org/maven2/io/get-coursier/coursier-env_2.13/2.1.24/coursier-env_2.13-2.1.24.jar:/Users/admin/Library/Caches/Coursier/v1/https/repo1.maven.org/maven2/com/googlecode/javaewah/JavaEWAH/1.2.3/JavaEWAH-1.2.3.jar:/Users/admin/Library/Caches/Coursier/v1/https/repo1.maven.org/maven2/org/eclipse/xtend/org.eclipse.xtend.lib/2.28.0/org.eclipse.xtend.lib-2.28.0.jar:/Users/admin/Library/Caches/Coursier/v1/https/repo1.maven.org/maven2/org/scalameta/common_2.13/4.9.9/common_2.13-4.9.9.jar:/Users/admin/Library/Caches/Coursier/v1/https/repo1.maven.org/maven2/io/github/java-diff-utils/java-diff-utils/4.12/java-diff-utils-4.12.jar:/Users/admin/Library/Caches/Coursier/v1/https/repo1.maven.org/maven2/io/get-coursier/dependency_2.13/0.3.2/dependency_2.13-0.3.2.jar:/Users/admin/Library/Caches/Coursier/v1/https/repo1.maven.org/maven2/org/eclipse/xtext/org.eclipse.xtext.xbase.lib/2.28.0/org.eclipse.xtext.xbase.lib-2.28.0.jar:/Users/admin/Library/Caches/Coursier/v1/https/repo1.maven.org/maven2/org/eclipse/xtend/org.eclipse.xtend.lib.macro/2.28.0/org.eclipse.xtend.lib.macro-2.28.0.jar, scala.cli.ScalaCli, bsp, /Users/admin/datastructure)
2025.02.17 18:10:35 INFO  no build target found for /Users/admin/datastructure/sortInWave.scala. Using presentation compiler with project's scala-library version: 3.3.4
2025.02.17 18:10:35 INFO  no build target found for /Users/admin/datastructure/sortInWave.scala. Using presentation compiler with project's scala-library version: 3.3.4
2025.02.17 18:10:36 INFO  tracing is disabled for protocol BSP, to enable tracing of incoming and outgoing JSON messages create an empty file at /Users/admin/datastructure/.metals/bsp.trace.json or /Users/admin/Library/Caches/org.scalameta.metals/bsp.trace.json
2025.02.17 18:10:35 INFO  no build target found for /Users/admin/datastructure/sortInWave.scala. Using presentation compiler with project's scala-library version: 3.3.4
2025.02.17 18:10:35 INFO  no build target found for /Users/admin/datastructure/sortInWave.scala. Using presentation compiler with project's scala-library version: 3.3.4
Feb 17, 2025 6:10:36 P.M. org.eclipse.lsp4j.jsonrpc.RemoteEndpoint handleCancellation
WARNING: Unmatched cancel notification for request id 11
Feb 17, 2025 6:10:36 P.M. org.eclipse.lsp4j.jsonrpc.RemoteEndpoint handleCancellation
WARNING: Unmatched cancel notification for request id 12
Feb 17, 2025 6:10:36 P.M. org.eclipse.lsp4j.jsonrpc.RemoteEndpoint handleCancellation
WARNING: Unmatched cancel notification for request id 13
2025.02.17 18:10:36 INFO  no build target found for /Users/admin/datastructure/sortInWave.scala. Using presentation compiler with project's scala-library version: 3.3.4
2025.02.17 18:10:35 INFO  no build target found for /Users/admin/datastructure/sortInWave.scala. Using presentation compiler with project's scala-library version: 3.3.4
2025.02.17 18:10:36 INFO  no build target found for /Users/admin/datastructure/sortInWave.scala. Using presentation compiler with project's scala-library version: 3.3.4
2025.02.17 18:10:36 INFO  no build target found for /Users/admin/datastructure/sortInWave.scala. Using presentation compiler with project's scala-library version: 3.3.4
2025.02.17 18:10:38 INFO  no build target found for /Users/admin/datastructure/sortInWave.scala. Using presentation compiler with project's scala-library version: 3.3.4
2025.02.17 18:10:45 INFO  Connected to Scala CLI server v1.6.1
2025.02.17 18:10:46 INFO  compiling datastructure_d5c0a6989e (1 scala source and 1 java source)
2025.02.17 18:10:46 INFO  time: compiled datastructure_d5c0a6989e in 0.16s
2025.02.17 18:10:47 INFO  compiling datastructure_d5c0a6989e (1 scala source and 1 java source)
2025.02.17 18:10:47 INFO  time: compiled datastructure_d5c0a6989e in 0.23s
2025.02.17 18:10:48 INFO  time: indexed workspace in 3.2s
2025.02.17 18:10:49 INFO  compiling datastructure_d5c0a6989e (1 scala source and 1 java source)
2025.02.17 18:10:49 INFO  time: compiled datastructure_d5c0a6989e in 99ms
2025.02.17 18:10:49 INFO  Scala CLI started for /Users/admin/datastructure
2025.02.17 18:10:49 WARN  no build tool detected in workspace '/Users/admin/datastructure'. The most common cause for this problem is that the editor was opened in the wrong working directory, for example if you use sbt then the workspace directory should contain build.sbt. 
2025.02.17 18:10:49 WARN  Build server is not auto-connectable.
2025.02.17 18:10:49 INFO  compiling datastructure_d5c0a6989e (1 scala source and 1 java source)
2025.02.17 18:10:49 INFO  time: compiled datastructure_d5c0a6989e in 0.1s
2025.02.17 18:10:49 INFO  compiling datastructure_d5c0a6989e (1 scala source and 1 java source)
2025.02.17 18:10:49 INFO  time: compiled datastructure_d5c0a6989e in 68ms
Feb 17, 2025 6:21:30 P.M. org.eclipse.lsp4j.jsonrpc.services.GenericEndpoint notify
WARNING: Unsupported notification method: metals/windowStateDidChange
Feb 17, 2025 6:21:31 P.M. org.eclipse.lsp4j.jsonrpc.services.GenericEndpoint notify
WARNING: Unsupported notification method: metals/windowStateDidChange
Feb 17, 2025 6:21:55 P.M. org.eclipse.lsp4j.jsonrpc.RemoteEndpoint handleCancellation
WARNING: Unmatched cancel notification for request id 70
2025.02.17 18:22:03 INFO  compiling datastructure_d5c0a6989e (1 scala source and 1 java source)
2025.02.17 18:22:03 INFO  time: compiled datastructure_d5c0a6989e in 0.34s
2025.02.17 18:22:39 INFO  compiling datastructure_d5c0a6989e (1 scala source and 1 java source)
2025.02.17 18:22:39 INFO  time: compiled datastructure_d5c0a6989e in 87ms
2025.02.17 18:22:39 INFO  compiling datastructure_d5c0a6989e (1 scala source and 1 java source)
2025.02.17 18:22:39 INFO  time: compiled datastructure_d5c0a6989e in 0.12s
2025.02.17 18:22:59 INFO  compiling datastructure_d5c0a6989e (1 scala source and 1 java source)
2025.02.17 18:22:59 INFO  time: compiled datastructure_d5c0a6989e in 0.12s
2025.02.17 18:23:04 INFO  compiling datastructure_d5c0a6989e (1 scala source and 1 java source)
2025.02.17 18:23:04 INFO  time: compiled datastructure_d5c0a6989e in 0.13s
2025.02.17 18:23:04 INFO  compiling datastructure_d5c0a6989e (1 scala source and 1 java source)
2025.02.17 18:23:04 INFO  time: compiled datastructure_d5c0a6989e in 79ms
2025.02.17 18:23:34 INFO  compiling datastructure_d5c0a6989e (1 scala source and 1 java source)
2025.02.17 18:23:34 INFO  time: compiled datastructure_d5c0a6989e in 82ms
Feb 17, 2025 6:23:40 P.M. org.eclipse.lsp4j.jsonrpc.services.GenericEndpoint notify
WARNING: Unsupported notification method: metals/windowStateDidChange
Feb 17, 2025 6:23:53 P.M. org.eclipse.lsp4j.jsonrpc.services.GenericEndpoint notify
WARNING: Unsupported notification method: metals/windowStateDidChange
2025.02.17 18:23:55 INFO  file:///Users/admin/datastructure/sortInWave.scala:1:1: stale bloop error: sortInWave is already defined as object sortInWave in /Users/admin/datastructure/sortInWave.java
object sortInWave extends App{
^
2025.02.17 18:23:55 INFO  file:///Users/admin/datastructure/sortInWave.scala:1:27: stale bloop error: Java defined class sortInWave is not a value
object sortInWave extends App{
                          ^
2025.02.17 18:23:55 INFO  file:///Users/admin/datastructure/sortInWave.scala:4:22: stale bloop error: Not found: type i
         println(arr[i])
                     ^
2025.02.17 18:23:55 WARN  Could not find semantic tokens for: file:///Users/admin/datastructure/sortInWave.scala
Feb 17, 2025 6:23:56 P.M. org.eclipse.lsp4j.jsonrpc.RemoteEndpoint handleNotification
WARNING: Notification threw an exception: {
  "jsonrpc": "2.0",
  "method": "textDocument/didChange",
  "params": {
    "textDocument": {
      "version": 153,
      "uri": "file:///Users/admin/datastructure/sortInWave.scala"
    },
    "contentChanges": [
      {
        "text": "()"
      }
    ]
  }
}
java.lang.IllegalArgumentException: -1 is not a valid offset, allowed [0..2]
	at scala.meta.internal.inputs.InternalInput.offsetToLine(InternalInput.scala:54)
	at scala.meta.internal.inputs.InternalInput.offsetToLine$(InternalInput.scala:48)
	at scala.meta.inputs.Input$VirtualFile.offsetToLine(Input.scala:105)
	at scala.meta.inputs.Position$Range.startLine$lzycompute(Position.scala:45)
	at scala.meta.inputs.Position$Range.startLine(Position.scala:45)
	at scala.meta.internal.mtags.ScalametaCommonEnrichments$XtensionMetaPosition.toLsp(ScalametaCommonEnrichments.scala:80)
	at scala.meta.internal.parsing.TokenEditDistance$Diff.$anonfun$toRevised$8(TokenEditDistance.scala:310)
	at scala.Option.flatMap(Option.scala:283)
	at scala.meta.internal.parsing.TokenEditDistance$Diff.toRevised(TokenEditDistance.scala:241)
	at scala.meta.internal.metals.Diagnostics.toFreshDiagnostic(Diagnostics.scala:320)
	at scala.meta.internal.metals.Diagnostics.$anonfun$publishDiagnostics$2(Diagnostics.scala:276)
	at scala.meta.internal.metals.Diagnostics.$anonfun$publishDiagnostics$2$adapted(Diagnostics.scala:275)
	at scala.collection.IterableOnceOps.foreach(IterableOnce.scala:619)
	at scala.collection.IterableOnceOps.foreach$(IterableOnce.scala:617)
	at scala.collection.AbstractIterable.foreach(Iterable.scala:935)
	at scala.meta.internal.metals.Diagnostics.publishDiagnostics(Diagnostics.scala:275)
	at scala.meta.internal.metals.Diagnostics.publishDiagnostics(Diagnostics.scala:240)
	at scala.meta.internal.metals.Diagnostics.didChange(Diagnostics.scala:153)
	at scala.meta.internal.metals.MetalsLspService.didChange(MetalsLspService.scala:848)
	at scala.meta.internal.metals.ProjectMetalsLspService.didChange(ProjectMetalsLspService.scala:208)
	at scala.meta.internal.metals.WorkspaceLspService.didChange(WorkspaceLspService.scala:417)
	at scala.meta.metals.lsp.DelegatingScalaService.didChange(DelegatingScalaService.scala:46)
	at java.base/jdk.internal.reflect.DirectMethodHandleAccessor.invoke(DirectMethodHandleAccessor.java:104)
	at java.base/java.lang.reflect.Method.invoke(Method.java:578)
	at org.eclipse.lsp4j.jsonrpc.services.GenericEndpoint.lambda$recursiveFindRpcMethods$0(GenericEndpoint.java:65)
	at org.eclipse.lsp4j.jsonrpc.services.GenericEndpoint.notify(GenericEndpoint.java:160)
	at org.eclipse.lsp4j.jsonrpc.RemoteEndpoint.handleNotification(RemoteEndpoint.java:231)
	at org.eclipse.lsp4j.jsonrpc.RemoteEndpoint.consume(RemoteEndpoint.java:198)
	at org.eclipse.lsp4j.jsonrpc.json.StreamMessageProducer.handleMessage(StreamMessageProducer.java:185)
	at org.eclipse.lsp4j.jsonrpc.json.StreamMessageProducer.listen(StreamMessageProducer.java:97)
	at org.eclipse.lsp4j.jsonrpc.json.ConcurrentMessageProcessor.run(ConcurrentMessageProcessor.java:114)
	at java.base/java.util.concurrent.Executors$RunnableAdapter.call(Executors.java:577)
	at java.base/java.util.concurrent.FutureTask.run(FutureTask.java:317)
	at java.base/java.util.concurrent.ThreadPoolExecutor.runWorker(ThreadPoolExecutor.java:1144)
	at java.base/java.util.concurrent.ThreadPoolExecutor$Worker.run(ThreadPoolExecutor.java:642)
	at java.base/java.lang.Thread.run(Thread.java:1589)

2025.02.17 18:23:56 WARN  Could not find semantic tokens for: file:///Users/admin/datastructure/sortInWave.scala
2025.02.17 18:23:57 INFO  file:///Users/admin/datastructure/sortInWave.scala:1:1: stale bloop error: sortInWave is already defined as object sortInWave in /Users/admin/datastructure/sortInWave.java
object sortInWave extends App{
^
2025.02.17 18:23:57 INFO  file:///Users/admin/datastructure/sortInWave.scala:1:27: stale bloop error: Java defined class sortInWave is not a value
object sortInWave extends App{
                          ^
2025.02.17 18:23:57 INFO  file:///Users/admin/datastructure/sortInWave.scala:4:22: stale bloop error: Not found: type i
         println(arr[i])
                     ^
2025.02.17 18:24:03 INFO  compiling datastructure_d5c0a6989e (1 scala source and 1 java source)
2025.02.17 18:24:03 INFO  time: compiled datastructure_d5c0a6989e in 0.1s
2025.02.17 18:24:11 INFO  compiling datastructure_d5c0a6989e (1 scala source and 1 java source)
2025.02.17 18:24:11 INFO  time: compiled datastructure_d5c0a6989e in 73ms
2025.02.17 18:24:19 INFO  compiling datastructure_d5c0a6989e (1 scala source and 1 java source)
2025.02.17 18:24:19 INFO  time: compiled datastructure_d5c0a6989e in 69ms
2025.02.17 18:24:31 INFO  compiling datastructure_d5c0a6989e (1 scala source and 1 java source)
2025.02.17 18:24:31 INFO  time: compiled datastructure_d5c0a6989e in 82ms
2025.02.17 18:24:31 INFO  compiling datastructure_d5c0a6989e (1 scala source and 1 java source)
2025.02.17 18:24:31 INFO  time: compiled datastructure_d5c0a6989e in 56ms
2025.02.17 18:24:47 INFO  compiling datastructure_d5c0a6989e (1 scala source and 1 java source)
2025.02.17 18:24:47 INFO  time: compiled datastructure_d5c0a6989e in 80ms
2025.02.17 18:24:58 INFO  compiling datastructure_d5c0a6989e (1 scala source and 1 java source)
2025.02.17 18:24:58 INFO  time: compiled datastructure_d5c0a6989e in 72ms
2025.02.17 18:25:36 INFO  compiling datastructure_d5c0a6989e (1 scala source and 1 java source)
2025.02.17 18:25:36 INFO  time: compiled datastructure_d5c0a6989e in 73ms
Feb 17, 2025 6:25:37 P.M. org.eclipse.lsp4j.jsonrpc.services.GenericEndpoint notify
WARNING: Unsupported notification method: metals/windowStateDidChange
Feb 17, 2025 6:25:40 P.M. org.eclipse.lsp4j.jsonrpc.services.GenericEndpoint notify
WARNING: Unsupported notification method: metals/windowStateDidChange
2025.02.17 18:25:42 INFO  compiling datastructure_d5c0a6989e (1 scala source and 1 java source)
2025.02.17 18:25:44 INFO  time: compiled datastructure_d5c0a6989e in 1.74s
2025.02.17 18:25:58 INFO  compiling datastructure_d5c0a6989e (1 scala source)
2025.02.17 18:25:58 INFO  time: compiled datastructure_d5c0a6989e in 0.22s
2025.02.17 18:26:38 INFO  compiling datastructure_d5c0a6989e (1 scala source)
2025.02.17 18:26:38 INFO  time: compiled datastructure_d5c0a6989e in 79ms
Feb 17, 2025 6:26:43 P.M. scala.meta.internal.metals.StdReporter $anonfun$create$1
SEVERE: empty definition using pc, found symbol in pc: `<none>`. (full report at: /Users/admin/datastructure/.metals/.reports/metals-full/2025-02-17/r_empty-definition_(datastructure_d5c0a6989e)_18-26-43-986.md)
2025.02.17 18:26:44 INFO  compiling datastructure_d5c0a6989e (1 scala source)
2025.02.17 18:26:44 INFO  time: compiled datastructure_d5c0a6989e in 0.21s
2025.02.17 18:26:52 INFO  compiling datastructure_d5c0a6989e (1 scala source)
2025.02.17 18:26:52 INFO  time: compiled datastructure_d5c0a6989e in 0.19s
2025.02.17 18:27:26 INFO  compiling datastructure_d5c0a6989e (1 scala source)
2025.02.17 18:27:26 INFO  time: compiled datastructure_d5c0a6989e in 0.17s
Feb 17, 2025 6:28:43 P.M. org.eclipse.lsp4j.jsonrpc.services.GenericEndpoint notify
WARNING: Unsupported notification method: metals/windowStateDidChange
Feb 17, 2025 6:28:57 P.M. org.eclipse.lsp4j.jsonrpc.services.GenericEndpoint notify
WARNING: Unsupported notification method: metals/windowStateDidChange
Feb 17, 2025 6:31:00 P.M. scala.meta.internal.metals.StdReporter $anonfun$create$1
SEVERE: empty definition using pc, found symbol in pc: `<none>`. (full report at: /Users/admin/datastructure/.metals/.reports/metals-full/2025-02-17/r_empty-definition_(datastructure_d5c0a6989e)_18-26-43-986.md)
Feb 17, 2025 6:31:24 P.M. scala.meta.internal.metals.StdReporter $anonfun$create$1
SEVERE: empty definition using pc, found symbol in pc: `<none>`. (full report at: /Users/admin/datastructure/.metals/.reports/metals-full/2025-02-17/r_empty-definition_(datastructure_d5c0a6989e)_18-26-43-986.md)
Feb 17, 2025 6:31:24 P.M. scala.meta.internal.metals.StdReporter $anonfun$create$1
SEVERE: empty definition using pc, found symbol in pc: `<none>`. (full report at: /Users/admin/datastructure/.metals/.reports/metals-full/2025-02-17/r_empty-definition_(datastructure_d5c0a6989e)_18-26-43-986.md)
Feb 17, 2025 6:31:24 P.M. org.eclipse.lsp4j.jsonrpc.services.GenericEndpoint notify
WARNING: Unsupported notification method: metals/windowStateDidChange
Feb 17, 2025 6:31:28 P.M. org.eclipse.lsp4j.jsonrpc.services.GenericEndpoint notify
WARNING: Unsupported notification method: metals/windowStateDidChange
Feb 17, 2025 6:33:43 P.M. org.eclipse.lsp4j.jsonrpc.RemoteEndpoint handleCancellation
WARNING: Unmatched cancel notification for request id 1292
Feb 17, 2025 6:33:55 P.M. scala.meta.internal.metals.StdReporter $anonfun$create$1
SEVERE: empty definition using pc, found symbol in pc: `<none>`. (full report at: /Users/admin/datastructure/.metals/.reports/metals-full/2025-02-17/r_empty-definition_(datastructure_d5c0a6989e)_18-26-43-986.md)
2025.02.17 18:34:59 INFO  Shut down connection with build server.
2025.02.17 18:35:04 INFO  Started: Metals version 1.5.1 in folders '/Users/admin/datastructure' for client Visual Studio Code 1.85.1.
2025.02.17 18:35:09 INFO  Started: Metals version 1.5.1 in folders '/Users/admin/datastructure' for client Visual Studio Code 1.85.1.
2025.02.17 18:35:10 INFO  no build target found for /Users/admin/datastructure/sortInWave.scala. Using presentation compiler with project's scala-library version: 3.3.4
2025.02.17 18:35:10 INFO  no build target found for /Users/admin/datastructure/sortInWave.scala. Using presentation compiler with project's scala-library version: 3.3.4
2025.02.17 18:35:10 INFO  no build target found for /Users/admin/datastructure/sortInWave.scala. Using presentation compiler with project's scala-library version: 3.3.4
2025.02.17 18:35:11 INFO  no build target found for /Users/admin/datastructure/sortInWave.scala. Using presentation compiler with project's scala-library version: 3.3.4
2025.02.17 18:35:11 INFO  no build target found for /Users/admin/datastructure/sortInWave.scala. Using presentation compiler with project's scala-library version: 3.3.4
2025.02.17 18:35:11 INFO  no build target found for /Users/admin/datastructure/sortInWave.scala. Using presentation compiler with project's scala-library version: 3.3.4
Feb 17, 2025 6:35:12 P.M. org.eclipse.lsp4j.jsonrpc.RemoteEndpoint handleCancellation
WARNING: Unmatched cancel notification for request id 1
2025.02.17 18:35:11 INFO  no build target found for /Users/admin/datastructure/sortInWave.scala. Using presentation compiler with project's scala-library version: 3.3.4
2025.02.17 18:35:11 INFO  no build target found for /Users/admin/datastructure/sortInWave.scala. Using presentation compiler with project's scala-library version: 3.3.4
2025.02.17 18:35:11 INFO  no build target found for /Users/admin/datastructure/sortInWave.scala. Using presentation compiler with project's scala-library version: 3.3.4
2025.02.17 18:35:11 INFO  no build target found for /Users/admin/datastructure/sortInWave.scala. Using presentation compiler with project's scala-library version: 3.3.4
2025.02.17 18:35:11 INFO  no build target found for /Users/admin/datastructure/sortInWave.scala. Using presentation compiler with project's scala-library version: 3.3.4
2025.02.17 18:35:12 WARN  scala-cli >= 0.1.3 not found in PATH, fetching and starting a JVM-based Scala CLI
2025.02.17 18:35:11 INFO  no build target found for /Users/admin/datastructure/sortInWave.scala. Using presentation compiler with project's scala-library version: 3.3.4
Feb 17, 2025 6:35:12 P.M. org.eclipse.lsp4j.jsonrpc.RemoteEndpoint handleCancellation
WARNING: Unmatched cancel notification for request id 11
2025.02.17 18:35:11 INFO  no build target found for /Users/admin/datastructure/sortInWave.scala. Using presentation compiler with project's scala-library version: 3.3.4
2025.02.17 18:35:11 INFO  no build target found for /Users/admin/datastructure/sortInWave.scala. Using presentation compiler with project's scala-library version: 3.3.4
2025.02.17 18:35:11 INFO  no build target found for /Users/admin/datastructure/sortInWave.scala. Using presentation compiler with project's scala-library version: 3.3.4
2025.02.17 18:35:11 INFO  no build target found for /Users/admin/datastructure/sortInWave.scala. Using presentation compiler with project's scala-library version: 3.3.4
2025.02.17 18:35:11 INFO  no build target found for /Users/admin/datastructure/sortInWave.scala. Using presentation compiler with project's scala-library version: 3.3.4
2025.02.17 18:35:11 INFO  no build target found for /Users/admin/datastructure/sortInWave.scala. Using presentation compiler with project's scala-library version: 3.3.4
2025.02.17 18:35:11 INFO  no build target found for /Users/admin/datastructure/sortInWave.scala. Using presentation compiler with project's scala-library version: 3.3.4
Feb 17, 2025 6:35:12 P.M. org.eclipse.lsp4j.jsonrpc.RemoteEndpoint handleCancellation
WARNING: Unmatched cancel notification for request id 20
2025.02.17 18:35:11 INFO  no build target found for /Users/admin/datastructure/sortInWave.scala. Using presentation compiler with project's scala-library version: 3.3.4
2025.02.17 18:35:11 INFO  no build target found for /Users/admin/datastructure/sortInWave.scala. Using presentation compiler with project's scala-library version: 3.3.4
2025.02.17 18:35:12 INFO  no build target found for /Users/admin/datastructure/sortInWave.scala. Using presentation compiler with project's scala-library version: 3.3.4
2025.02.17 18:35:12 INFO  no build target found for /Users/admin/datastructure/sortInWave.scala. Using presentation compiler with project's scala-library version: 3.3.4
2025.02.17 18:35:12 INFO  no build target found for /Users/admin/datastructure/sortInWave.scala. Using presentation compiler with project's scala-library version: 3.3.4
2025.02.17 18:35:12 INFO  no build target found for /Users/admin/datastructure/sortInWave.scala. Using presentation compiler with project's scala-library version: 3.3.4
2025.02.17 18:35:12 INFO  no build target found for /Users/admin/datastructure/sortInWave.scala. Using presentation compiler with project's scala-library version: 3.3.4
2025.02.17 18:35:12 INFO  no build target found for /Users/admin/datastructure/sortInWave.scala. Using presentation compiler with project's scala-library version: 3.3.4
2025.02.17 18:35:12 INFO  no build target found for /Users/admin/datastructure/sortInWave.scala. Using presentation compiler with project's scala-library version: 3.3.4
2025.02.17 18:35:12 INFO  no build target found for /Users/admin/datastructure/sortInWave.scala. Using presentation compiler with project's scala-library version: 3.3.4
2025.02.17 18:35:14 INFO  no build target found for /Users/admin/datastructure/sortInWave.scala. Using presentation compiler with project's scala-library version: 3.3.4
2025.02.17 18:35:14 INFO  no build target found for /Users/admin/datastructure/sortInWave.scala. Using presentation compiler with project's scala-library version: 3.3.4
2025.02.17 18:35:14 INFO  no build target found for /Users/admin/datastructure/sortInWave.scala. Using presentation compiler with project's scala-library version: 3.3.4
2025.02.17 18:35:14 INFO  no build target found for /Users/admin/datastructure/sortInWave.scala. Using presentation compiler with project's scala-library version: 3.3.4
Feb 17, 2025 6:35:14 P.M. org.eclipse.lsp4j.jsonrpc.RemoteEndpoint handleCancellation
WARNING: Unmatched cancel notification for request id 36
Feb 17, 2025 6:35:14 P.M. org.eclipse.lsp4j.jsonrpc.RemoteEndpoint handleCancellation
WARNING: Unmatched cancel notification for request id 37
2025.02.17 18:35:14 INFO  no build target found for /Users/admin/datastructure/sortInWave.scala. Using presentation compiler with project's scala-library version: 3.3.4
2025.02.17 18:35:14 INFO  Running List(/Library/Java/JavaVirtualMachines/jdk-19.jdk/Contents/Home/bin/java, -cp, /Users/admin/Library/Caches/Coursier/v1/https/repo1.maven.org/maven2/org/virtuslab/scala-cli/cli_3/1.6.1/cli_3-1.6.1.jar:/Users/admin/Library/Caches/Coursier/v1/https/repo1.maven.org/maven2/com/github/alexarchambault/case-app_3/2.1.0-M29/case-app_3-2.1.0-M29.jar:/Users/admin/Library/Caches/Coursier/v1/https/repo1.maven.org/maven2/io/get-coursier/coursier-launcher_2.13/2.1.24/coursier-launcher_2.13-2.1.24.jar:/Users/admin/Library/Caches/Coursier/v1/https/repo1.maven.org/maven2/io/get-coursier/coursier-proxy-setup/2.1.24/coursier-proxy-setup-2.1.24.jar:/Users/admin/Library/Caches/Coursier/v1/https/repo1.maven.org/maven2/io/get-coursier/publish/publish_2.13/0.2.0/publish_2.13-0.2.0.jar:/Users/admin/Library/Caches/Coursier/v1/https/repo1.maven.org/maven2/com/google/jimfs/jimfs/1.3.0/jimfs-1.3.0.jar:/Users/admin/Library/Caches/Coursier/v1/https/repo1.maven.org/maven2/io/get-coursier/jniutils/windows-jni-utils/0.3.3/windows-jni-utils-0.3.3.jar:/Users/admin/Library/Caches/Coursier/v1/https/repo1.maven.org/maven2/com/github/plokhotnyuk/jsoniter-scala/jsoniter-scala-core_3/2.13.5.2/jsoniter-scala-core_3-2.13.5.2.jar:/Users/admin/Library/Caches/Coursier/v1/https/repo1.maven.org/maven2/org/virtuslab/scala-cli/libsodiumjni/0.0.4/libsodiumjni-0.0.4.jar:/Users/admin/Library/Caches/Coursier/v1/https/repo1.maven.org/maven2/org/scalameta/metaconfig-typesafe-config_3/0.14.0/metaconfig-typesafe-config_3-0.14.0.jar:/Users/admin/Library/Caches/Coursier/v1/https/repo1.maven.org/maven2/ai/kien/python-native-libs_3/0.2.4/python-native-libs_3-0.2.4.jar:/Users/admin/Library/Caches/Coursier/v1/https/repo1.maven.org/maven2/org/virtuslab/scala-packager_2.13/0.1.31/scala-packager_2.13-0.1.31.jar:/Users/admin/Library/Caches/Coursier/v1/https/repo1.maven.org/maven2/org/virtuslab/scala-cli-signing/cli_3/0.2.4/cli_3-0.2.4.jar:/Users/admin/Library/Caches/Coursier/v1/https/repo1.maven.org/maven2/org/slf4j/slf4j-nop/2.0.16/slf4j-nop-2.0.16.jar:/Users/admin/Library/Caches/Coursier/v1/https/repo1.maven.org/maven2/com/softwaremill/sttp/client3/core_2.13/3.10.2/core_2.13-3.10.2.jar:/Users/admin/Library/Caches/Coursier/v1/https/repo1.maven.org/maven2/ch/epfl/scala/scalafix-interfaces/0.14.0/scalafix-interfaces-0.14.0.jar:/Users/admin/Library/Caches/Coursier/v1/https/repo1.maven.org/maven2/org/scala-lang/scala3-library_3/3.3.4/scala3-library_3-3.3.4.jar:/Users/admin/Library/Caches/Coursier/v1/https/repo1.maven.org/maven2/org/virtuslab/scala-cli/build-module_3/1.6.1/build-module_3-1.6.1.jar:/Users/admin/Library/Caches/Coursier/v1/https/repo1.maven.org/maven2/org/virtuslab/scala-cli/config_3/1.6.1/config_3-1.6.1.jar:/Users/admin/Library/Caches/Coursier/v1/https/repo1.maven.org/maven2/org/virtuslab/scala-cli/scala3-graal_3/1.6.1/scala3-graal_3-1.6.1.jar:/Users/admin/Library/Caches/Coursier/v1/https/repo1.maven.org/maven2/org/virtuslab/scala-cli/specification-level_3/1.6.1/specification-level_3-1.6.1.jar:/Users/admin/Library/Caches/Coursier/v1/https/repo1.maven.org/maven2/com/lihaoyi/sourcecode_3/0.4.2/sourcecode_3-0.4.2.jar:/Users/admin/Library/Caches/Coursier/v1/https/repo1.maven.org/maven2/com/github/alexarchambault/case-app-annotations_3/2.1.0-M29/case-app-annotations_3-2.1.0-M29.jar:/Users/admin/Library/Caches/Coursier/v1/https/repo1.maven.org/maven2/com/github/alexarchambault/case-app-util_3/2.1.0-M29/case-app-util_3-2.1.0-M29.jar:/Users/admin/Library/Caches/Coursier/v1/https/repo1.maven.org/maven2/io/github/alexarchambault/scala-cli/tmp/zip-input-stream/0.1.1/zip-input-stream-0.1.1.jar:/Users/admin/Library/Caches/Coursier/v1/https/repo1.maven.org/maven2/org/scala-lang/scala-library/2.13.16/scala-library-2.13.16.jar:/Users/admin/Library/Caches/Coursier/v1/https/repo1.maven.org/maven2/io/get-coursier/coursier-cache_2.13/2.1.24/coursier-cache_2.13-2.1.24.jar:/Users/admin/Library/Caches/Coursier/v1/https/repo1.maven.org/maven2/io/get-coursier/coursier-core_2.13/2.1.24/coursier-core_2.13-2.1.24.jar:/Users/admin/Library/Caches/Coursier/v1/https/repo1.maven.org/maven2/com/google/guava/guava/33.4.0-jre/guava-33.4.0-jre.jar:/Users/admin/Library/Caches/Coursier/v1/https/repo1.maven.org/maven2/net/java/dev/jna/jna/5.13.0/jna-5.13.0.jar:/Users/admin/Library/Caches/Coursier/v1/https/repo1.maven.org/maven2/net/java/dev/jna/jna-platform/5.12.1/jna-platform-5.12.1.jar:/Users/admin/Library/Caches/Coursier/v1/https/repo1.maven.org/maven2/org/scalameta/metaconfig-core_3/0.14.0/metaconfig-core_3-0.14.0.jar:/Users/admin/Library/Caches/Coursier/v1/https/repo1.maven.org/maven2/com/typesafe/config/1.4.3/config-1.4.3.jar:/Users/admin/Library/Caches/Coursier/v1/https/repo1.maven.org/maven2/org/scala-lang/modules/scala-collection-compat_3/2.12.0/scala-collection-compat_3-2.12.0.jar:/Users/admin/Library/Caches/Coursier/v1/https/repo1.maven.org/maven2/commons-io/commons-io/2.18.0/commons-io-2.18.0.jar:/Users/admin/Library/Caches/Coursier/v1/https/repo1.maven.org/maven2/com/google/cloud/tools/jib-core/0.27.2/jib-core-0.27.2.jar:/Users/admin/Library/Caches/Coursier/v1/https/repo1.maven.org/maven2/org/bouncycastle/bcpg-jdk18on/1.78.1/bcpg-jdk18on-1.78.1.jar:/Users/admin/Library/Caches/Coursier/v1/https/repo1.maven.org/maven2/org/virtuslab/scala-cli-signing/shared_3/0.2.4/shared_3-0.2.4.jar:/Users/admin/Library/Caches/Coursier/v1/https/repo1.maven.org/maven2/org/slf4j/slf4j-api/2.0.16/slf4j-api-2.0.16.jar:/Users/admin/Library/Caches/Coursier/v1/https/repo1.maven.org/maven2/com/softwaremill/sttp/model/core_2.13/1.7.11/core_2.13-1.7.11.jar:/Users/admin/Library/Caches/Coursier/v1/https/repo1.maven.org/maven2/com/softwaremill/sttp/shared/core_2.13/1.3.22/core_2.13-1.3.22.jar:/Users/admin/Library/Caches/Coursier/v1/https/repo1.maven.org/maven2/com/softwaremill/sttp/shared/ws_2.13/1.3.22/ws_2.13-1.3.22.jar:/Users/admin/Library/Caches/Coursier/v1/https/repo1.maven.org/maven2/io/get-coursier/interface/1.0.26/interface-1.0.26.jar:/Users/admin/Library/Caches/Coursier/v1/https/repo1.maven.org/maven2/org/ow2/asm/asm/9.7.1/asm-9.7.1.jar:/Users/admin/Library/Caches/Coursier/v1/https/repo1.maven.org/maven2/org/virtuslab/scala-cli/java-class-name/java-class-name_3/0.1.4/java-class-name_3-0.1.4.jar:/Users/admin/Library/Caches/Coursier/v1/https/repo1.maven.org/maven2/org/scalameta/semanticdb-shared_2.13.16/4.9.9/semanticdb-shared_2.13.16-4.9.9.jar:/Users/admin/Library/Caches/Coursier/v1/https/repo1.maven.org/maven2/org/scala-native/test-runner_3/0.5.6/test-runner_3-0.5.6.jar:/Users/admin/Library/Caches/Coursier/v1/https/repo1.maven.org/maven2/com/lihaoyi/os-lib_3/0.11.3/os-lib_3-0.11.3.jar:/Users/admin/Library/Caches/Coursier/v1/https/repo1.maven.org/maven2/com/lihaoyi/pprint_3/0.9.0/pprint_3-0.9.0.jar:/Users/admin/Library/Caches/Coursier/v1/https/repo1.maven.org/maven2/org/scala-js/scalajs-env-nodejs_2.13/1.4.0/scalajs-env-nodejs_2.13-1.4.0.jar:/Users/admin/Library/Caches/Coursier/v1/https/repo1.maven.org/maven2/org/scala-js/scalajs-sbt-test-adapter_2.13/1.18.1/scalajs-sbt-test-adapter_2.13-1.18.1.jar:/Users/admin/Library/Caches/Coursier/v1/https/repo1.maven.org/maven2/com/swoval/file-tree-views/2.1.12/file-tree-views-2.1.12.jar:/Users/admin/Library/Caches/Coursier/v1/https/repo1.maven.org/maven2/org/virtuslab/scala-cli/zip-input-stream/zip-input-stream/0.1.2/zip-input-stream-0.1.2.jar:/Users/admin/Library/Caches/Coursier/v1/https/repo1.maven.org/maven2/org/virtuslab/scala-cli/options_3/1.6.1/options_3-1.6.1.jar:/Users/admin/Library/Caches/Coursier/v1/https/repo1.maven.org/maven2/org/virtuslab/scala-cli/directives_3/1.6.1/directives_3-1.6.1.jar:/Users/admin/Library/Caches/Coursier/v1/https/repo1.maven.org/maven2/org/virtuslab/scala-cli/scala-cli-bsp/1.6.1/scala-cli-bsp-1.6.1.jar:/Users/admin/Library/Caches/Coursier/v1/https/repo1.maven.org/maven2/org/virtuslab/scala-cli/test-runner_3/1.6.1/test-runner_3-1.6.1.jar:/Users/admin/Library/Caches/Coursier/v1/https/repo1.maven.org/maven2/org/virtuslab/scala-cli/tasty-lib_3/1.6.1/tasty-lib_3-1.6.1.jar:/Users/admin/Library/Caches/Coursier/v1/https/repo1.maven.org/maven2/io/github/alexarchambault/is-terminal/0.1.1/is-terminal-0.1.1.jar:/Users/admin/Library/Caches/Coursier/v1/https/repo1.maven.org/maven2/org/codehaus/plexus/plexus-archiver/4.10.0/plexus-archiver-4.10.0.jar:/Users/admin/Library/Caches/Coursier/v1/https/repo1.maven.org/maven2/org/codehaus/plexus/plexus-container-default/2.1.1/plexus-container-default-2.1.1.jar:/Users/admin/Library/Caches/Coursier/v1/https/repo1.maven.org/maven2/io/github/alexarchambault/windows-ansi/windows-ansi/0.0.6/windows-ansi-0.0.6.jar:/Users/admin/Library/Caches/Coursier/v1/https/repo1.maven.org/maven2/io/get-coursier/cache-util/2.1.24/cache-util-2.1.24.jar:/Users/admin/Library/Caches/Coursier/v1/https/repo1.maven.org/maven2/io/get-coursier/coursier-util_2.13/2.1.24/coursier-util_2.13-2.1.24.jar:/Users/admin/Library/Caches/Coursier/v1/https/repo1.maven.org/maven2/io/github/alexarchambault/concurrent-reference-hash-map/1.1.0/concurrent-reference-hash-map-1.1.0.jar:/Users/admin/Library/Caches/Coursier/v1/https/repo1.maven.org/maven2/org/scala-lang/modules/scala-xml_2.13/2.3.0/scala-xml_2.13-2.3.0.jar:/Users/admin/Library/Caches/Coursier/v1/https/repo1.maven.org/maven2/com/google/guava/failureaccess/1.0.2/failureaccess-1.0.2.jar:/Users/admin/Library/Caches/Coursier/v1/https/repo1.maven.org/maven2/com/google/guava/listenablefuture/9999.0-empty-to-avoid-conflict-with-guava/listenablefuture-9999.0-empty-to-avoid-conflict-with-guava.jar:/Users/admin/Library/Caches/Coursier/v1/https/repo1.maven.org/maven2/com/google/code/findbugs/jsr305/3.0.2/jsr305-3.0.2.jar:/Users/admin/Library/Caches/Coursier/v1/https/repo1.maven.org/maven2/org/checkerframework/checker-qual/3.43.0/checker-qual-3.43.0.jar:/Users/admin/Library/Caches/Coursier/v1/https/repo1.maven.org/maven2/com/google/errorprone/error_prone_annotations/2.36.0/error_prone_annotations-2.36.0.jar:/Users/admin/Library/Caches/Coursier/v1/https/repo1.maven.org/maven2/com/google/j2objc/j2objc-annotations/3.0.0/j2objc-annotations-3.0.0.jar:/Users/admin/Library/Caches/Coursier/v1/https/repo1.maven.org/maven2/org/scalameta/metaconfig-pprint_3/0.14.0/metaconfig-pprint_3-0.14.0.jar:/Users/admin/Library/Caches/Coursier/v1/https/repo1.maven.org/maven2/org/typelevel/paiges-core_3/0.4.4/paiges-core_3-0.4.4.jar:/Users/admin/Library/Caches/Coursier/v1/https/repo1.maven.org/maven2/org/scala-lang/scala-reflect/2.13.15/scala-reflect-2.13.15.jar:/Users/admin/Library/Caches/Coursier/v1/https/repo1.maven.org/maven2/com/google/cloud/tools/jib-build-plan/0.4.0/jib-build-plan-0.4.0.jar:/Users/admin/Library/Caches/Coursier/v1/https/repo1.maven.org/maven2/com/google/http-client/google-http-client/1.42.2/google-http-client-1.42.2.jar:/Users/admin/Library/Caches/Coursier/v1/https/repo1.maven.org/maven2/com/google/http-client/google-http-client-apache-v2/1.42.2/google-http-client-apache-v2-1.42.2.jar:/Users/admin/Library/Caches/Coursier/v1/https/repo1.maven.org/maven2/com/google/auth/google-auth-library-oauth2-http/1.10.0/google-auth-library-oauth2-http-1.10.0.jar:/Users/admin/Library/Caches/Coursier/v1/https/repo1.maven.org/maven2/org/apache/commons/commons-compress/1.26.2/commons-compress-1.26.2.jar:/Users/admin/Library/Caches/Coursier/v1/https/repo1.maven.org/maven2/com/fasterxml/jackson/core/jackson-databind/2.15.2/jackson-databind-2.15.2.jar:/Users/admin/Library/Caches/Coursier/v1/https/repo1.maven.org/maven2/com/fasterxml/jackson/datatype/jackson-datatype-jsr310/2.15.2/jackson-datatype-jsr310-2.15.2.jar:/Users/admin/Library/Caches/Coursier/v1/https/repo1.maven.org/maven2/org/bouncycastle/bcprov-jdk18on/1.78.1/bcprov-jdk18on-1.78.1.jar:/Users/admin/Library/Caches/Coursier/v1/https/repo1.maven.org/maven2/org/bouncycastle/bcutil-jdk18on/1.78.1/bcutil-jdk18on-1.78.1.jar:/Users/admin/Library/Caches/Coursier/v1/https/repo1.maven.org/maven2/org/scala-lang/scala3-compiler_3/3.3.4/scala3-compiler_3-3.3.4.jar:/Users/admin/Library/Caches/Coursier/v1/https/repo1.maven.org/maven2/org/scalameta/scalameta_2.13/4.9.9/scalameta_2.13-4.9.9.jar:/Users/admin/Library/Caches/Coursier/v1/https/repo1.maven.org/maven2/com/thesamet/scalapb/scalapb-runtime_2.13/0.11.17/scalapb-runtime_2.13-0.11.17.jar:/Users/admin/Library/Caches/Coursier/v1/https/repo1.maven.org/maven2/org/scala-native/tools_3/0.5.6/tools_3-0.5.6.jar:/Users/admin/Library/Caches/Coursier/v1/https/repo1.maven.org/maven2/org/scala-sbt/test-interface/1.0/test-interface-1.0.jar:/Users/admin/Library/Caches/Coursier/v1/https/repo1.maven.org/maven2/com/github/sbt/junit-interface/0.13.3/junit-interface-0.13.3.jar:/Users/admin/Library/Caches/Coursier/v1/https/repo1.maven.org/maven2/junit/junit/4.13.2/junit-4.13.2.jar:/Users/admin/Library/Caches/Coursier/v1/https/repo1.maven.org/maven2/com/lihaoyi/geny_3/1.1.1/geny_3-1.1.1.jar:/Users/admin/Library/Caches/Coursier/v1/https/repo1.maven.org/maven2/com/lihaoyi/fansi_3/0.5.0/fansi_3-0.5.0.jar:/Users/admin/Library/Caches/Coursier/v1/https/repo1.maven.org/maven2/org/scala-js/scalajs-js-envs_2.13/1.4.0/scalajs-js-envs_2.13-1.4.0.jar:/Users/admin/Library/Caches/Coursier/v1/https/repo1.maven.org/maven2/ch/epfl/scala/bloop-config_2.13/2.3.1/bloop-config_2.13-2.3.1.jar:/Users/admin/Library/Caches/Coursier/v1/https/repo1.maven.org/maven2/org/virtuslab/scala-cli/core_3/1.6.1/core_3-1.6.1.jar:/Users/admin/Library/Caches/Coursier/v1/https/repo1.maven.org/maven2/org/virtuslab/using_directives/1.1.4/using_directives-1.1.4.jar:/Users/admin/Library/Caches/Coursier/v1/https/repo1.maven.org/maven2/org/virtuslab/scala-cli/build-macros_3/1.6.1/build-macros_3-1.6.1.jar:/Users/admin/Library/Caches/Coursier/v1/https/repo1.maven.org/maven2/ch/epfl/scala/bsp4j/2.1.1/bsp4j-2.1.1.jar:/Users/admin/Library/Caches/Coursier/v1/https/repo1.maven.org/maven2/javax/inject/javax.inject/1/javax.inject-1.jar:/Users/admin/Library/Caches/Coursier/v1/https/repo1.maven.org/maven2/org/codehaus/plexus/plexus-utils/4.0.1/plexus-utils-4.0.1.jar:/Users/admin/Library/Caches/Coursier/v1/https/repo1.maven.org/maven2/org/codehaus/plexus/plexus-io/3.5.0/plexus-io-3.5.0.jar:/Users/admin/Library/Caches/Coursier/v1/https/repo1.maven.org/maven2/io/airlift/aircompressor/0.27/aircompressor-0.27.jar:/Users/admin/Library/Caches/Coursier/v1/https/repo1.maven.org/maven2/org/tukaani/xz/1.9/xz-1.9.jar:/Users/admin/Library/Caches/Coursier/v1/https/repo1.maven.org/maven2/com/github/luben/zstd-jni/1.5.6-3/zstd-jni-1.5.6-3.jar:/Users/admin/Library/Caches/Coursier/v1/https/repo1.maven.org/maven2/org/codehaus/plexus/plexus-classworlds/2.6.0/plexus-classworlds-2.6.0.jar:/Users/admin/Library/Caches/Coursier/v1/https/repo1.maven.org/maven2/org/apache/xbean/xbean-reflect/3.7/xbean-reflect-3.7.jar:/Users/admin/Library/Caches/Coursier/v1/https/repo1.maven.org/maven2/org/fusesource/jansi/jansi/2.4.1/jansi-2.4.1.jar:/Users/admin/Library/Caches/Coursier/v1/https/repo1.maven.org/maven2/org/apache/httpcomponents/httpclient/4.5.13/httpclient-4.5.13.jar:/Users/admin/Library/Caches/Coursier/v1/https/repo1.maven.org/maven2/org/apache/httpcomponents/httpcore/4.4.15/httpcore-4.4.15.jar:/Users/admin/Library/Caches/Coursier/v1/https/repo1.maven.org/maven2/io/opencensus/opencensus-api/0.31.1/opencensus-api-0.31.1.jar:/Users/admin/Library/Caches/Coursier/v1/https/repo1.maven.org/maven2/io/opencensus/opencensus-contrib-http-util/0.31.1/opencensus-contrib-http-util-0.31.1.jar:/Users/admin/Library/Caches/Coursier/v1/https/repo1.maven.org/maven2/com/google/auto/value/auto-value-annotations/1.9/auto-value-annotations-1.9.jar:/Users/admin/Library/Caches/Coursier/v1/https/repo1.maven.org/maven2/com/google/auth/google-auth-library-credentials/1.10.0/google-auth-library-credentials-1.10.0.jar:/Users/admin/Library/Caches/Coursier/v1/https/repo1.maven.org/maven2/com/google/http-client/google-http-client-gson/1.42.2/google-http-client-gson-1.42.2.jar:/Users/admin/Library/Caches/Coursier/v1/https/repo1.maven.org/maven2/commons-codec/commons-codec/1.17.0/commons-codec-1.17.0.jar:/Users/admin/Library/Caches/Coursier/v1/https/repo1.maven.org/maven2/org/apache/commons/commons-lang3/3.14.0/commons-lang3-3.14.0.jar:/Users/admin/Library/Caches/Coursier/v1/https/repo1.maven.org/maven2/com/fasterxml/jackson/core/jackson-annotations/2.15.2/jackson-annotations-2.15.2.jar:/Users/admin/Library/Caches/Coursier/v1/https/repo1.maven.org/maven2/com/fasterxml/jackson/core/jackson-core/2.15.2/jackson-core-2.15.2.jar:/Users/admin/Library/Caches/Coursier/v1/https/repo1.maven.org/maven2/org/scala-lang/scala3-interfaces/3.3.4/scala3-interfaces-3.3.4.jar:/Users/admin/Library/Caches/Coursier/v1/https/repo1.maven.org/maven2/org/scala-lang/tasty-core_3/3.3.4/tasty-core_3-3.3.4.jar:/Users/admin/Library/Caches/Coursier/v1/https/repo1.maven.org/maven2/org/scala-lang/modules/scala-asm/9.6.0-scala-1/scala-asm-9.6.0-scala-1.jar:/Users/admin/Library/Caches/Coursier/v1/https/repo1.maven.org/maven2/org/scala-sbt/compiler-interface/1.9.6/compiler-interface-1.9.6.jar:/Users/admin/Library/Caches/Coursier/v1/https/repo1.maven.org/maven2/org/scalameta/parsers_2.13/4.9.9/parsers_2.13-4.9.9.jar:/Users/admin/Library/Caches/Coursier/v1/https/repo1.maven.org/maven2/org/scala-lang/scalap/2.13.11/scalap-2.13.11.jar:/Users/admin/Library/Caches/Coursier/v1/https/repo1.maven.org/maven2/com/thesamet/scalapb/lenses_2.13/0.11.17/lenses_2.13-0.11.17.jar:/Users/admin/Library/Caches/Coursier/v1/https/repo1.maven.org/maven2/com/google/protobuf/protobuf-java/3.19.6/protobuf-java-3.19.6.jar:/Users/admin/Library/Caches/Coursier/v1/https/repo1.maven.org/maven2/org/scala-native/nir_3/0.5.6/nir_3-0.5.6.jar:/Users/admin/Library/Caches/Coursier/v1/https/repo1.maven.org/maven2/org/scala-native/util_3/0.5.6/util_3-0.5.6.jar:/Users/admin/Library/Caches/Coursier/v1/https/repo1.maven.org/maven2/org/hamcrest/hamcrest-core/1.3/hamcrest-core-1.3.jar:/Users/admin/Library/Caches/Coursier/v1/https/repo1.maven.org/maven2/org/scala-js/scalajs-logging_2.13/1.1.1/scalajs-logging_2.13-1.1.1.jar:/Users/admin/Library/Caches/Coursier/v1/https/repo1.maven.org/maven2/com/lihaoyi/unroll-annotation_2.13/0.1.12/unroll-annotation_2.13-0.1.12.jar:/Users/admin/Library/Caches/Coursier/v1/https/repo1.maven.org/maven2/ch/epfl/scala/bloop-rifle_2.13/2.0.8/bloop-rifle_2.13-2.0.8.jar:/Users/admin/Library/Caches/Coursier/v1/https/repo1.maven.org/maven2/io/get-coursier/coursier-jvm_2.13/2.1.24/coursier-jvm_2.13-2.1.24.jar:/Users/admin/Library/Caches/Coursier/v1/https/repo1.maven.org/maven2/io/get-coursier/dependency_3/0.3.2/dependency_3-0.3.2.jar:/Users/admin/Library/Caches/Coursier/v1/https/repo1.maven.org/maven2/org/eclipse/jgit/org.eclipse.jgit/6.8.0.202311291450-r/org.eclipse.jgit-6.8.0.202311291450-r.jar:/Users/admin/Library/Caches/Coursier/v1/https/repo1.maven.org/maven2/org/scala-js/scalajs-env-jsdom-nodejs_2.13/1.1.0/scalajs-env-jsdom-nodejs_2.13-1.1.0.jar:/Users/admin/Library/Caches/Coursier/v1/https/repo1.maven.org/maven2/org/eclipse/lsp4j/org.eclipse.lsp4j.generator/0.20.1/org.eclipse.lsp4j.generator-0.20.1.jar:/Users/admin/Library/Caches/Coursier/v1/https/repo1.maven.org/maven2/org/eclipse/lsp4j/org.eclipse.lsp4j.jsonrpc/0.20.1/org.eclipse.lsp4j.jsonrpc-0.20.1.jar:/Users/admin/Library/Caches/Coursier/v1/https/repo1.maven.org/maven2/commons-logging/commons-logging/1.2/commons-logging-1.2.jar:/Users/admin/Library/Caches/Coursier/v1/https/repo1.maven.org/maven2/io/grpc/grpc-context/1.27.2/grpc-context-1.27.2.jar:/Users/admin/Library/Caches/Coursier/v1/https/repo1.maven.org/maven2/com/google/code/gson/gson/2.10.1/gson-2.10.1.jar:/Users/admin/Library/Caches/Coursier/v1/https/repo1.maven.org/maven2/org/scala-sbt/util-interface/1.9.8/util-interface-1.9.8.jar:/Users/admin/Library/Caches/Coursier/v1/https/repo1.maven.org/maven2/org/scalameta/trees_2.13/4.9.9/trees_2.13-4.9.9.jar:/Users/admin/Library/Caches/Coursier/v1/https/repo1.maven.org/maven2/org/scala-lang/scala-compiler/2.13.11/scala-compiler-2.13.11.jar:/Users/admin/Library/Caches/Coursier/v1/https/repo1.maven.org/maven2/ch/epfl/scala/libdaemon_2.13/0.0.12/libdaemon_2.13-0.0.12.jar:/Users/admin/Library/Caches/Coursier/v1/https/repo1.maven.org/maven2/io/github/alexarchambault/scala-cli/snailgun/snailgun-core_2.13/0.4.1-sc2/snailgun-core_2.13-0.4.1-sc2.jar:/Users/admin/Library/Caches/Coursier/v1/https/repo1.maven.org/maven2/io/get-coursier/coursier_2.13/2.1.24/coursier_2.13-2.1.24.jar:/Users/admin/Library/Caches/Coursier/v1/https/repo1.maven.org/maven2/io/get-coursier/coursier-env_2.13/2.1.24/coursier-env_2.13-2.1.24.jar:/Users/admin/Library/Caches/Coursier/v1/https/repo1.maven.org/maven2/com/googlecode/javaewah/JavaEWAH/1.2.3/JavaEWAH-1.2.3.jar:/Users/admin/Library/Caches/Coursier/v1/https/repo1.maven.org/maven2/org/eclipse/xtend/org.eclipse.xtend.lib/2.28.0/org.eclipse.xtend.lib-2.28.0.jar:/Users/admin/Library/Caches/Coursier/v1/https/repo1.maven.org/maven2/org/scalameta/common_2.13/4.9.9/common_2.13-4.9.9.jar:/Users/admin/Library/Caches/Coursier/v1/https/repo1.maven.org/maven2/io/github/java-diff-utils/java-diff-utils/4.12/java-diff-utils-4.12.jar:/Users/admin/Library/Caches/Coursier/v1/https/repo1.maven.org/maven2/io/get-coursier/dependency_2.13/0.3.2/dependency_2.13-0.3.2.jar:/Users/admin/Library/Caches/Coursier/v1/https/repo1.maven.org/maven2/org/eclipse/xtext/org.eclipse.xtext.xbase.lib/2.28.0/org.eclipse.xtext.xbase.lib-2.28.0.jar:/Users/admin/Library/Caches/Coursier/v1/https/repo1.maven.org/maven2/org/eclipse/xtend/org.eclipse.xtend.lib.macro/2.28.0/org.eclipse.xtend.lib.macro-2.28.0.jar, scala.cli.ScalaCli, bsp, /Users/admin/datastructure)
2025.02.17 18:35:14 INFO  tracing is disabled for protocol BSP, to enable tracing of incoming and outgoing JSON messages create an empty file at /Users/admin/datastructure/.metals/bsp.trace.json or /Users/admin/Library/Caches/org.scalameta.metals/bsp.trace.json
2025.02.17 18:35:14 INFO  no build target found for /Users/admin/datastructure/sortInWave.scala. Using presentation compiler with project's scala-library version: 3.3.4
2025.02.17 18:35:14 INFO  no build target found for /Users/admin/datastructure/sortInWave.scala. Using presentation compiler with project's scala-library version: 3.3.4
2025.02.17 18:35:14 INFO  no build target found for /Users/admin/datastructure/sortInWave.scala. Using presentation compiler with project's scala-library version: 3.3.4
2025.02.17 18:35:14 INFO  no build target found for /Users/admin/datastructure/sortInWave.scala. Using presentation compiler with project's scala-library version: 3.3.4
2025.02.17 18:35:15 WARN  no build target for: /Users/admin/datastructure/sortInWave.scala
2025.02.17 18:35:15 INFO  no build target found for /Users/admin/datastructure/sortInWave.scala. Using presentation compiler with project's scala-library version: 3.3.4
2025.02.17 18:35:16 INFO  no build target found for /Users/admin/datastructure/sortInWave.scala. Using presentation compiler with project's scala-library version: 3.3.4
2025.02.17 18:35:16 INFO  no build target found for /Users/admin/datastructure/sortInWave.scala. Using presentation compiler with project's scala-library version: 3.3.4
2025.02.17 18:35:16 INFO  no build target found for /Users/admin/datastructure/sortInWave.scala. Using presentation compiler with project's scala-library version: 3.3.4
2025.02.17 18:35:16 INFO  no build target found for /Users/admin/datastructure/sortInWave.scala. Using presentation compiler with project's scala-library version: 3.3.4
2025.02.17 18:35:19 INFO  no build target found for /Users/admin/datastructure/sortInWave.scala. Using presentation compiler with project's scala-library version: 3.3.4
2025.02.17 18:35:20 INFO  Connected to Scala CLI server v1.6.1
2025.02.17 18:35:21 INFO  compiling datastructure_d5c0a6989e (1 scala source)
2025.02.17 18:35:21 INFO  compiling datastructure_d5c0a6989e (1 scala source)
2025.02.17 18:35:21 INFO  no build target found for /Users/admin/datastructure/sortInWave.scala. Using presentation compiler with project's scala-library version: 3.3.4
2025.02.17 18:35:21 INFO  no build target found for /Users/admin/datastructure/sortInWave.scala. Using presentation compiler with project's scala-library version: 3.3.4
2025.02.17 18:35:22 INFO  no build target found for /Users/admin/datastructure/sortInWave.scala. Using presentation compiler with project's scala-library version: 3.3.4
2025.02.17 18:35:22 INFO  no build target found for /Users/admin/datastructure/sortInWave.scala. Using presentation compiler with project's scala-library version: 3.3.4
2025.02.17 18:35:25 INFO  compiling datastructure_d5c0a6989e (1 scala source)
2025.02.17 18:35:25 INFO  time: compiled datastructure_d5c0a6989e in 0.32s
2025.02.17 18:35:29 INFO  compiling datastructure_d5c0a6989e (1 scala source)
2025.02.17 18:35:29 INFO  time: indexed workspace in 8.56s
2025.02.17 18:35:29 INFO  Deduplicating compilation of datastructure_d5c0a6989e from bsp client 'scala-cli 1.6.1' (since 10.285s)
2025.02.17 18:35:29 INFO  compiling datastructure_d5c0a6989e (1 scala source)
2025.02.17 18:35:29 INFO  time: compiled datastructure_d5c0a6989e in 0.26s
2025.02.17 18:35:29 INFO  Scala CLI started for /Users/admin/datastructure
2025.02.17 18:35:29 WARN  no build tool detected in workspace '/Users/admin/datastructure'. The most common cause for this problem is that the editor was opened in the wrong working directory, for example if you use sbt then the workspace directory should contain build.sbt. 
2025.02.17 18:35:29 WARN  Build server is not auto-connectable.
2025.02.17 18:35:43 INFO  compiling datastructure_d5c0a6989e (1 scala source)
2025.02.17 18:35:43 INFO  time: compiled datastructure_d5c0a6989e in 0.48s
2025.02.17 18:35:49 INFO  compiling datastructure_d5c0a6989e (1 scala source)
2025.02.17 18:35:49 INFO  time: compiled datastructure_d5c0a6989e in 0.17s
2025.02.17 18:36:23 INFO  compiling datastructure_d5c0a6989e (1 scala source)
2025.02.17 18:36:23 INFO  time: compiled datastructure_d5c0a6989e in 0.18s
2025.02.17 18:36:37 INFO  compiling datastructure_d5c0a6989e (1 scala source)
2025.02.17 18:36:37 INFO  time: compiled datastructure_d5c0a6989e in 0.14s
2025.02.17 18:36:47 INFO  compiling datastructure_d5c0a6989e (1 scala source)
2025.02.17 18:36:47 INFO  time: compiled datastructure_d5c0a6989e in 0.12s
2025.02.17 18:36:55 INFO  compiling datastructure_d5c0a6989e (1 scala source)
2025.02.17 18:36:55 INFO  time: compiled datastructure_d5c0a6989e in 0.12s
2025.02.17 18:37:01 INFO  compiling datastructure_d5c0a6989e (1 scala source)
2025.02.17 18:37:01 INFO  time: compiled datastructure_d5c0a6989e in 61ms
2025.02.17 18:37:06 INFO  compiling datastructure_d5c0a6989e (1 scala source)
2025.02.17 18:37:06 INFO  time: compiled datastructure_d5c0a6989e in 82ms
2025.02.17 18:37:08 INFO  compiling datastructure_d5c0a6989e (1 scala source)
2025.02.17 18:37:08 INFO  time: compiled datastructure_d5c0a6989e in 80ms
2025.02.17 18:37:08 INFO  compiling datastructure_d5c0a6989e (1 scala source)
2025.02.17 18:37:08 INFO  time: compiled datastructure_d5c0a6989e in 78ms
Feb 17, 2025 6:37:13 P.M. org.eclipse.lsp4j.jsonrpc.services.GenericEndpoint notify
WARNING: Unsupported notification method: metals/windowStateDidChange
Feb 17, 2025 6:37:17 P.M. org.eclipse.lsp4j.jsonrpc.services.GenericEndpoint notify
WARNING: Unsupported notification method: metals/windowStateDidChange
2025.02.17 18:37:20 INFO  compiling datastructure_d5c0a6989e (1 scala source)
2025.02.17 18:37:20 INFO  time: compiled datastructure_d5c0a6989e in 94ms
Feb 17, 2025 6:37:27 P.M. org.eclipse.lsp4j.jsonrpc.services.GenericEndpoint notify
WARNING: Unsupported notification method: metals/windowStateDidChange
Feb 17, 2025 6:38:13 P.M. org.eclipse.lsp4j.jsonrpc.services.GenericEndpoint notify
WARNING: Unsupported notification method: metals/windowStateDidChange
Feb 17, 2025 6:38:28 P.M. org.eclipse.lsp4j.jsonrpc.services.GenericEndpoint notify
WARNING: Unsupported notification method: metals/windowStateDidChange
Feb 17, 2025 6:38:30 P.M. org.eclipse.lsp4j.jsonrpc.services.GenericEndpoint notify
WARNING: Unsupported notification method: metals/windowStateDidChange
2025.02.17 18:38:33 INFO  compiling datastructure_d5c0a6989e (1 scala source)
2025.02.17 18:38:33 INFO  time: compiled datastructure_d5c0a6989e in 0.1s
Feb 17, 2025 6:38:42 P.M. org.eclipse.lsp4j.jsonrpc.services.GenericEndpoint notify
WARNING: Unsupported notification method: metals/windowStateDidChange
Feb 17, 2025 6:38:46 P.M. org.eclipse.lsp4j.jsonrpc.services.GenericEndpoint notify
WARNING: Unsupported notification method: metals/windowStateDidChange
2025.02.17 18:38:54 INFO  time: compiled datastructure_d5c0a6989e in 5ms
2025.02.17 18:39:06 INFO  compiling datastructure_d5c0a6989e (1 scala source)
2025.02.17 18:39:06 INFO  time: compiled datastructure_d5c0a6989e in 0.25s
2025.02.17 18:39:13 INFO  compiling datastructure_d5c0a6989e (1 scala source)
2025.02.17 18:39:13 INFO  time: compiled datastructure_d5c0a6989e in 0.14s
2025.02.17 18:39:30 INFO  compiling datastructure_d5c0a6989e (1 scala source)
2025.02.17 18:39:30 INFO  time: compiled datastructure_d5c0a6989e in 0.15s
2025.02.17 18:40:29 INFO  compiling datastructure_d5c0a6989e (1 scala source)
2025.02.17 18:40:29 INFO  time: compiled datastructure_d5c0a6989e in 0.15s
2025.02.17 18:40:40 INFO  compiling datastructure_d5c0a6989e (1 scala source)
2025.02.17 18:40:40 INFO  time: compiled datastructure_d5c0a6989e in 0.27s
2025.02.17 18:40:46 INFO  compiling datastructure_d5c0a6989e (1 scala source)
2025.02.17 18:40:46 WARN  there was 1 deprecation warning; re-run with -deprecation for details
2025.02.17 18:40:46 INFO  time: compiled datastructure_d5c0a6989e in 0.15s
2025.02.17 18:40:55 INFO  compiling datastructure_d5c0a6989e (1 scala source)
2025.02.17 18:40:55 WARN  there was 1 deprecation warning; re-run with -deprecation for details
2025.02.17 18:40:55 INFO  time: compiled datastructure_d5c0a6989e in 0.13s
Feb 17, 2025 6:41:33 P.M. org.eclipse.lsp4j.jsonrpc.services.GenericEndpoint notify
WARNING: Unsupported notification method: metals/windowStateDidChange
Feb 17, 2025 6:41:41 P.M. org.eclipse.lsp4j.jsonrpc.services.GenericEndpoint notify
WARNING: Unsupported notification method: metals/windowStateDidChange
Feb 17, 2025 6:41:42 P.M. org.eclipse.lsp4j.jsonrpc.services.GenericEndpoint notify
WARNING: Unsupported notification method: metals/windowStateDidChange
Feb 17, 2025 6:42:03 P.M. org.eclipse.lsp4j.jsonrpc.services.GenericEndpoint notify
WARNING: Unsupported notification method: metals/windowStateDidChange
Feb 17, 2025 6:42:43 P.M. org.eclipse.lsp4j.jsonrpc.services.GenericEndpoint notify
WARNING: Unsupported notification method: metals/windowStateDidChange
Feb 17, 2025 6:42:49 P.M. org.eclipse.lsp4j.jsonrpc.services.GenericEndpoint notify
WARNING: Unsupported notification method: metals/windowStateDidChange
Feb 17, 2025 6:43:59 P.M. org.eclipse.lsp4j.jsonrpc.services.GenericEndpoint notify
WARNING: Unsupported notification method: metals/windowStateDidChange
Feb 17, 2025 6:46:03 P.M. org.eclipse.lsp4j.jsonrpc.services.GenericEndpoint notify
WARNING: Unsupported notification method: metals/windowStateDidChange
Feb 17, 2025 6:47:13 P.M. org.eclipse.lsp4j.jsonrpc.services.GenericEndpoint notify
WARNING: Unsupported notification method: metals/windowStateDidChange
Feb 17, 2025 6:47:50 P.M. org.eclipse.lsp4j.jsonrpc.services.GenericEndpoint notify
WARNING: Unsupported notification method: metals/windowStateDidChange
2025.02.17 18:49:30 INFO  compiling datastructure_d5c0a6989e (1 scala source)
2025.02.17 18:49:30 WARN  there was 1 deprecation warning; re-run with -deprecation for details
2025.02.17 18:49:30 INFO  time: compiled datastructure_d5c0a6989e in 0.18s
Feb 17, 2025 6:51:49 P.M. scala.meta.internal.metals.StdReporter $anonfun$create$1
SEVERE: empty definition using pc, found symbol in pc: `<none>`. (full report at: /Users/admin/datastructure/.metals/.reports/metals-full/2025-02-17/r_empty-definition_(datastructure_d5c0a6989e)_18-26-43-986.md)
Feb 17, 2025 6:51:50 P.M. org.eclipse.lsp4j.jsonrpc.services.GenericEndpoint notify
WARNING: Unsupported notification method: metals/windowStateDidChange
2025.02.17 18:52:08 INFO  Shut down connection with build server.
java.util.concurrent.RejectedExecutionException: Task Future(<not completed>) rejected from java.util.concurrent.ThreadPoolExecutor@6574b225[Shutting down, pool size = 2, active threads = 2, queued tasks = 0, completed tasks = 16174]
	at java.base/java.util.concurrent.ThreadPoolExecutor$AbortPolicy.rejectedExecution(ThreadPoolExecutor.java:2081)
	at java.base/java.util.concurrent.ThreadPoolExecutor.reject(ThreadPoolExecutor.java:841)
	at java.base/java.util.concurrent.ThreadPoolExecutor.execute(ThreadPoolExecutor.java:1376)
	at scala.concurrent.impl.ExecutionContextImpl.execute(ExecutionContextImpl.scala:21)
	at scala.concurrent.impl.Promise$Transformation.submitWithValue(Promise.scala:429)
	at scala.concurrent.impl.Promise$DefaultPromise.submitWithValue(Promise.scala:338)
	at scala.concurrent.impl.Promise$DefaultPromise.tryComplete0(Promise.scala:285)
	at scala.concurrent.impl.Promise$Transformation.handleFailure(Promise.scala:444)
	at scala.concurrent.impl.Promise$Transformation.submitWithValue(Promise.scala:435)
	at scala.concurrent.impl.Promise$DefaultPromise.submitWithValue(Promise.scala:338)
	at scala.concurrent.impl.Promise$DefaultPromise.tryComplete0(Promise.scala:285)
	at scala.concurrent.impl.Promise$Transformation.handleFailure(Promise.scala:444)
	at scala.concurrent.impl.Promise$Transformation.run(Promise.scala:506)
	at java.base/java.util.concurrent.ThreadPoolExecutor.runWorker(ThreadPoolExecutor.java:1144)
	at java.base/java.util.concurrent.ThreadPoolExecutor$Worker.run(ThreadPoolExecutor.java:642)
	at java.base/java.lang.Thread.run(Thread.java:1589)
2025.02.17 18:52:15 INFO  Started: Metals version 1.5.1 in folders '/Users/admin/datastructure' for client Visual Studio Code 1.85.1.
2025.02.17 18:52:16 INFO  no build target found for /Users/admin/datastructure/sortInWave.scala. Using presentation compiler with project's scala-library version: 3.3.4
2025.02.17 18:52:26 INFO  Started: Metals version 1.5.1 in folders '/Users/admin/datastructure' for client Visual Studio Code 1.85.1.
2025.02.17 18:52:27 INFO  no build target found for /Users/admin/datastructure/sortInWave.scala. Using presentation compiler with project's scala-library version: 3.3.4
Feb 17, 2025 6:52:28 P.M. org.eclipse.lsp4j.jsonrpc.RemoteEndpoint handleCancellation
WARNING: Unmatched cancel notification for request id 1
Feb 17, 2025 6:52:28 P.M. org.eclipse.lsp4j.jsonrpc.RemoteEndpoint handleCancellation
WARNING: Unmatched cancel notification for request id 2
Feb 17, 2025 6:52:28 P.M. org.eclipse.lsp4j.jsonrpc.RemoteEndpoint handleCancellation
WARNING: Unmatched cancel notification for request id 3
2025.02.17 18:52:28 INFO  no build target found for /Users/admin/datastructure/sortInWave.scala. Using presentation compiler with project's scala-library version: 3.3.4
2025.02.17 18:52:28 INFO  no build target found for /Users/admin/datastructure/sortInWave.scala. Using presentation compiler with project's scala-library version: 3.3.4
2025.02.17 18:52:29 WARN  scala-cli >= 0.1.3 not found in PATH, fetching and starting a JVM-based Scala CLI
2025.02.17 18:52:30 INFO  Running List(/Library/Java/JavaVirtualMachines/jdk-19.jdk/Contents/Home/bin/java, -cp, /Users/admin/Library/Caches/Coursier/v1/https/repo1.maven.org/maven2/org/virtuslab/scala-cli/cli_3/1.6.1/cli_3-1.6.1.jar:/Users/admin/Library/Caches/Coursier/v1/https/repo1.maven.org/maven2/com/github/alexarchambault/case-app_3/2.1.0-M29/case-app_3-2.1.0-M29.jar:/Users/admin/Library/Caches/Coursier/v1/https/repo1.maven.org/maven2/io/get-coursier/coursier-launcher_2.13/2.1.24/coursier-launcher_2.13-2.1.24.jar:/Users/admin/Library/Caches/Coursier/v1/https/repo1.maven.org/maven2/io/get-coursier/coursier-proxy-setup/2.1.24/coursier-proxy-setup-2.1.24.jar:/Users/admin/Library/Caches/Coursier/v1/https/repo1.maven.org/maven2/io/get-coursier/publish/publish_2.13/0.2.0/publish_2.13-0.2.0.jar:/Users/admin/Library/Caches/Coursier/v1/https/repo1.maven.org/maven2/com/google/jimfs/jimfs/1.3.0/jimfs-1.3.0.jar:/Users/admin/Library/Caches/Coursier/v1/https/repo1.maven.org/maven2/io/get-coursier/jniutils/windows-jni-utils/0.3.3/windows-jni-utils-0.3.3.jar:/Users/admin/Library/Caches/Coursier/v1/https/repo1.maven.org/maven2/com/github/plokhotnyuk/jsoniter-scala/jsoniter-scala-core_3/2.13.5.2/jsoniter-scala-core_3-2.13.5.2.jar:/Users/admin/Library/Caches/Coursier/v1/https/repo1.maven.org/maven2/org/virtuslab/scala-cli/libsodiumjni/0.0.4/libsodiumjni-0.0.4.jar:/Users/admin/Library/Caches/Coursier/v1/https/repo1.maven.org/maven2/org/scalameta/metaconfig-typesafe-config_3/0.14.0/metaconfig-typesafe-config_3-0.14.0.jar:/Users/admin/Library/Caches/Coursier/v1/https/repo1.maven.org/maven2/ai/kien/python-native-libs_3/0.2.4/python-native-libs_3-0.2.4.jar:/Users/admin/Library/Caches/Coursier/v1/https/repo1.maven.org/maven2/org/virtuslab/scala-packager_2.13/0.1.31/scala-packager_2.13-0.1.31.jar:/Users/admin/Library/Caches/Coursier/v1/https/repo1.maven.org/maven2/org/virtuslab/scala-cli-signing/cli_3/0.2.4/cli_3-0.2.4.jar:/Users/admin/Library/Caches/Coursier/v1/https/repo1.maven.org/maven2/org/slf4j/slf4j-nop/2.0.16/slf4j-nop-2.0.16.jar:/Users/admin/Library/Caches/Coursier/v1/https/repo1.maven.org/maven2/com/softwaremill/sttp/client3/core_2.13/3.10.2/core_2.13-3.10.2.jar:/Users/admin/Library/Caches/Coursier/v1/https/repo1.maven.org/maven2/ch/epfl/scala/scalafix-interfaces/0.14.0/scalafix-interfaces-0.14.0.jar:/Users/admin/Library/Caches/Coursier/v1/https/repo1.maven.org/maven2/org/scala-lang/scala3-library_3/3.3.4/scala3-library_3-3.3.4.jar:/Users/admin/Library/Caches/Coursier/v1/https/repo1.maven.org/maven2/org/virtuslab/scala-cli/build-module_3/1.6.1/build-module_3-1.6.1.jar:/Users/admin/Library/Caches/Coursier/v1/https/repo1.maven.org/maven2/org/virtuslab/scala-cli/config_3/1.6.1/config_3-1.6.1.jar:/Users/admin/Library/Caches/Coursier/v1/https/repo1.maven.org/maven2/org/virtuslab/scala-cli/scala3-graal_3/1.6.1/scala3-graal_3-1.6.1.jar:/Users/admin/Library/Caches/Coursier/v1/https/repo1.maven.org/maven2/org/virtuslab/scala-cli/specification-level_3/1.6.1/specification-level_3-1.6.1.jar:/Users/admin/Library/Caches/Coursier/v1/https/repo1.maven.org/maven2/com/lihaoyi/sourcecode_3/0.4.2/sourcecode_3-0.4.2.jar:/Users/admin/Library/Caches/Coursier/v1/https/repo1.maven.org/maven2/com/github/alexarchambault/case-app-annotations_3/2.1.0-M29/case-app-annotations_3-2.1.0-M29.jar:/Users/admin/Library/Caches/Coursier/v1/https/repo1.maven.org/maven2/com/github/alexarchambault/case-app-util_3/2.1.0-M29/case-app-util_3-2.1.0-M29.jar:/Users/admin/Library/Caches/Coursier/v1/https/repo1.maven.org/maven2/io/github/alexarchambault/scala-cli/tmp/zip-input-stream/0.1.1/zip-input-stream-0.1.1.jar:/Users/admin/Library/Caches/Coursier/v1/https/repo1.maven.org/maven2/org/scala-lang/scala-library/2.13.16/scala-library-2.13.16.jar:/Users/admin/Library/Caches/Coursier/v1/https/repo1.maven.org/maven2/io/get-coursier/coursier-cache_2.13/2.1.24/coursier-cache_2.13-2.1.24.jar:/Users/admin/Library/Caches/Coursier/v1/https/repo1.maven.org/maven2/io/get-coursier/coursier-core_2.13/2.1.24/coursier-core_2.13-2.1.24.jar:/Users/admin/Library/Caches/Coursier/v1/https/repo1.maven.org/maven2/com/google/guava/guava/33.4.0-jre/guava-33.4.0-jre.jar:/Users/admin/Library/Caches/Coursier/v1/https/repo1.maven.org/maven2/net/java/dev/jna/jna/5.13.0/jna-5.13.0.jar:/Users/admin/Library/Caches/Coursier/v1/https/repo1.maven.org/maven2/net/java/dev/jna/jna-platform/5.12.1/jna-platform-5.12.1.jar:/Users/admin/Library/Caches/Coursier/v1/https/repo1.maven.org/maven2/org/scalameta/metaconfig-core_3/0.14.0/metaconfig-core_3-0.14.0.jar:/Users/admin/Library/Caches/Coursier/v1/https/repo1.maven.org/maven2/com/typesafe/config/1.4.3/config-1.4.3.jar:/Users/admin/Library/Caches/Coursier/v1/https/repo1.maven.org/maven2/org/scala-lang/modules/scala-collection-compat_3/2.12.0/scala-collection-compat_3-2.12.0.jar:/Users/admin/Library/Caches/Coursier/v1/https/repo1.maven.org/maven2/commons-io/commons-io/2.18.0/commons-io-2.18.0.jar:/Users/admin/Library/Caches/Coursier/v1/https/repo1.maven.org/maven2/com/google/cloud/tools/jib-core/0.27.2/jib-core-0.27.2.jar:/Users/admin/Library/Caches/Coursier/v1/https/repo1.maven.org/maven2/org/bouncycastle/bcpg-jdk18on/1.78.1/bcpg-jdk18on-1.78.1.jar:/Users/admin/Library/Caches/Coursier/v1/https/repo1.maven.org/maven2/org/virtuslab/scala-cli-signing/shared_3/0.2.4/shared_3-0.2.4.jar:/Users/admin/Library/Caches/Coursier/v1/https/repo1.maven.org/maven2/org/slf4j/slf4j-api/2.0.16/slf4j-api-2.0.16.jar:/Users/admin/Library/Caches/Coursier/v1/https/repo1.maven.org/maven2/com/softwaremill/sttp/model/core_2.13/1.7.11/core_2.13-1.7.11.jar:/Users/admin/Library/Caches/Coursier/v1/https/repo1.maven.org/maven2/com/softwaremill/sttp/shared/core_2.13/1.3.22/core_2.13-1.3.22.jar:/Users/admin/Library/Caches/Coursier/v1/https/repo1.maven.org/maven2/com/softwaremill/sttp/shared/ws_2.13/1.3.22/ws_2.13-1.3.22.jar:/Users/admin/Library/Caches/Coursier/v1/https/repo1.maven.org/maven2/io/get-coursier/interface/1.0.26/interface-1.0.26.jar:/Users/admin/Library/Caches/Coursier/v1/https/repo1.maven.org/maven2/org/ow2/asm/asm/9.7.1/asm-9.7.1.jar:/Users/admin/Library/Caches/Coursier/v1/https/repo1.maven.org/maven2/org/virtuslab/scala-cli/java-class-name/java-class-name_3/0.1.4/java-class-name_3-0.1.4.jar:/Users/admin/Library/Caches/Coursier/v1/https/repo1.maven.org/maven2/org/scalameta/semanticdb-shared_2.13.16/4.9.9/semanticdb-shared_2.13.16-4.9.9.jar:/Users/admin/Library/Caches/Coursier/v1/https/repo1.maven.org/maven2/org/scala-native/test-runner_3/0.5.6/test-runner_3-0.5.6.jar:/Users/admin/Library/Caches/Coursier/v1/https/repo1.maven.org/maven2/com/lihaoyi/os-lib_3/0.11.3/os-lib_3-0.11.3.jar:/Users/admin/Library/Caches/Coursier/v1/https/repo1.maven.org/maven2/com/lihaoyi/pprint_3/0.9.0/pprint_3-0.9.0.jar:/Users/admin/Library/Caches/Coursier/v1/https/repo1.maven.org/maven2/org/scala-js/scalajs-env-nodejs_2.13/1.4.0/scalajs-env-nodejs_2.13-1.4.0.jar:/Users/admin/Library/Caches/Coursier/v1/https/repo1.maven.org/maven2/org/scala-js/scalajs-sbt-test-adapter_2.13/1.18.1/scalajs-sbt-test-adapter_2.13-1.18.1.jar:/Users/admin/Library/Caches/Coursier/v1/https/repo1.maven.org/maven2/com/swoval/file-tree-views/2.1.12/file-tree-views-2.1.12.jar:/Users/admin/Library/Caches/Coursier/v1/https/repo1.maven.org/maven2/org/virtuslab/scala-cli/zip-input-stream/zip-input-stream/0.1.2/zip-input-stream-0.1.2.jar:/Users/admin/Library/Caches/Coursier/v1/https/repo1.maven.org/maven2/org/virtuslab/scala-cli/options_3/1.6.1/options_3-1.6.1.jar:/Users/admin/Library/Caches/Coursier/v1/https/repo1.maven.org/maven2/org/virtuslab/scala-cli/directives_3/1.6.1/directives_3-1.6.1.jar:/Users/admin/Library/Caches/Coursier/v1/https/repo1.maven.org/maven2/org/virtuslab/scala-cli/scala-cli-bsp/1.6.1/scala-cli-bsp-1.6.1.jar:/Users/admin/Library/Caches/Coursier/v1/https/repo1.maven.org/maven2/org/virtuslab/scala-cli/test-runner_3/1.6.1/test-runner_3-1.6.1.jar:/Users/admin/Library/Caches/Coursier/v1/https/repo1.maven.org/maven2/org/virtuslab/scala-cli/tasty-lib_3/1.6.1/tasty-lib_3-1.6.1.jar:/Users/admin/Library/Caches/Coursier/v1/https/repo1.maven.org/maven2/io/github/alexarchambault/is-terminal/0.1.1/is-terminal-0.1.1.jar:/Users/admin/Library/Caches/Coursier/v1/https/repo1.maven.org/maven2/org/codehaus/plexus/plexus-archiver/4.10.0/plexus-archiver-4.10.0.jar:/Users/admin/Library/Caches/Coursier/v1/https/repo1.maven.org/maven2/org/codehaus/plexus/plexus-container-default/2.1.1/plexus-container-default-2.1.1.jar:/Users/admin/Library/Caches/Coursier/v1/https/repo1.maven.org/maven2/io/github/alexarchambault/windows-ansi/windows-ansi/0.0.6/windows-ansi-0.0.6.jar:/Users/admin/Library/Caches/Coursier/v1/https/repo1.maven.org/maven2/io/get-coursier/cache-util/2.1.24/cache-util-2.1.24.jar:/Users/admin/Library/Caches/Coursier/v1/https/repo1.maven.org/maven2/io/get-coursier/coursier-util_2.13/2.1.24/coursier-util_2.13-2.1.24.jar:/Users/admin/Library/Caches/Coursier/v1/https/repo1.maven.org/maven2/io/github/alexarchambault/concurrent-reference-hash-map/1.1.0/concurrent-reference-hash-map-1.1.0.jar:/Users/admin/Library/Caches/Coursier/v1/https/repo1.maven.org/maven2/org/scala-lang/modules/scala-xml_2.13/2.3.0/scala-xml_2.13-2.3.0.jar:/Users/admin/Library/Caches/Coursier/v1/https/repo1.maven.org/maven2/com/google/guava/failureaccess/1.0.2/failureaccess-1.0.2.jar:/Users/admin/Library/Caches/Coursier/v1/https/repo1.maven.org/maven2/com/google/guava/listenablefuture/9999.0-empty-to-avoid-conflict-with-guava/listenablefuture-9999.0-empty-to-avoid-conflict-with-guava.jar:/Users/admin/Library/Caches/Coursier/v1/https/repo1.maven.org/maven2/com/google/code/findbugs/jsr305/3.0.2/jsr305-3.0.2.jar:/Users/admin/Library/Caches/Coursier/v1/https/repo1.maven.org/maven2/org/checkerframework/checker-qual/3.43.0/checker-qual-3.43.0.jar:/Users/admin/Library/Caches/Coursier/v1/https/repo1.maven.org/maven2/com/google/errorprone/error_prone_annotations/2.36.0/error_prone_annotations-2.36.0.jar:/Users/admin/Library/Caches/Coursier/v1/https/repo1.maven.org/maven2/com/google/j2objc/j2objc-annotations/3.0.0/j2objc-annotations-3.0.0.jar:/Users/admin/Library/Caches/Coursier/v1/https/repo1.maven.org/maven2/org/scalameta/metaconfig-pprint_3/0.14.0/metaconfig-pprint_3-0.14.0.jar:/Users/admin/Library/Caches/Coursier/v1/https/repo1.maven.org/maven2/org/typelevel/paiges-core_3/0.4.4/paiges-core_3-0.4.4.jar:/Users/admin/Library/Caches/Coursier/v1/https/repo1.maven.org/maven2/org/scala-lang/scala-reflect/2.13.15/scala-reflect-2.13.15.jar:/Users/admin/Library/Caches/Coursier/v1/https/repo1.maven.org/maven2/com/google/cloud/tools/jib-build-plan/0.4.0/jib-build-plan-0.4.0.jar:/Users/admin/Library/Caches/Coursier/v1/https/repo1.maven.org/maven2/com/google/http-client/google-http-client/1.42.2/google-http-client-1.42.2.jar:/Users/admin/Library/Caches/Coursier/v1/https/repo1.maven.org/maven2/com/google/http-client/google-http-client-apache-v2/1.42.2/google-http-client-apache-v2-1.42.2.jar:/Users/admin/Library/Caches/Coursier/v1/https/repo1.maven.org/maven2/com/google/auth/google-auth-library-oauth2-http/1.10.0/google-auth-library-oauth2-http-1.10.0.jar:/Users/admin/Library/Caches/Coursier/v1/https/repo1.maven.org/maven2/org/apache/commons/commons-compress/1.26.2/commons-compress-1.26.2.jar:/Users/admin/Library/Caches/Coursier/v1/https/repo1.maven.org/maven2/com/fasterxml/jackson/core/jackson-databind/2.15.2/jackson-databind-2.15.2.jar:/Users/admin/Library/Caches/Coursier/v1/https/repo1.maven.org/maven2/com/fasterxml/jackson/datatype/jackson-datatype-jsr310/2.15.2/jackson-datatype-jsr310-2.15.2.jar:/Users/admin/Library/Caches/Coursier/v1/https/repo1.maven.org/maven2/org/bouncycastle/bcprov-jdk18on/1.78.1/bcprov-jdk18on-1.78.1.jar:/Users/admin/Library/Caches/Coursier/v1/https/repo1.maven.org/maven2/org/bouncycastle/bcutil-jdk18on/1.78.1/bcutil-jdk18on-1.78.1.jar:/Users/admin/Library/Caches/Coursier/v1/https/repo1.maven.org/maven2/org/scala-lang/scala3-compiler_3/3.3.4/scala3-compiler_3-3.3.4.jar:/Users/admin/Library/Caches/Coursier/v1/https/repo1.maven.org/maven2/org/scalameta/scalameta_2.13/4.9.9/scalameta_2.13-4.9.9.jar:/Users/admin/Library/Caches/Coursier/v1/https/repo1.maven.org/maven2/com/thesamet/scalapb/scalapb-runtime_2.13/0.11.17/scalapb-runtime_2.13-0.11.17.jar:/Users/admin/Library/Caches/Coursier/v1/https/repo1.maven.org/maven2/org/scala-native/tools_3/0.5.6/tools_3-0.5.6.jar:/Users/admin/Library/Caches/Coursier/v1/https/repo1.maven.org/maven2/org/scala-sbt/test-interface/1.0/test-interface-1.0.jar:/Users/admin/Library/Caches/Coursier/v1/https/repo1.maven.org/maven2/com/github/sbt/junit-interface/0.13.3/junit-interface-0.13.3.jar:/Users/admin/Library/Caches/Coursier/v1/https/repo1.maven.org/maven2/junit/junit/4.13.2/junit-4.13.2.jar:/Users/admin/Library/Caches/Coursier/v1/https/repo1.maven.org/maven2/com/lihaoyi/geny_3/1.1.1/geny_3-1.1.1.jar:/Users/admin/Library/Caches/Coursier/v1/https/repo1.maven.org/maven2/com/lihaoyi/fansi_3/0.5.0/fansi_3-0.5.0.jar:/Users/admin/Library/Caches/Coursier/v1/https/repo1.maven.org/maven2/org/scala-js/scalajs-js-envs_2.13/1.4.0/scalajs-js-envs_2.13-1.4.0.jar:/Users/admin/Library/Caches/Coursier/v1/https/repo1.maven.org/maven2/ch/epfl/scala/bloop-config_2.13/2.3.1/bloop-config_2.13-2.3.1.jar:/Users/admin/Library/Caches/Coursier/v1/https/repo1.maven.org/maven2/org/virtuslab/scala-cli/core_3/1.6.1/core_3-1.6.1.jar:/Users/admin/Library/Caches/Coursier/v1/https/repo1.maven.org/maven2/org/virtuslab/using_directives/1.1.4/using_directives-1.1.4.jar:/Users/admin/Library/Caches/Coursier/v1/https/repo1.maven.org/maven2/org/virtuslab/scala-cli/build-macros_3/1.6.1/build-macros_3-1.6.1.jar:/Users/admin/Library/Caches/Coursier/v1/https/repo1.maven.org/maven2/ch/epfl/scala/bsp4j/2.1.1/bsp4j-2.1.1.jar:/Users/admin/Library/Caches/Coursier/v1/https/repo1.maven.org/maven2/javax/inject/javax.inject/1/javax.inject-1.jar:/Users/admin/Library/Caches/Coursier/v1/https/repo1.maven.org/maven2/org/codehaus/plexus/plexus-utils/4.0.1/plexus-utils-4.0.1.jar:/Users/admin/Library/Caches/Coursier/v1/https/repo1.maven.org/maven2/org/codehaus/plexus/plexus-io/3.5.0/plexus-io-3.5.0.jar:/Users/admin/Library/Caches/Coursier/v1/https/repo1.maven.org/maven2/io/airlift/aircompressor/0.27/aircompressor-0.27.jar:/Users/admin/Library/Caches/Coursier/v1/https/repo1.maven.org/maven2/org/tukaani/xz/1.9/xz-1.9.jar:/Users/admin/Library/Caches/Coursier/v1/https/repo1.maven.org/maven2/com/github/luben/zstd-jni/1.5.6-3/zstd-jni-1.5.6-3.jar:/Users/admin/Library/Caches/Coursier/v1/https/repo1.maven.org/maven2/org/codehaus/plexus/plexus-classworlds/2.6.0/plexus-classworlds-2.6.0.jar:/Users/admin/Library/Caches/Coursier/v1/https/repo1.maven.org/maven2/org/apache/xbean/xbean-reflect/3.7/xbean-reflect-3.7.jar:/Users/admin/Library/Caches/Coursier/v1/https/repo1.maven.org/maven2/org/fusesource/jansi/jansi/2.4.1/jansi-2.4.1.jar:/Users/admin/Library/Caches/Coursier/v1/https/repo1.maven.org/maven2/org/apache/httpcomponents/httpclient/4.5.13/httpclient-4.5.13.jar:/Users/admin/Library/Caches/Coursier/v1/https/repo1.maven.org/maven2/org/apache/httpcomponents/httpcore/4.4.15/httpcore-4.4.15.jar:/Users/admin/Library/Caches/Coursier/v1/https/repo1.maven.org/maven2/io/opencensus/opencensus-api/0.31.1/opencensus-api-0.31.1.jar:/Users/admin/Library/Caches/Coursier/v1/https/repo1.maven.org/maven2/io/opencensus/opencensus-contrib-http-util/0.31.1/opencensus-contrib-http-util-0.31.1.jar:/Users/admin/Library/Caches/Coursier/v1/https/repo1.maven.org/maven2/com/google/auto/value/auto-value-annotations/1.9/auto-value-annotations-1.9.jar:/Users/admin/Library/Caches/Coursier/v1/https/repo1.maven.org/maven2/com/google/auth/google-auth-library-credentials/1.10.0/google-auth-library-credentials-1.10.0.jar:/Users/admin/Library/Caches/Coursier/v1/https/repo1.maven.org/maven2/com/google/http-client/google-http-client-gson/1.42.2/google-http-client-gson-1.42.2.jar:/Users/admin/Library/Caches/Coursier/v1/https/repo1.maven.org/maven2/commons-codec/commons-codec/1.17.0/commons-codec-1.17.0.jar:/Users/admin/Library/Caches/Coursier/v1/https/repo1.maven.org/maven2/org/apache/commons/commons-lang3/3.14.0/commons-lang3-3.14.0.jar:/Users/admin/Library/Caches/Coursier/v1/https/repo1.maven.org/maven2/com/fasterxml/jackson/core/jackson-annotations/2.15.2/jackson-annotations-2.15.2.jar:/Users/admin/Library/Caches/Coursier/v1/https/repo1.maven.org/maven2/com/fasterxml/jackson/core/jackson-core/2.15.2/jackson-core-2.15.2.jar:/Users/admin/Library/Caches/Coursier/v1/https/repo1.maven.org/maven2/org/scala-lang/scala3-interfaces/3.3.4/scala3-interfaces-3.3.4.jar:/Users/admin/Library/Caches/Coursier/v1/https/repo1.maven.org/maven2/org/scala-lang/tasty-core_3/3.3.4/tasty-core_3-3.3.4.jar:/Users/admin/Library/Caches/Coursier/v1/https/repo1.maven.org/maven2/org/scala-lang/modules/scala-asm/9.6.0-scala-1/scala-asm-9.6.0-scala-1.jar:/Users/admin/Library/Caches/Coursier/v1/https/repo1.maven.org/maven2/org/scala-sbt/compiler-interface/1.9.6/compiler-interface-1.9.6.jar:/Users/admin/Library/Caches/Coursier/v1/https/repo1.maven.org/maven2/org/scalameta/parsers_2.13/4.9.9/parsers_2.13-4.9.9.jar:/Users/admin/Library/Caches/Coursier/v1/https/repo1.maven.org/maven2/org/scala-lang/scalap/2.13.11/scalap-2.13.11.jar:/Users/admin/Library/Caches/Coursier/v1/https/repo1.maven.org/maven2/com/thesamet/scalapb/lenses_2.13/0.11.17/lenses_2.13-0.11.17.jar:/Users/admin/Library/Caches/Coursier/v1/https/repo1.maven.org/maven2/com/google/protobuf/protobuf-java/3.19.6/protobuf-java-3.19.6.jar:/Users/admin/Library/Caches/Coursier/v1/https/repo1.maven.org/maven2/org/scala-native/nir_3/0.5.6/nir_3-0.5.6.jar:/Users/admin/Library/Caches/Coursier/v1/https/repo1.maven.org/maven2/org/scala-native/util_3/0.5.6/util_3-0.5.6.jar:/Users/admin/Library/Caches/Coursier/v1/https/repo1.maven.org/maven2/org/hamcrest/hamcrest-core/1.3/hamcrest-core-1.3.jar:/Users/admin/Library/Caches/Coursier/v1/https/repo1.maven.org/maven2/org/scala-js/scalajs-logging_2.13/1.1.1/scalajs-logging_2.13-1.1.1.jar:/Users/admin/Library/Caches/Coursier/v1/https/repo1.maven.org/maven2/com/lihaoyi/unroll-annotation_2.13/0.1.12/unroll-annotation_2.13-0.1.12.jar:/Users/admin/Library/Caches/Coursier/v1/https/repo1.maven.org/maven2/ch/epfl/scala/bloop-rifle_2.13/2.0.8/bloop-rifle_2.13-2.0.8.jar:/Users/admin/Library/Caches/Coursier/v1/https/repo1.maven.org/maven2/io/get-coursier/coursier-jvm_2.13/2.1.24/coursier-jvm_2.13-2.1.24.jar:/Users/admin/Library/Caches/Coursier/v1/https/repo1.maven.org/maven2/io/get-coursier/dependency_3/0.3.2/dependency_3-0.3.2.jar:/Users/admin/Library/Caches/Coursier/v1/https/repo1.maven.org/maven2/org/eclipse/jgit/org.eclipse.jgit/6.8.0.202311291450-r/org.eclipse.jgit-6.8.0.202311291450-r.jar:/Users/admin/Library/Caches/Coursier/v1/https/repo1.maven.org/maven2/org/scala-js/scalajs-env-jsdom-nodejs_2.13/1.1.0/scalajs-env-jsdom-nodejs_2.13-1.1.0.jar:/Users/admin/Library/Caches/Coursier/v1/https/repo1.maven.org/maven2/org/eclipse/lsp4j/org.eclipse.lsp4j.generator/0.20.1/org.eclipse.lsp4j.generator-0.20.1.jar:/Users/admin/Library/Caches/Coursier/v1/https/repo1.maven.org/maven2/org/eclipse/lsp4j/org.eclipse.lsp4j.jsonrpc/0.20.1/org.eclipse.lsp4j.jsonrpc-0.20.1.jar:/Users/admin/Library/Caches/Coursier/v1/https/repo1.maven.org/maven2/commons-logging/commons-logging/1.2/commons-logging-1.2.jar:/Users/admin/Library/Caches/Coursier/v1/https/repo1.maven.org/maven2/io/grpc/grpc-context/1.27.2/grpc-context-1.27.2.jar:/Users/admin/Library/Caches/Coursier/v1/https/repo1.maven.org/maven2/com/google/code/gson/gson/2.10.1/gson-2.10.1.jar:/Users/admin/Library/Caches/Coursier/v1/https/repo1.maven.org/maven2/org/scala-sbt/util-interface/1.9.8/util-interface-1.9.8.jar:/Users/admin/Library/Caches/Coursier/v1/https/repo1.maven.org/maven2/org/scalameta/trees_2.13/4.9.9/trees_2.13-4.9.9.jar:/Users/admin/Library/Caches/Coursier/v1/https/repo1.maven.org/maven2/org/scala-lang/scala-compiler/2.13.11/scala-compiler-2.13.11.jar:/Users/admin/Library/Caches/Coursier/v1/https/repo1.maven.org/maven2/ch/epfl/scala/libdaemon_2.13/0.0.12/libdaemon_2.13-0.0.12.jar:/Users/admin/Library/Caches/Coursier/v1/https/repo1.maven.org/maven2/io/github/alexarchambault/scala-cli/snailgun/snailgun-core_2.13/0.4.1-sc2/snailgun-core_2.13-0.4.1-sc2.jar:/Users/admin/Library/Caches/Coursier/v1/https/repo1.maven.org/maven2/io/get-coursier/coursier_2.13/2.1.24/coursier_2.13-2.1.24.jar:/Users/admin/Library/Caches/Coursier/v1/https/repo1.maven.org/maven2/io/get-coursier/coursier-env_2.13/2.1.24/coursier-env_2.13-2.1.24.jar:/Users/admin/Library/Caches/Coursier/v1/https/repo1.maven.org/maven2/com/googlecode/javaewah/JavaEWAH/1.2.3/JavaEWAH-1.2.3.jar:/Users/admin/Library/Caches/Coursier/v1/https/repo1.maven.org/maven2/org/eclipse/xtend/org.eclipse.xtend.lib/2.28.0/org.eclipse.xtend.lib-2.28.0.jar:/Users/admin/Library/Caches/Coursier/v1/https/repo1.maven.org/maven2/org/scalameta/common_2.13/4.9.9/common_2.13-4.9.9.jar:/Users/admin/Library/Caches/Coursier/v1/https/repo1.maven.org/maven2/io/github/java-diff-utils/java-diff-utils/4.12/java-diff-utils-4.12.jar:/Users/admin/Library/Caches/Coursier/v1/https/repo1.maven.org/maven2/io/get-coursier/dependency_2.13/0.3.2/dependency_2.13-0.3.2.jar:/Users/admin/Library/Caches/Coursier/v1/https/repo1.maven.org/maven2/org/eclipse/xtext/org.eclipse.xtext.xbase.lib/2.28.0/org.eclipse.xtext.xbase.lib-2.28.0.jar:/Users/admin/Library/Caches/Coursier/v1/https/repo1.maven.org/maven2/org/eclipse/xtend/org.eclipse.xtend.lib.macro/2.28.0/org.eclipse.xtend.lib.macro-2.28.0.jar, scala.cli.ScalaCli, bsp, /Users/admin/datastructure)
2025.02.17 18:52:31 INFO  tracing is disabled for protocol BSP, to enable tracing of incoming and outgoing JSON messages create an empty file at /Users/admin/datastructure/.metals/bsp.trace.json or /Users/admin/Library/Caches/org.scalameta.metals/bsp.trace.json
2025.02.17 18:52:32 INFO  no build target found for /Users/admin/datastructure/sortInWave.scala. Using presentation compiler with project's scala-library version: 3.3.4
2025.02.17 18:52:32 INFO  no build target found for /Users/admin/datastructure/sortInWave.scala. Using presentation compiler with project's scala-library version: 3.3.4
2025.02.17 18:52:32 INFO  no build target found for /Users/admin/datastructure/sortInWave.scala. Using presentation compiler with project's scala-library version: 3.3.4
2025.02.17 18:52:32 INFO  no build target found for /Users/admin/datastructure/sortInWave.scala. Using presentation compiler with project's scala-library version: 3.3.4
Feb 17, 2025 6:52:32 P.M. org.eclipse.lsp4j.jsonrpc.RemoteEndpoint handleCancellation
WARNING: Unmatched cancel notification for request id 15
2025.02.17 18:52:32 INFO  no build target found for /Users/admin/datastructure/sortInWave.scala. Using presentation compiler with project's scala-library version: 3.3.4
2025.02.17 18:52:33 INFO  no build target found for /Users/admin/datastructure/sortInWave.scala. Using presentation compiler with project's scala-library version: 3.3.4
2025.02.17 18:52:33 INFO  no build target found for /Users/admin/datastructure/sortInWave.scala. Using presentation compiler with project's scala-library version: 3.3.4
2025.02.17 18:52:34 INFO  no build target found for /Users/admin/datastructure/sortInWave.scala. Using presentation compiler with project's scala-library version: 3.3.4
2025.02.17 18:52:36 INFO  Connected to Scala CLI server v1.6.1
2025.02.17 18:52:38 INFO  time: indexed workspace in 1.95s
2025.02.17 18:52:39 INFO  Scala CLI started for /Users/admin/datastructure
2025.02.17 18:52:39 WARN  no build tool detected in workspace '/Users/admin/datastructure'. The most common cause for this problem is that the editor was opened in the wrong working directory, for example if you use sbt then the workspace directory should contain build.sbt. 
2025.02.17 18:52:39 WARN  Build server is not auto-connectable.
Feb 17, 2025 6:52:44 P.M. org.eclipse.lsp4j.jsonrpc.services.GenericEndpoint notify
WARNING: Unsupported notification method: metals/windowStateDidChange
Feb 17, 2025 7:04:04 P.M. org.eclipse.lsp4j.jsonrpc.services.GenericEndpoint notify
WARNING: Unsupported notification method: metals/windowStateDidChange
Feb 17, 2025 7:04:07 P.M. org.eclipse.lsp4j.jsonrpc.services.GenericEndpoint notify
WARNING: Unsupported notification method: metals/windowStateDidChange
Feb 17, 2025 7:05:17 P.M. org.eclipse.lsp4j.jsonrpc.services.GenericEndpoint notify
WARNING: Unsupported notification method: metals/windowStateDidChange
Feb 17, 2025 7:05:40 P.M. org.eclipse.lsp4j.jsonrpc.services.GenericEndpoint notify
WARNING: Unsupported notification method: metals/windowStateDidChange
2025.02.17 19:06:18 INFO  compiling datastructure_d5c0a6989e (1 scala source)
2025.02.17 19:06:18 INFO  time: compiled datastructure_d5c0a6989e in 0.15s
2025.02.17 19:06:29 INFO  compiling datastructure_d5c0a6989e (1 scala source)
2025.02.17 19:06:29 INFO  time: compiled datastructure_d5c0a6989e in 0.13s
Feb 17, 2025 7:06:32 P.M. scala.meta.internal.metals.StdReporter $anonfun$create$1
SEVERE: empty definition using pc, found symbol in pc: `<none>`. (full report at: /Users/admin/datastructure/.metals/.reports/metals-full/2025-02-17/r_empty-definition_(datastructure_d5c0a6989e)_18-26-43-986.md)
2025.02.17 19:06:36 INFO  compiling datastructure_d5c0a6989e (1 scala source)
2025.02.17 19:06:36 INFO  time: compiled datastructure_d5c0a6989e in 0.21s
2025.02.17 19:06:54 INFO  compiling datastructure_d5c0a6989e (1 scala source)
2025.02.17 19:06:54 INFO  time: compiled datastructure_d5c0a6989e in 0.14s
2025.02.17 19:07:11 INFO  compiling datastructure_d5c0a6989e (1 scala source)
2025.02.17 19:07:11 INFO  time: compiled datastructure_d5c0a6989e in 77ms
2025.02.17 19:07:17 INFO  compiling datastructure_d5c0a6989e (1 scala source)
2025.02.17 19:07:17 INFO  time: compiled datastructure_d5c0a6989e in 0.14s
2025.02.17 19:07:26 INFO  compiling datastructure_d5c0a6989e (1 scala source)
2025.02.17 19:07:26 INFO  time: compiled datastructure_d5c0a6989e in 0.14s
Feb 17, 2025 7:07:45 P.M. org.eclipse.lsp4j.jsonrpc.services.GenericEndpoint notify
WARNING: Unsupported notification method: metals/windowStateDidChange
Feb 17, 2025 7:07:57 P.M. org.eclipse.lsp4j.jsonrpc.services.GenericEndpoint notify
WARNING: Unsupported notification method: metals/windowStateDidChange
2025.02.17 19:08:20 INFO  compiling datastructure_d5c0a6989e (1 scala source)
2025.02.17 19:08:20 INFO  time: compiled datastructure_d5c0a6989e in 0.21s
2025.02.17 19:08:34 INFO  compiling datastructure_d5c0a6989e (1 scala source)
2025.02.17 19:08:34 INFO  time: compiled datastructure_d5c0a6989e in 68ms
2025.02.17 19:08:37 INFO  compiling datastructure_d5c0a6989e (1 scala source)
2025.02.17 19:08:37 INFO  time: compiled datastructure_d5c0a6989e in 0.16s
2025.02.17 19:08:48 INFO  compiling datastructure_d5c0a6989e (1 scala source)
2025.02.17 19:08:48 INFO  time: compiled datastructure_d5c0a6989e in 0.15s
2025.02.17 19:08:48 INFO  compiling datastructure_d5c0a6989e (1 scala source)
2025.02.17 19:08:48 INFO  time: compiled datastructure_d5c0a6989e in 0.14s
2025.02.17 19:08:56 INFO  compiling datastructure_d5c0a6989e (1 scala source)
2025.02.17 19:08:56 INFO  time: compiled datastructure_d5c0a6989e in 0.15s
2025.02.17 19:09:12 INFO  compiling datastructure_d5c0a6989e (1 scala source)
2025.02.17 19:09:12 WARN  there was 1 deprecation warning; re-run with -deprecation for details
2025.02.17 19:09:12 INFO  time: compiled datastructure_d5c0a6989e in 0.14s
Feb 17, 2025 7:09:23 P.M. org.eclipse.lsp4j.jsonrpc.services.GenericEndpoint notify
WARNING: Unsupported notification method: metals/windowStateDidChange
Feb 17, 2025 7:10:03 P.M. org.eclipse.lsp4j.jsonrpc.services.GenericEndpoint notify
WARNING: Unsupported notification method: metals/windowStateDidChange
2025.02.17 19:10:07 INFO  compiling datastructure_d5c0a6989e (1 scala source)
2025.02.17 19:10:07 WARN  there was 1 deprecation warning; re-run with -deprecation for details
2025.02.17 19:10:07 INFO  time: compiled datastructure_d5c0a6989e in 0.22s
2025.02.17 19:10:17 INFO  compiling datastructure_d5c0a6989e (1 scala source)
2025.02.17 19:10:17 INFO  time: compiled datastructure_d5c0a6989e in 0.12s
Feb 17, 2025 7:10:18 P.M. org.eclipse.lsp4j.jsonrpc.services.GenericEndpoint notify
WARNING: Unsupported notification method: metals/windowStateDidChange
Feb 17, 2025 7:10:56 P.M. org.eclipse.lsp4j.jsonrpc.services.GenericEndpoint notify
WARNING: Unsupported notification method: metals/windowStateDidChange
Feb 17, 2025 7:11:05 P.M. org.eclipse.lsp4j.jsonrpc.services.GenericEndpoint notify
WARNING: Unsupported notification method: metals/windowStateDidChange
Feb 17, 2025 7:11:16 P.M. org.eclipse.lsp4j.jsonrpc.services.GenericEndpoint notify
WARNING: Unsupported notification method: metals/windowStateDidChange
2025.02.17 19:11:26 INFO  compiling datastructure_d5c0a6989e (1 scala source)
2025.02.17 19:11:26 INFO  time: compiled datastructure_d5c0a6989e in 0.19s
2025.02.17 19:11:45 ERROR /Users/admin/datastructure/sortInWave.scala
scala.meta.internal.tokenizers.package$UnexpectedInputEndException
	at scala.meta.internal.tokenizers.LegacyScanner.$anonfun$nextToken$1(LegacyScanner.scala:172)
	at scala.Function0.apply$mcV$sp(Function0.scala:42)
	at scala.meta.internal.tokenizers.LegacyScanner.scala$meta$internal$tokenizers$LegacyScanner$$nextToken(LegacyScanner.scala:178)
	at scala.meta.internal.tokenizers.LegacyScanner.nextToken(LegacyScanner.scala:172)
	at scala.meta.internal.mtags.ScalaToplevelMtags$XtensionScanner.mtagsNextToken(ScalaToplevelMtags.scala:76)
	at scala.meta.internal.mtags.ScalaToplevelMtags.loop(ScalaToplevelMtags.scala:512)
	at scala.meta.internal.mtags.ScalaToplevelMtags.indexRoot(ScalaToplevelMtags.scala:88)
	at scala.meta.internal.metals.SemanticdbDefinition$.foreachWithReturnMtags(SemanticdbDefinition.scala:81)
	at scala.meta.internal.metals.Indexer.indexSourceFile(Indexer.scala:485)
	at scala.meta.internal.metals.Indexer.$anonfun$reindexWorkspaceSources$3(Indexer.scala:583)
	at scala.meta.internal.metals.Indexer.$anonfun$reindexWorkspaceSources$3$adapted(Indexer.scala:580)
	at scala.collection.IterableOnceOps.foreach(IterableOnce.scala:619)
	at scala.collection.IterableOnceOps.foreach$(IterableOnce.scala:617)
	at scala.collection.AbstractIterator.foreach(Iterator.scala:1306)
	at scala.meta.internal.metals.Indexer.reindexWorkspaceSources(Indexer.scala:580)
	at scala.meta.internal.metals.MetalsLspService.$anonfun$onChange$2(MetalsLspService.scala:927)
	at scala.runtime.java8.JFunction0$mcV$sp.apply(JFunction0$mcV$sp.scala:18)
	at scala.concurrent.Future$.$anonfun$apply$1(Future.scala:687)
	at scala.concurrent.impl.Promise$Transformation.run(Promise.scala:467)
	at java.util.concurrent.ThreadPoolExecutor.runWorker(ThreadPoolExecutor.java:1144)
	at java.util.concurrent.ThreadPoolExecutor$Worker.run(ThreadPoolExecutor.java:642)
	at java.lang.Thread.run(Thread.java:1589)

2025.02.17 19:11:46 INFO  compiling datastructure_d5c0a6989e (1 scala source)
2025.02.17 19:11:46 INFO  time: compiled datastructure_d5c0a6989e in 93ms
2025.02.17 19:11:47 INFO  compiling datastructure_d5c0a6989e (1 scala source)
2025.02.17 19:11:47 INFO  time: compiled datastructure_d5c0a6989e in 0.13s
2025.02.17 19:12:00 INFO  compiling datastructure_d5c0a6989e (1 scala source)
2025.02.17 19:12:00 INFO  time: compiled datastructure_d5c0a6989e in 0.15s
2025.02.17 19:12:16 INFO  compiling datastructure_d5c0a6989e (1 scala source)
2025.02.17 19:12:16 INFO  time: compiled datastructure_d5c0a6989e in 0.13s
2025.02.17 19:12:29 INFO  compiling datastructure_d5c0a6989e (1 scala source)
2025.02.17 19:12:29 INFO  time: compiled datastructure_d5c0a6989e in 0.15s
2025.02.17 19:12:30 INFO  Shut down connection with build server.
java.util.concurrent.RejectedExecutionException: Task Future(<not completed>) rejected from java.util.concurrent.ThreadPoolExecutor@6574b225[Shutting down, pool size = 1, active threads = 1, queued tasks = 0, completed tasks = 24470]
	at java.base/java.util.concurrent.ThreadPoolExecutor$AbortPolicy.rejectedExecution(ThreadPoolExecutor.java:2081)
	at java.base/java.util.concurrent.ThreadPoolExecutor.reject(ThreadPoolExecutor.java:841)
	at java.base/java.util.concurrent.ThreadPoolExecutor.execute(ThreadPoolExecutor.java:1376)
	at scala.concurrent.impl.ExecutionContextImpl.execute(ExecutionContextImpl.scala:21)
	at scala.concurrent.impl.Promise$Transformation.submitWithValue(Promise.scala:429)
	at scala.concurrent.impl.Promise$DefaultPromise.submitWithValue(Promise.scala:338)
	at scala.concurrent.impl.Promise$DefaultPromise.tryComplete0(Promise.scala:285)
	at scala.concurrent.impl.Promise$Transformation.handleFailure(Promise.scala:444)
	at scala.concurrent.impl.Promise$Transformation.submitWithValue(Promise.scala:435)
	at scala.concurrent.impl.Promise$DefaultPromise.submitWithValue(Promise.scala:338)
	at scala.concurrent.impl.Promise$DefaultPromise.tryComplete0(Promise.scala:285)
	at scala.concurrent.impl.Promise$Transformation.handleFailure(Promise.scala:444)
	at scala.concurrent.impl.Promise$Transformation.run(Promise.scala:506)
	at java.base/java.util.concurrent.ThreadPoolExecutor.runWorker(ThreadPoolExecutor.java:1144)
	at java.base/java.util.concurrent.ThreadPoolExecutor$Worker.run(ThreadPoolExecutor.java:642)
	at java.base/java.lang.Thread.run(Thread.java:1589)
2025.02.17 19:12:36 INFO  Started: Metals version 1.5.1 in folders '/Users/admin/datastructure' for client Visual Studio Code 1.85.1.
2025.02.17 19:12:37 INFO  no build target found for /Users/admin/datastructure/sortInWave.java. Using presentation compiler with project's scala-library version: 3.3.4
2025.02.17 19:12:38 WARN  scala-cli >= 0.1.3 not found in PATH, fetching and starting a JVM-based Scala CLI
Feb 17, 2025 7:12:39 P.M. scala.meta.internal.pc.CompilerAccess handleError
SEVERE: A severe compiler error occurred, full details of the error can be found in the error report /Users/admin/datastructure/.metals/.reports/metals-full/2025-02-17/r_compiler-error_19-12-39-854.md
2025.02.17 19:12:40 INFO  Running List(/Library/Java/JavaVirtualMachines/jdk-19.jdk/Contents/Home/bin/java, -cp, /Users/admin/Library/Caches/Coursier/v1/https/repo1.maven.org/maven2/org/virtuslab/scala-cli/cli_3/1.6.1/cli_3-1.6.1.jar:/Users/admin/Library/Caches/Coursier/v1/https/repo1.maven.org/maven2/com/github/alexarchambault/case-app_3/2.1.0-M29/case-app_3-2.1.0-M29.jar:/Users/admin/Library/Caches/Coursier/v1/https/repo1.maven.org/maven2/io/get-coursier/coursier-launcher_2.13/2.1.24/coursier-launcher_2.13-2.1.24.jar:/Users/admin/Library/Caches/Coursier/v1/https/repo1.maven.org/maven2/io/get-coursier/coursier-proxy-setup/2.1.24/coursier-proxy-setup-2.1.24.jar:/Users/admin/Library/Caches/Coursier/v1/https/repo1.maven.org/maven2/io/get-coursier/publish/publish_2.13/0.2.0/publish_2.13-0.2.0.jar:/Users/admin/Library/Caches/Coursier/v1/https/repo1.maven.org/maven2/com/google/jimfs/jimfs/1.3.0/jimfs-1.3.0.jar:/Users/admin/Library/Caches/Coursier/v1/https/repo1.maven.org/maven2/io/get-coursier/jniutils/windows-jni-utils/0.3.3/windows-jni-utils-0.3.3.jar:/Users/admin/Library/Caches/Coursier/v1/https/repo1.maven.org/maven2/com/github/plokhotnyuk/jsoniter-scala/jsoniter-scala-core_3/2.13.5.2/jsoniter-scala-core_3-2.13.5.2.jar:/Users/admin/Library/Caches/Coursier/v1/https/repo1.maven.org/maven2/org/virtuslab/scala-cli/libsodiumjni/0.0.4/libsodiumjni-0.0.4.jar:/Users/admin/Library/Caches/Coursier/v1/https/repo1.maven.org/maven2/org/scalameta/metaconfig-typesafe-config_3/0.14.0/metaconfig-typesafe-config_3-0.14.0.jar:/Users/admin/Library/Caches/Coursier/v1/https/repo1.maven.org/maven2/ai/kien/python-native-libs_3/0.2.4/python-native-libs_3-0.2.4.jar:/Users/admin/Library/Caches/Coursier/v1/https/repo1.maven.org/maven2/org/virtuslab/scala-packager_2.13/0.1.31/scala-packager_2.13-0.1.31.jar:/Users/admin/Library/Caches/Coursier/v1/https/repo1.maven.org/maven2/org/virtuslab/scala-cli-signing/cli_3/0.2.4/cli_3-0.2.4.jar:/Users/admin/Library/Caches/Coursier/v1/https/repo1.maven.org/maven2/org/slf4j/slf4j-nop/2.0.16/slf4j-nop-2.0.16.jar:/Users/admin/Library/Caches/Coursier/v1/https/repo1.maven.org/maven2/com/softwaremill/sttp/client3/core_2.13/3.10.2/core_2.13-3.10.2.jar:/Users/admin/Library/Caches/Coursier/v1/https/repo1.maven.org/maven2/ch/epfl/scala/scalafix-interfaces/0.14.0/scalafix-interfaces-0.14.0.jar:/Users/admin/Library/Caches/Coursier/v1/https/repo1.maven.org/maven2/org/scala-lang/scala3-library_3/3.3.4/scala3-library_3-3.3.4.jar:/Users/admin/Library/Caches/Coursier/v1/https/repo1.maven.org/maven2/org/virtuslab/scala-cli/build-module_3/1.6.1/build-module_3-1.6.1.jar:/Users/admin/Library/Caches/Coursier/v1/https/repo1.maven.org/maven2/org/virtuslab/scala-cli/config_3/1.6.1/config_3-1.6.1.jar:/Users/admin/Library/Caches/Coursier/v1/https/repo1.maven.org/maven2/org/virtuslab/scala-cli/scala3-graal_3/1.6.1/scala3-graal_3-1.6.1.jar:/Users/admin/Library/Caches/Coursier/v1/https/repo1.maven.org/maven2/org/virtuslab/scala-cli/specification-level_3/1.6.1/specification-level_3-1.6.1.jar:/Users/admin/Library/Caches/Coursier/v1/https/repo1.maven.org/maven2/com/lihaoyi/sourcecode_3/0.4.2/sourcecode_3-0.4.2.jar:/Users/admin/Library/Caches/Coursier/v1/https/repo1.maven.org/maven2/com/github/alexarchambault/case-app-annotations_3/2.1.0-M29/case-app-annotations_3-2.1.0-M29.jar:/Users/admin/Library/Caches/Coursier/v1/https/repo1.maven.org/maven2/com/github/alexarchambault/case-app-util_3/2.1.0-M29/case-app-util_3-2.1.0-M29.jar:/Users/admin/Library/Caches/Coursier/v1/https/repo1.maven.org/maven2/io/github/alexarchambault/scala-cli/tmp/zip-input-stream/0.1.1/zip-input-stream-0.1.1.jar:/Users/admin/Library/Caches/Coursier/v1/https/repo1.maven.org/maven2/org/scala-lang/scala-library/2.13.16/scala-library-2.13.16.jar:/Users/admin/Library/Caches/Coursier/v1/https/repo1.maven.org/maven2/io/get-coursier/coursier-cache_2.13/2.1.24/coursier-cache_2.13-2.1.24.jar:/Users/admin/Library/Caches/Coursier/v1/https/repo1.maven.org/maven2/io/get-coursier/coursier-core_2.13/2.1.24/coursier-core_2.13-2.1.24.jar:/Users/admin/Library/Caches/Coursier/v1/https/repo1.maven.org/maven2/com/google/guava/guava/33.4.0-jre/guava-33.4.0-jre.jar:/Users/admin/Library/Caches/Coursier/v1/https/repo1.maven.org/maven2/net/java/dev/jna/jna/5.13.0/jna-5.13.0.jar:/Users/admin/Library/Caches/Coursier/v1/https/repo1.maven.org/maven2/net/java/dev/jna/jna-platform/5.12.1/jna-platform-5.12.1.jar:/Users/admin/Library/Caches/Coursier/v1/https/repo1.maven.org/maven2/org/scalameta/metaconfig-core_3/0.14.0/metaconfig-core_3-0.14.0.jar:/Users/admin/Library/Caches/Coursier/v1/https/repo1.maven.org/maven2/com/typesafe/config/1.4.3/config-1.4.3.jar:/Users/admin/Library/Caches/Coursier/v1/https/repo1.maven.org/maven2/org/scala-lang/modules/scala-collection-compat_3/2.12.0/scala-collection-compat_3-2.12.0.jar:/Users/admin/Library/Caches/Coursier/v1/https/repo1.maven.org/maven2/commons-io/commons-io/2.18.0/commons-io-2.18.0.jar:/Users/admin/Library/Caches/Coursier/v1/https/repo1.maven.org/maven2/com/google/cloud/tools/jib-core/0.27.2/jib-core-0.27.2.jar:/Users/admin/Library/Caches/Coursier/v1/https/repo1.maven.org/maven2/org/bouncycastle/bcpg-jdk18on/1.78.1/bcpg-jdk18on-1.78.1.jar:/Users/admin/Library/Caches/Coursier/v1/https/repo1.maven.org/maven2/org/virtuslab/scala-cli-signing/shared_3/0.2.4/shared_3-0.2.4.jar:/Users/admin/Library/Caches/Coursier/v1/https/repo1.maven.org/maven2/org/slf4j/slf4j-api/2.0.16/slf4j-api-2.0.16.jar:/Users/admin/Library/Caches/Coursier/v1/https/repo1.maven.org/maven2/com/softwaremill/sttp/model/core_2.13/1.7.11/core_2.13-1.7.11.jar:/Users/admin/Library/Caches/Coursier/v1/https/repo1.maven.org/maven2/com/softwaremill/sttp/shared/core_2.13/1.3.22/core_2.13-1.3.22.jar:/Users/admin/Library/Caches/Coursier/v1/https/repo1.maven.org/maven2/com/softwaremill/sttp/shared/ws_2.13/1.3.22/ws_2.13-1.3.22.jar:/Users/admin/Library/Caches/Coursier/v1/https/repo1.maven.org/maven2/io/get-coursier/interface/1.0.26/interface-1.0.26.jar:/Users/admin/Library/Caches/Coursier/v1/https/repo1.maven.org/maven2/org/ow2/asm/asm/9.7.1/asm-9.7.1.jar:/Users/admin/Library/Caches/Coursier/v1/https/repo1.maven.org/maven2/org/virtuslab/scala-cli/java-class-name/java-class-name_3/0.1.4/java-class-name_3-0.1.4.jar:/Users/admin/Library/Caches/Coursier/v1/https/repo1.maven.org/maven2/org/scalameta/semanticdb-shared_2.13.16/4.9.9/semanticdb-shared_2.13.16-4.9.9.jar:/Users/admin/Library/Caches/Coursier/v1/https/repo1.maven.org/maven2/org/scala-native/test-runner_3/0.5.6/test-runner_3-0.5.6.jar:/Users/admin/Library/Caches/Coursier/v1/https/repo1.maven.org/maven2/com/lihaoyi/os-lib_3/0.11.3/os-lib_3-0.11.3.jar:/Users/admin/Library/Caches/Coursier/v1/https/repo1.maven.org/maven2/com/lihaoyi/pprint_3/0.9.0/pprint_3-0.9.0.jar:/Users/admin/Library/Caches/Coursier/v1/https/repo1.maven.org/maven2/org/scala-js/scalajs-env-nodejs_2.13/1.4.0/scalajs-env-nodejs_2.13-1.4.0.jar:/Users/admin/Library/Caches/Coursier/v1/https/repo1.maven.org/maven2/org/scala-js/scalajs-sbt-test-adapter_2.13/1.18.1/scalajs-sbt-test-adapter_2.13-1.18.1.jar:/Users/admin/Library/Caches/Coursier/v1/https/repo1.maven.org/maven2/com/swoval/file-tree-views/2.1.12/file-tree-views-2.1.12.jar:/Users/admin/Library/Caches/Coursier/v1/https/repo1.maven.org/maven2/org/virtuslab/scala-cli/zip-input-stream/zip-input-stream/0.1.2/zip-input-stream-0.1.2.jar:/Users/admin/Library/Caches/Coursier/v1/https/repo1.maven.org/maven2/org/virtuslab/scala-cli/options_3/1.6.1/options_3-1.6.1.jar:/Users/admin/Library/Caches/Coursier/v1/https/repo1.maven.org/maven2/org/virtuslab/scala-cli/directives_3/1.6.1/directives_3-1.6.1.jar:/Users/admin/Library/Caches/Coursier/v1/https/repo1.maven.org/maven2/org/virtuslab/scala-cli/scala-cli-bsp/1.6.1/scala-cli-bsp-1.6.1.jar:/Users/admin/Library/Caches/Coursier/v1/https/repo1.maven.org/maven2/org/virtuslab/scala-cli/test-runner_3/1.6.1/test-runner_3-1.6.1.jar:/Users/admin/Library/Caches/Coursier/v1/https/repo1.maven.org/maven2/org/virtuslab/scala-cli/tasty-lib_3/1.6.1/tasty-lib_3-1.6.1.jar:/Users/admin/Library/Caches/Coursier/v1/https/repo1.maven.org/maven2/io/github/alexarchambault/is-terminal/0.1.1/is-terminal-0.1.1.jar:/Users/admin/Library/Caches/Coursier/v1/https/repo1.maven.org/maven2/org/codehaus/plexus/plexus-archiver/4.10.0/plexus-archiver-4.10.0.jar:/Users/admin/Library/Caches/Coursier/v1/https/repo1.maven.org/maven2/org/codehaus/plexus/plexus-container-default/2.1.1/plexus-container-default-2.1.1.jar:/Users/admin/Library/Caches/Coursier/v1/https/repo1.maven.org/maven2/io/github/alexarchambault/windows-ansi/windows-ansi/0.0.6/windows-ansi-0.0.6.jar:/Users/admin/Library/Caches/Coursier/v1/https/repo1.maven.org/maven2/io/get-coursier/cache-util/2.1.24/cache-util-2.1.24.jar:/Users/admin/Library/Caches/Coursier/v1/https/repo1.maven.org/maven2/io/get-coursier/coursier-util_2.13/2.1.24/coursier-util_2.13-2.1.24.jar:/Users/admin/Library/Caches/Coursier/v1/https/repo1.maven.org/maven2/io/github/alexarchambault/concurrent-reference-hash-map/1.1.0/concurrent-reference-hash-map-1.1.0.jar:/Users/admin/Library/Caches/Coursier/v1/https/repo1.maven.org/maven2/org/scala-lang/modules/scala-xml_2.13/2.3.0/scala-xml_2.13-2.3.0.jar:/Users/admin/Library/Caches/Coursier/v1/https/repo1.maven.org/maven2/com/google/guava/failureaccess/1.0.2/failureaccess-1.0.2.jar:/Users/admin/Library/Caches/Coursier/v1/https/repo1.maven.org/maven2/com/google/guava/listenablefuture/9999.0-empty-to-avoid-conflict-with-guava/listenablefuture-9999.0-empty-to-avoid-conflict-with-guava.jar:/Users/admin/Library/Caches/Coursier/v1/https/repo1.maven.org/maven2/com/google/code/findbugs/jsr305/3.0.2/jsr305-3.0.2.jar:/Users/admin/Library/Caches/Coursier/v1/https/repo1.maven.org/maven2/org/checkerframework/checker-qual/3.43.0/checker-qual-3.43.0.jar:/Users/admin/Library/Caches/Coursier/v1/https/repo1.maven.org/maven2/com/google/errorprone/error_prone_annotations/2.36.0/error_prone_annotations-2.36.0.jar:/Users/admin/Library/Caches/Coursier/v1/https/repo1.maven.org/maven2/com/google/j2objc/j2objc-annotations/3.0.0/j2objc-annotations-3.0.0.jar:/Users/admin/Library/Caches/Coursier/v1/https/repo1.maven.org/maven2/org/scalameta/metaconfig-pprint_3/0.14.0/metaconfig-pprint_3-0.14.0.jar:/Users/admin/Library/Caches/Coursier/v1/https/repo1.maven.org/maven2/org/typelevel/paiges-core_3/0.4.4/paiges-core_3-0.4.4.jar:/Users/admin/Library/Caches/Coursier/v1/https/repo1.maven.org/maven2/org/scala-lang/scala-reflect/2.13.15/scala-reflect-2.13.15.jar:/Users/admin/Library/Caches/Coursier/v1/https/repo1.maven.org/maven2/com/google/cloud/tools/jib-build-plan/0.4.0/jib-build-plan-0.4.0.jar:/Users/admin/Library/Caches/Coursier/v1/https/repo1.maven.org/maven2/com/google/http-client/google-http-client/1.42.2/google-http-client-1.42.2.jar:/Users/admin/Library/Caches/Coursier/v1/https/repo1.maven.org/maven2/com/google/http-client/google-http-client-apache-v2/1.42.2/google-http-client-apache-v2-1.42.2.jar:/Users/admin/Library/Caches/Coursier/v1/https/repo1.maven.org/maven2/com/google/auth/google-auth-library-oauth2-http/1.10.0/google-auth-library-oauth2-http-1.10.0.jar:/Users/admin/Library/Caches/Coursier/v1/https/repo1.maven.org/maven2/org/apache/commons/commons-compress/1.26.2/commons-compress-1.26.2.jar:/Users/admin/Library/Caches/Coursier/v1/https/repo1.maven.org/maven2/com/fasterxml/jackson/core/jackson-databind/2.15.2/jackson-databind-2.15.2.jar:/Users/admin/Library/Caches/Coursier/v1/https/repo1.maven.org/maven2/com/fasterxml/jackson/datatype/jackson-datatype-jsr310/2.15.2/jackson-datatype-jsr310-2.15.2.jar:/Users/admin/Library/Caches/Coursier/v1/https/repo1.maven.org/maven2/org/bouncycastle/bcprov-jdk18on/1.78.1/bcprov-jdk18on-1.78.1.jar:/Users/admin/Library/Caches/Coursier/v1/https/repo1.maven.org/maven2/org/bouncycastle/bcutil-jdk18on/1.78.1/bcutil-jdk18on-1.78.1.jar:/Users/admin/Library/Caches/Coursier/v1/https/repo1.maven.org/maven2/org/scala-lang/scala3-compiler_3/3.3.4/scala3-compiler_3-3.3.4.jar:/Users/admin/Library/Caches/Coursier/v1/https/repo1.maven.org/maven2/org/scalameta/scalameta_2.13/4.9.9/scalameta_2.13-4.9.9.jar:/Users/admin/Library/Caches/Coursier/v1/https/repo1.maven.org/maven2/com/thesamet/scalapb/scalapb-runtime_2.13/0.11.17/scalapb-runtime_2.13-0.11.17.jar:/Users/admin/Library/Caches/Coursier/v1/https/repo1.maven.org/maven2/org/scala-native/tools_3/0.5.6/tools_3-0.5.6.jar:/Users/admin/Library/Caches/Coursier/v1/https/repo1.maven.org/maven2/org/scala-sbt/test-interface/1.0/test-interface-1.0.jar:/Users/admin/Library/Caches/Coursier/v1/https/repo1.maven.org/maven2/com/github/sbt/junit-interface/0.13.3/junit-interface-0.13.3.jar:/Users/admin/Library/Caches/Coursier/v1/https/repo1.maven.org/maven2/junit/junit/4.13.2/junit-4.13.2.jar:/Users/admin/Library/Caches/Coursier/v1/https/repo1.maven.org/maven2/com/lihaoyi/geny_3/1.1.1/geny_3-1.1.1.jar:/Users/admin/Library/Caches/Coursier/v1/https/repo1.maven.org/maven2/com/lihaoyi/fansi_3/0.5.0/fansi_3-0.5.0.jar:/Users/admin/Library/Caches/Coursier/v1/https/repo1.maven.org/maven2/org/scala-js/scalajs-js-envs_2.13/1.4.0/scalajs-js-envs_2.13-1.4.0.jar:/Users/admin/Library/Caches/Coursier/v1/https/repo1.maven.org/maven2/ch/epfl/scala/bloop-config_2.13/2.3.1/bloop-config_2.13-2.3.1.jar:/Users/admin/Library/Caches/Coursier/v1/https/repo1.maven.org/maven2/org/virtuslab/scala-cli/core_3/1.6.1/core_3-1.6.1.jar:/Users/admin/Library/Caches/Coursier/v1/https/repo1.maven.org/maven2/org/virtuslab/using_directives/1.1.4/using_directives-1.1.4.jar:/Users/admin/Library/Caches/Coursier/v1/https/repo1.maven.org/maven2/org/virtuslab/scala-cli/build-macros_3/1.6.1/build-macros_3-1.6.1.jar:/Users/admin/Library/Caches/Coursier/v1/https/repo1.maven.org/maven2/ch/epfl/scala/bsp4j/2.1.1/bsp4j-2.1.1.jar:/Users/admin/Library/Caches/Coursier/v1/https/repo1.maven.org/maven2/javax/inject/javax.inject/1/javax.inject-1.jar:/Users/admin/Library/Caches/Coursier/v1/https/repo1.maven.org/maven2/org/codehaus/plexus/plexus-utils/4.0.1/plexus-utils-4.0.1.jar:/Users/admin/Library/Caches/Coursier/v1/https/repo1.maven.org/maven2/org/codehaus/plexus/plexus-io/3.5.0/plexus-io-3.5.0.jar:/Users/admin/Library/Caches/Coursier/v1/https/repo1.maven.org/maven2/io/airlift/aircompressor/0.27/aircompressor-0.27.jar:/Users/admin/Library/Caches/Coursier/v1/https/repo1.maven.org/maven2/org/tukaani/xz/1.9/xz-1.9.jar:/Users/admin/Library/Caches/Coursier/v1/https/repo1.maven.org/maven2/com/github/luben/zstd-jni/1.5.6-3/zstd-jni-1.5.6-3.jar:/Users/admin/Library/Caches/Coursier/v1/https/repo1.maven.org/maven2/org/codehaus/plexus/plexus-classworlds/2.6.0/plexus-classworlds-2.6.0.jar:/Users/admin/Library/Caches/Coursier/v1/https/repo1.maven.org/maven2/org/apache/xbean/xbean-reflect/3.7/xbean-reflect-3.7.jar:/Users/admin/Library/Caches/Coursier/v1/https/repo1.maven.org/maven2/org/fusesource/jansi/jansi/2.4.1/jansi-2.4.1.jar:/Users/admin/Library/Caches/Coursier/v1/https/repo1.maven.org/maven2/org/apache/httpcomponents/httpclient/4.5.13/httpclient-4.5.13.jar:/Users/admin/Library/Caches/Coursier/v1/https/repo1.maven.org/maven2/org/apache/httpcomponents/httpcore/4.4.15/httpcore-4.4.15.jar:/Users/admin/Library/Caches/Coursier/v1/https/repo1.maven.org/maven2/io/opencensus/opencensus-api/0.31.1/opencensus-api-0.31.1.jar:/Users/admin/Library/Caches/Coursier/v1/https/repo1.maven.org/maven2/io/opencensus/opencensus-contrib-http-util/0.31.1/opencensus-contrib-http-util-0.31.1.jar:/Users/admin/Library/Caches/Coursier/v1/https/repo1.maven.org/maven2/com/google/auto/value/auto-value-annotations/1.9/auto-value-annotations-1.9.jar:/Users/admin/Library/Caches/Coursier/v1/https/repo1.maven.org/maven2/com/google/auth/google-auth-library-credentials/1.10.0/google-auth-library-credentials-1.10.0.jar:/Users/admin/Library/Caches/Coursier/v1/https/repo1.maven.org/maven2/com/google/http-client/google-http-client-gson/1.42.2/google-http-client-gson-1.42.2.jar:/Users/admin/Library/Caches/Coursier/v1/https/repo1.maven.org/maven2/commons-codec/commons-codec/1.17.0/commons-codec-1.17.0.jar:/Users/admin/Library/Caches/Coursier/v1/https/repo1.maven.org/maven2/org/apache/commons/commons-lang3/3.14.0/commons-lang3-3.14.0.jar:/Users/admin/Library/Caches/Coursier/v1/https/repo1.maven.org/maven2/com/fasterxml/jackson/core/jackson-annotations/2.15.2/jackson-annotations-2.15.2.jar:/Users/admin/Library/Caches/Coursier/v1/https/repo1.maven.org/maven2/com/fasterxml/jackson/core/jackson-core/2.15.2/jackson-core-2.15.2.jar:/Users/admin/Library/Caches/Coursier/v1/https/repo1.maven.org/maven2/org/scala-lang/scala3-interfaces/3.3.4/scala3-interfaces-3.3.4.jar:/Users/admin/Library/Caches/Coursier/v1/https/repo1.maven.org/maven2/org/scala-lang/tasty-core_3/3.3.4/tasty-core_3-3.3.4.jar:/Users/admin/Library/Caches/Coursier/v1/https/repo1.maven.org/maven2/org/scala-lang/modules/scala-asm/9.6.0-scala-1/scala-asm-9.6.0-scala-1.jar:/Users/admin/Library/Caches/Coursier/v1/https/repo1.maven.org/maven2/org/scala-sbt/compiler-interface/1.9.6/compiler-interface-1.9.6.jar:/Users/admin/Library/Caches/Coursier/v1/https/repo1.maven.org/maven2/org/scalameta/parsers_2.13/4.9.9/parsers_2.13-4.9.9.jar:/Users/admin/Library/Caches/Coursier/v1/https/repo1.maven.org/maven2/org/scala-lang/scalap/2.13.11/scalap-2.13.11.jar:/Users/admin/Library/Caches/Coursier/v1/https/repo1.maven.org/maven2/com/thesamet/scalapb/lenses_2.13/0.11.17/lenses_2.13-0.11.17.jar:/Users/admin/Library/Caches/Coursier/v1/https/repo1.maven.org/maven2/com/google/protobuf/protobuf-java/3.19.6/protobuf-java-3.19.6.jar:/Users/admin/Library/Caches/Coursier/v1/https/repo1.maven.org/maven2/org/scala-native/nir_3/0.5.6/nir_3-0.5.6.jar:/Users/admin/Library/Caches/Coursier/v1/https/repo1.maven.org/maven2/org/scala-native/util_3/0.5.6/util_3-0.5.6.jar:/Users/admin/Library/Caches/Coursier/v1/https/repo1.maven.org/maven2/org/hamcrest/hamcrest-core/1.3/hamcrest-core-1.3.jar:/Users/admin/Library/Caches/Coursier/v1/https/repo1.maven.org/maven2/org/scala-js/scalajs-logging_2.13/1.1.1/scalajs-logging_2.13-1.1.1.jar:/Users/admin/Library/Caches/Coursier/v1/https/repo1.maven.org/maven2/com/lihaoyi/unroll-annotation_2.13/0.1.12/unroll-annotation_2.13-0.1.12.jar:/Users/admin/Library/Caches/Coursier/v1/https/repo1.maven.org/maven2/ch/epfl/scala/bloop-rifle_2.13/2.0.8/bloop-rifle_2.13-2.0.8.jar:/Users/admin/Library/Caches/Coursier/v1/https/repo1.maven.org/maven2/io/get-coursier/coursier-jvm_2.13/2.1.24/coursier-jvm_2.13-2.1.24.jar:/Users/admin/Library/Caches/Coursier/v1/https/repo1.maven.org/maven2/io/get-coursier/dependency_3/0.3.2/dependency_3-0.3.2.jar:/Users/admin/Library/Caches/Coursier/v1/https/repo1.maven.org/maven2/org/eclipse/jgit/org.eclipse.jgit/6.8.0.202311291450-r/org.eclipse.jgit-6.8.0.202311291450-r.jar:/Users/admin/Library/Caches/Coursier/v1/https/repo1.maven.org/maven2/org/scala-js/scalajs-env-jsdom-nodejs_2.13/1.1.0/scalajs-env-jsdom-nodejs_2.13-1.1.0.jar:/Users/admin/Library/Caches/Coursier/v1/https/repo1.maven.org/maven2/org/eclipse/lsp4j/org.eclipse.lsp4j.generator/0.20.1/org.eclipse.lsp4j.generator-0.20.1.jar:/Users/admin/Library/Caches/Coursier/v1/https/repo1.maven.org/maven2/org/eclipse/lsp4j/org.eclipse.lsp4j.jsonrpc/0.20.1/org.eclipse.lsp4j.jsonrpc-0.20.1.jar:/Users/admin/Library/Caches/Coursier/v1/https/repo1.maven.org/maven2/commons-logging/commons-logging/1.2/commons-logging-1.2.jar:/Users/admin/Library/Caches/Coursier/v1/https/repo1.maven.org/maven2/io/grpc/grpc-context/1.27.2/grpc-context-1.27.2.jar:/Users/admin/Library/Caches/Coursier/v1/https/repo1.maven.org/maven2/com/google/code/gson/gson/2.10.1/gson-2.10.1.jar:/Users/admin/Library/Caches/Coursier/v1/https/repo1.maven.org/maven2/org/scala-sbt/util-interface/1.9.8/util-interface-1.9.8.jar:/Users/admin/Library/Caches/Coursier/v1/https/repo1.maven.org/maven2/org/scalameta/trees_2.13/4.9.9/trees_2.13-4.9.9.jar:/Users/admin/Library/Caches/Coursier/v1/https/repo1.maven.org/maven2/org/scala-lang/scala-compiler/2.13.11/scala-compiler-2.13.11.jar:/Users/admin/Library/Caches/Coursier/v1/https/repo1.maven.org/maven2/ch/epfl/scala/libdaemon_2.13/0.0.12/libdaemon_2.13-0.0.12.jar:/Users/admin/Library/Caches/Coursier/v1/https/repo1.maven.org/maven2/io/github/alexarchambault/scala-cli/snailgun/snailgun-core_2.13/0.4.1-sc2/snailgun-core_2.13-0.4.1-sc2.jar:/Users/admin/Library/Caches/Coursier/v1/https/repo1.maven.org/maven2/io/get-coursier/coursier_2.13/2.1.24/coursier_2.13-2.1.24.jar:/Users/admin/Library/Caches/Coursier/v1/https/repo1.maven.org/maven2/io/get-coursier/coursier-env_2.13/2.1.24/coursier-env_2.13-2.1.24.jar:/Users/admin/Library/Caches/Coursier/v1/https/repo1.maven.org/maven2/com/googlecode/javaewah/JavaEWAH/1.2.3/JavaEWAH-1.2.3.jar:/Users/admin/Library/Caches/Coursier/v1/https/repo1.maven.org/maven2/org/eclipse/xtend/org.eclipse.xtend.lib/2.28.0/org.eclipse.xtend.lib-2.28.0.jar:/Users/admin/Library/Caches/Coursier/v1/https/repo1.maven.org/maven2/org/scalameta/common_2.13/4.9.9/common_2.13-4.9.9.jar:/Users/admin/Library/Caches/Coursier/v1/https/repo1.maven.org/maven2/io/github/java-diff-utils/java-diff-utils/4.12/java-diff-utils-4.12.jar:/Users/admin/Library/Caches/Coursier/v1/https/repo1.maven.org/maven2/io/get-coursier/dependency_2.13/0.3.2/dependency_2.13-0.3.2.jar:/Users/admin/Library/Caches/Coursier/v1/https/repo1.maven.org/maven2/org/eclipse/xtext/org.eclipse.xtext.xbase.lib/2.28.0/org.eclipse.xtext.xbase.lib-2.28.0.jar:/Users/admin/Library/Caches/Coursier/v1/https/repo1.maven.org/maven2/org/eclipse/xtend/org.eclipse.xtend.lib.macro/2.28.0/org.eclipse.xtend.lib.macro-2.28.0.jar, scala.cli.ScalaCli, bsp, /Users/admin/datastructure)
2025.02.17 19:12:40 INFO  tracing is disabled for protocol BSP, to enable tracing of incoming and outgoing JSON messages create an empty file at /Users/admin/datastructure/.metals/bsp.trace.json or /Users/admin/Library/Caches/org.scalameta.metals/bsp.trace.json
2025.02.17 19:12:40 INFO  no build target found for /Users/admin/datastructure/sortInWave.java. Using presentation compiler with project's scala-library version: 3.3.4
Feb 17, 2025 7:12:41 P.M. scala.meta.internal.pc.CompilerAccess handleError
SEVERE: A severe compiler error occurred, full details of the error can be found in the error report /Users/admin/datastructure/.metals/.reports/metals-full/2025-02-17/r_compiler-error_19-12-41-135.md
2025.02.17 19:12:42 INFO  no build target found for /Users/admin/datastructure/sortInWave.java. Using presentation compiler with project's scala-library version: 3.3.4
Feb 17, 2025 7:12:42 P.M. scala.meta.internal.pc.CompilerAccess handleError
SEVERE: A severe compiler error occurred, full details of the error can be found in the error report /Users/admin/datastructure/.metals/.reports/metals-full/2025-02-17/r_compiler-error_19-12-42-563.md
2025.02.17 19:12:44 INFO  Connected to Scala CLI server v1.6.1
2025.02.17 19:12:46 INFO  time: indexed workspace in 2.86s
2025.02.17 19:12:47 INFO  Scala CLI started for /Users/admin/datastructure
2025.02.17 19:12:47 WARN  no build tool detected in workspace '/Users/admin/datastructure'. The most common cause for this problem is that the editor was opened in the wrong working directory, for example if you use sbt then the workspace directory should contain build.sbt. 
2025.02.17 19:12:47 WARN  Build server is not auto-connectable.
Feb 17, 2025 7:13:01 P.M. org.eclipse.lsp4j.jsonrpc.services.GenericEndpoint notify
WARNING: Unsupported notification method: metals/windowStateDidChange
Feb 17, 2025 7:13:09 P.M. org.eclipse.lsp4j.jsonrpc.services.GenericEndpoint notify
WARNING: Unsupported notification method: metals/windowStateDidChange
Feb 17, 2025 7:13:11 P.M. org.eclipse.lsp4j.jsonrpc.services.GenericEndpoint notify
WARNING: Unsupported notification method: metals/windowStateDidChange
Feb 17, 2025 7:13:15 P.M. org.eclipse.lsp4j.jsonrpc.services.GenericEndpoint notify
WARNING: Unsupported notification method: metals/windowStateDidChange
2025.02.17 19:13:18 INFO  compiling datastructure_d5c0a6989e (1 scala source)
2025.02.17 19:13:18 INFO  time: compiled datastructure_d5c0a6989e in 0.18s
2025.02.17 19:13:53 INFO  compiling datastructure_d5c0a6989e (1 scala source)
2025.02.17 19:13:53 INFO  time: compiled datastructure_d5c0a6989e in 0.13s
Feb 17, 2025 7:14:50 P.M. org.eclipse.lsp4j.jsonrpc.services.GenericEndpoint notify
WARNING: Unsupported notification method: metals/windowStateDidChange
Feb 17, 2025 7:14:56 P.M. org.eclipse.lsp4j.jsonrpc.services.GenericEndpoint notify
WARNING: Unsupported notification method: metals/windowStateDidChange
2025.02.17 19:15:14 INFO  compiling datastructure_d5c0a6989e (1 scala source)
2025.02.17 19:15:14 INFO  time: compiled datastructure_d5c0a6989e in 0.18s
2025.02.17 19:15:19 INFO  compiling datastructure_d5c0a6989e (1 scala source)
2025.02.17 19:15:19 INFO  time: compiled datastructure_d5c0a6989e in 0.12s
Feb 17, 2025 7:15:30 P.M. org.eclipse.lsp4j.jsonrpc.services.GenericEndpoint notify
WARNING: Unsupported notification method: metals/windowStateDidChange
Feb 17, 2025 7:15:35 P.M. org.eclipse.lsp4j.jsonrpc.services.GenericEndpoint notify
WARNING: Unsupported notification method: metals/windowStateDidChange
2025.02.17 19:15:43 INFO  compiling datastructure_d5c0a6989e (1 scala source)
2025.02.17 19:15:43 INFO  time: compiled datastructure_d5c0a6989e in 0.14s
2025.02.17 19:16:06 INFO  compiling datastructure_d5c0a6989e (1 scala source)
2025.02.17 19:16:06 INFO  time: compiled datastructure_d5c0a6989e in 0.13s
2025.02.17 19:16:10 INFO  compiling datastructure_d5c0a6989e (1 scala source)
2025.02.17 19:16:10 INFO  time: compiled datastructure_d5c0a6989e in 0.28s
2025.02.17 19:16:16 INFO  compiling datastructure_d5c0a6989e (1 scala source)
2025.02.17 19:16:16 INFO  time: compiled datastructure_d5c0a6989e in 0.14s
Feb 17, 2025 7:16:41 P.M. org.eclipse.lsp4j.jsonrpc.services.GenericEndpoint notify
WARNING: Unsupported notification method: metals/windowStateDidChange
Feb 17, 2025 7:16:44 P.M. org.eclipse.lsp4j.jsonrpc.services.GenericEndpoint notify
WARNING: Unsupported notification method: metals/windowStateDidChange
2025.02.17 19:17:11 INFO  compiling datastructure_d5c0a6989e (1 scala source)
2025.02.17 19:17:11 INFO  time: compiled datastructure_d5c0a6989e in 0.15s
Feb 17, 2025 7:19:58 P.M. org.eclipse.lsp4j.jsonrpc.services.GenericEndpoint notify
WARNING: Unsupported notification method: metals/windowStateDidChange
Feb 17, 2025 7:20:06 P.M. org.eclipse.lsp4j.jsonrpc.services.GenericEndpoint notify
WARNING: Unsupported notification method: metals/windowStateDidChange
Feb 17, 2025 7:20:26 P.M. org.eclipse.lsp4j.jsonrpc.services.GenericEndpoint notify
WARNING: Unsupported notification method: metals/windowStateDidChange
Feb 17, 2025 7:20:28 P.M. org.eclipse.lsp4j.jsonrpc.services.GenericEndpoint notify
WARNING: Unsupported notification method: metals/windowStateDidChange
2025.02.17 19:20:28 INFO  Shut down connection with build server.
java.util.concurrent.RejectedExecutionException: Task Future(<not completed>) rejected from java.util.concurrent.ThreadPoolExecutor@6574b225[Shutting down, pool size = 1, active threads = 1, queued tasks = 0, completed tasks = 7353]
	at java.base/java.util.concurrent.ThreadPoolExecutor$AbortPolicy.rejectedExecution(ThreadPoolExecutor.java:2081)
	at java.base/java.util.concurrent.ThreadPoolExecutor.reject(ThreadPoolExecutor.java:841)
	at java.base/java.util.concurrent.ThreadPoolExecutor.execute(ThreadPoolExecutor.java:1376)
	at scala.concurrent.impl.ExecutionContextImpl.execute(ExecutionContextImpl.scala:21)
	at scala.concurrent.impl.Promise$Transformation.submitWithValue(Promise.scala:429)
	at scala.concurrent.impl.Promise$DefaultPromise.submitWithValue(Promise.scala:338)
	at scala.concurrent.impl.Promise$DefaultPromise.tryComplete0(Promise.scala:285)
	at scala.concurrent.impl.Promise$Transformation.handleFailure(Promise.scala:444)
	at scala.concurrent.impl.Promise$Transformation.submitWithValue(Promise.scala:435)
	at scala.concurrent.impl.Promise$DefaultPromise.submitWithValue(Promise.scala:338)
	at scala.concurrent.impl.Promise$DefaultPromise.tryComplete0(Promise.scala:285)
	at scala.concurrent.impl.Promise$Transformation.handleFailure(Promise.scala:444)
	at scala.concurrent.impl.Promise$Transformation.run(Promise.scala:506)
	at java.base/java.util.concurrent.ThreadPoolExecutor.runWorker(ThreadPoolExecutor.java:1144)
	at java.base/java.util.concurrent.ThreadPoolExecutor$Worker.run(ThreadPoolExecutor.java:642)
	at java.base/java.lang.Thread.run(Thread.java:1589)
2025.02.17 19:20:33 INFO  Started: Metals version 1.5.1 in folders '/Users/admin/datastructure' for client Visual Studio Code 1.85.1.
2025.02.17 19:20:36 WARN  scala-cli >= 0.1.3 not found in PATH, fetching and starting a JVM-based Scala CLI
2025.02.17 19:20:38 INFO  Running List(/Library/Java/JavaVirtualMachines/jdk-19.jdk/Contents/Home/bin/java, -cp, /Users/admin/Library/Caches/Coursier/v1/https/repo1.maven.org/maven2/org/virtuslab/scala-cli/cli_3/1.6.1/cli_3-1.6.1.jar:/Users/admin/Library/Caches/Coursier/v1/https/repo1.maven.org/maven2/com/github/alexarchambault/case-app_3/2.1.0-M29/case-app_3-2.1.0-M29.jar:/Users/admin/Library/Caches/Coursier/v1/https/repo1.maven.org/maven2/io/get-coursier/coursier-launcher_2.13/2.1.24/coursier-launcher_2.13-2.1.24.jar:/Users/admin/Library/Caches/Coursier/v1/https/repo1.maven.org/maven2/io/get-coursier/coursier-proxy-setup/2.1.24/coursier-proxy-setup-2.1.24.jar:/Users/admin/Library/Caches/Coursier/v1/https/repo1.maven.org/maven2/io/get-coursier/publish/publish_2.13/0.2.0/publish_2.13-0.2.0.jar:/Users/admin/Library/Caches/Coursier/v1/https/repo1.maven.org/maven2/com/google/jimfs/jimfs/1.3.0/jimfs-1.3.0.jar:/Users/admin/Library/Caches/Coursier/v1/https/repo1.maven.org/maven2/io/get-coursier/jniutils/windows-jni-utils/0.3.3/windows-jni-utils-0.3.3.jar:/Users/admin/Library/Caches/Coursier/v1/https/repo1.maven.org/maven2/com/github/plokhotnyuk/jsoniter-scala/jsoniter-scala-core_3/2.13.5.2/jsoniter-scala-core_3-2.13.5.2.jar:/Users/admin/Library/Caches/Coursier/v1/https/repo1.maven.org/maven2/org/virtuslab/scala-cli/libsodiumjni/0.0.4/libsodiumjni-0.0.4.jar:/Users/admin/Library/Caches/Coursier/v1/https/repo1.maven.org/maven2/org/scalameta/metaconfig-typesafe-config_3/0.14.0/metaconfig-typesafe-config_3-0.14.0.jar:/Users/admin/Library/Caches/Coursier/v1/https/repo1.maven.org/maven2/ai/kien/python-native-libs_3/0.2.4/python-native-libs_3-0.2.4.jar:/Users/admin/Library/Caches/Coursier/v1/https/repo1.maven.org/maven2/org/virtuslab/scala-packager_2.13/0.1.31/scala-packager_2.13-0.1.31.jar:/Users/admin/Library/Caches/Coursier/v1/https/repo1.maven.org/maven2/org/virtuslab/scala-cli-signing/cli_3/0.2.4/cli_3-0.2.4.jar:/Users/admin/Library/Caches/Coursier/v1/https/repo1.maven.org/maven2/org/slf4j/slf4j-nop/2.0.16/slf4j-nop-2.0.16.jar:/Users/admin/Library/Caches/Coursier/v1/https/repo1.maven.org/maven2/com/softwaremill/sttp/client3/core_2.13/3.10.2/core_2.13-3.10.2.jar:/Users/admin/Library/Caches/Coursier/v1/https/repo1.maven.org/maven2/ch/epfl/scala/scalafix-interfaces/0.14.0/scalafix-interfaces-0.14.0.jar:/Users/admin/Library/Caches/Coursier/v1/https/repo1.maven.org/maven2/org/scala-lang/scala3-library_3/3.3.4/scala3-library_3-3.3.4.jar:/Users/admin/Library/Caches/Coursier/v1/https/repo1.maven.org/maven2/org/virtuslab/scala-cli/build-module_3/1.6.1/build-module_3-1.6.1.jar:/Users/admin/Library/Caches/Coursier/v1/https/repo1.maven.org/maven2/org/virtuslab/scala-cli/config_3/1.6.1/config_3-1.6.1.jar:/Users/admin/Library/Caches/Coursier/v1/https/repo1.maven.org/maven2/org/virtuslab/scala-cli/scala3-graal_3/1.6.1/scala3-graal_3-1.6.1.jar:/Users/admin/Library/Caches/Coursier/v1/https/repo1.maven.org/maven2/org/virtuslab/scala-cli/specification-level_3/1.6.1/specification-level_3-1.6.1.jar:/Users/admin/Library/Caches/Coursier/v1/https/repo1.maven.org/maven2/com/lihaoyi/sourcecode_3/0.4.2/sourcecode_3-0.4.2.jar:/Users/admin/Library/Caches/Coursier/v1/https/repo1.maven.org/maven2/com/github/alexarchambault/case-app-annotations_3/2.1.0-M29/case-app-annotations_3-2.1.0-M29.jar:/Users/admin/Library/Caches/Coursier/v1/https/repo1.maven.org/maven2/com/github/alexarchambault/case-app-util_3/2.1.0-M29/case-app-util_3-2.1.0-M29.jar:/Users/admin/Library/Caches/Coursier/v1/https/repo1.maven.org/maven2/io/github/alexarchambault/scala-cli/tmp/zip-input-stream/0.1.1/zip-input-stream-0.1.1.jar:/Users/admin/Library/Caches/Coursier/v1/https/repo1.maven.org/maven2/org/scala-lang/scala-library/2.13.16/scala-library-2.13.16.jar:/Users/admin/Library/Caches/Coursier/v1/https/repo1.maven.org/maven2/io/get-coursier/coursier-cache_2.13/2.1.24/coursier-cache_2.13-2.1.24.jar:/Users/admin/Library/Caches/Coursier/v1/https/repo1.maven.org/maven2/io/get-coursier/coursier-core_2.13/2.1.24/coursier-core_2.13-2.1.24.jar:/Users/admin/Library/Caches/Coursier/v1/https/repo1.maven.org/maven2/com/google/guava/guava/33.4.0-jre/guava-33.4.0-jre.jar:/Users/admin/Library/Caches/Coursier/v1/https/repo1.maven.org/maven2/net/java/dev/jna/jna/5.13.0/jna-5.13.0.jar:/Users/admin/Library/Caches/Coursier/v1/https/repo1.maven.org/maven2/net/java/dev/jna/jna-platform/5.12.1/jna-platform-5.12.1.jar:/Users/admin/Library/Caches/Coursier/v1/https/repo1.maven.org/maven2/org/scalameta/metaconfig-core_3/0.14.0/metaconfig-core_3-0.14.0.jar:/Users/admin/Library/Caches/Coursier/v1/https/repo1.maven.org/maven2/com/typesafe/config/1.4.3/config-1.4.3.jar:/Users/admin/Library/Caches/Coursier/v1/https/repo1.maven.org/maven2/org/scala-lang/modules/scala-collection-compat_3/2.12.0/scala-collection-compat_3-2.12.0.jar:/Users/admin/Library/Caches/Coursier/v1/https/repo1.maven.org/maven2/commons-io/commons-io/2.18.0/commons-io-2.18.0.jar:/Users/admin/Library/Caches/Coursier/v1/https/repo1.maven.org/maven2/com/google/cloud/tools/jib-core/0.27.2/jib-core-0.27.2.jar:/Users/admin/Library/Caches/Coursier/v1/https/repo1.maven.org/maven2/org/bouncycastle/bcpg-jdk18on/1.78.1/bcpg-jdk18on-1.78.1.jar:/Users/admin/Library/Caches/Coursier/v1/https/repo1.maven.org/maven2/org/virtuslab/scala-cli-signing/shared_3/0.2.4/shared_3-0.2.4.jar:/Users/admin/Library/Caches/Coursier/v1/https/repo1.maven.org/maven2/org/slf4j/slf4j-api/2.0.16/slf4j-api-2.0.16.jar:/Users/admin/Library/Caches/Coursier/v1/https/repo1.maven.org/maven2/com/softwaremill/sttp/model/core_2.13/1.7.11/core_2.13-1.7.11.jar:/Users/admin/Library/Caches/Coursier/v1/https/repo1.maven.org/maven2/com/softwaremill/sttp/shared/core_2.13/1.3.22/core_2.13-1.3.22.jar:/Users/admin/Library/Caches/Coursier/v1/https/repo1.maven.org/maven2/com/softwaremill/sttp/shared/ws_2.13/1.3.22/ws_2.13-1.3.22.jar:/Users/admin/Library/Caches/Coursier/v1/https/repo1.maven.org/maven2/io/get-coursier/interface/1.0.26/interface-1.0.26.jar:/Users/admin/Library/Caches/Coursier/v1/https/repo1.maven.org/maven2/org/ow2/asm/asm/9.7.1/asm-9.7.1.jar:/Users/admin/Library/Caches/Coursier/v1/https/repo1.maven.org/maven2/org/virtuslab/scala-cli/java-class-name/java-class-name_3/0.1.4/java-class-name_3-0.1.4.jar:/Users/admin/Library/Caches/Coursier/v1/https/repo1.maven.org/maven2/org/scalameta/semanticdb-shared_2.13.16/4.9.9/semanticdb-shared_2.13.16-4.9.9.jar:/Users/admin/Library/Caches/Coursier/v1/https/repo1.maven.org/maven2/org/scala-native/test-runner_3/0.5.6/test-runner_3-0.5.6.jar:/Users/admin/Library/Caches/Coursier/v1/https/repo1.maven.org/maven2/com/lihaoyi/os-lib_3/0.11.3/os-lib_3-0.11.3.jar:/Users/admin/Library/Caches/Coursier/v1/https/repo1.maven.org/maven2/com/lihaoyi/pprint_3/0.9.0/pprint_3-0.9.0.jar:/Users/admin/Library/Caches/Coursier/v1/https/repo1.maven.org/maven2/org/scala-js/scalajs-env-nodejs_2.13/1.4.0/scalajs-env-nodejs_2.13-1.4.0.jar:/Users/admin/Library/Caches/Coursier/v1/https/repo1.maven.org/maven2/org/scala-js/scalajs-sbt-test-adapter_2.13/1.18.1/scalajs-sbt-test-adapter_2.13-1.18.1.jar:/Users/admin/Library/Caches/Coursier/v1/https/repo1.maven.org/maven2/com/swoval/file-tree-views/2.1.12/file-tree-views-2.1.12.jar:/Users/admin/Library/Caches/Coursier/v1/https/repo1.maven.org/maven2/org/virtuslab/scala-cli/zip-input-stream/zip-input-stream/0.1.2/zip-input-stream-0.1.2.jar:/Users/admin/Library/Caches/Coursier/v1/https/repo1.maven.org/maven2/org/virtuslab/scala-cli/options_3/1.6.1/options_3-1.6.1.jar:/Users/admin/Library/Caches/Coursier/v1/https/repo1.maven.org/maven2/org/virtuslab/scala-cli/directives_3/1.6.1/directives_3-1.6.1.jar:/Users/admin/Library/Caches/Coursier/v1/https/repo1.maven.org/maven2/org/virtuslab/scala-cli/scala-cli-bsp/1.6.1/scala-cli-bsp-1.6.1.jar:/Users/admin/Library/Caches/Coursier/v1/https/repo1.maven.org/maven2/org/virtuslab/scala-cli/test-runner_3/1.6.1/test-runner_3-1.6.1.jar:/Users/admin/Library/Caches/Coursier/v1/https/repo1.maven.org/maven2/org/virtuslab/scala-cli/tasty-lib_3/1.6.1/tasty-lib_3-1.6.1.jar:/Users/admin/Library/Caches/Coursier/v1/https/repo1.maven.org/maven2/io/github/alexarchambault/is-terminal/0.1.1/is-terminal-0.1.1.jar:/Users/admin/Library/Caches/Coursier/v1/https/repo1.maven.org/maven2/org/codehaus/plexus/plexus-archiver/4.10.0/plexus-archiver-4.10.0.jar:/Users/admin/Library/Caches/Coursier/v1/https/repo1.maven.org/maven2/org/codehaus/plexus/plexus-container-default/2.1.1/plexus-container-default-2.1.1.jar:/Users/admin/Library/Caches/Coursier/v1/https/repo1.maven.org/maven2/io/github/alexarchambault/windows-ansi/windows-ansi/0.0.6/windows-ansi-0.0.6.jar:/Users/admin/Library/Caches/Coursier/v1/https/repo1.maven.org/maven2/io/get-coursier/cache-util/2.1.24/cache-util-2.1.24.jar:/Users/admin/Library/Caches/Coursier/v1/https/repo1.maven.org/maven2/io/get-coursier/coursier-util_2.13/2.1.24/coursier-util_2.13-2.1.24.jar:/Users/admin/Library/Caches/Coursier/v1/https/repo1.maven.org/maven2/io/github/alexarchambault/concurrent-reference-hash-map/1.1.0/concurrent-reference-hash-map-1.1.0.jar:/Users/admin/Library/Caches/Coursier/v1/https/repo1.maven.org/maven2/org/scala-lang/modules/scala-xml_2.13/2.3.0/scala-xml_2.13-2.3.0.jar:/Users/admin/Library/Caches/Coursier/v1/https/repo1.maven.org/maven2/com/google/guava/failureaccess/1.0.2/failureaccess-1.0.2.jar:/Users/admin/Library/Caches/Coursier/v1/https/repo1.maven.org/maven2/com/google/guava/listenablefuture/9999.0-empty-to-avoid-conflict-with-guava/listenablefuture-9999.0-empty-to-avoid-conflict-with-guava.jar:/Users/admin/Library/Caches/Coursier/v1/https/repo1.maven.org/maven2/com/google/code/findbugs/jsr305/3.0.2/jsr305-3.0.2.jar:/Users/admin/Library/Caches/Coursier/v1/https/repo1.maven.org/maven2/org/checkerframework/checker-qual/3.43.0/checker-qual-3.43.0.jar:/Users/admin/Library/Caches/Coursier/v1/https/repo1.maven.org/maven2/com/google/errorprone/error_prone_annotations/2.36.0/error_prone_annotations-2.36.0.jar:/Users/admin/Library/Caches/Coursier/v1/https/repo1.maven.org/maven2/com/google/j2objc/j2objc-annotations/3.0.0/j2objc-annotations-3.0.0.jar:/Users/admin/Library/Caches/Coursier/v1/https/repo1.maven.org/maven2/org/scalameta/metaconfig-pprint_3/0.14.0/metaconfig-pprint_3-0.14.0.jar:/Users/admin/Library/Caches/Coursier/v1/https/repo1.maven.org/maven2/org/typelevel/paiges-core_3/0.4.4/paiges-core_3-0.4.4.jar:/Users/admin/Library/Caches/Coursier/v1/https/repo1.maven.org/maven2/org/scala-lang/scala-reflect/2.13.15/scala-reflect-2.13.15.jar:/Users/admin/Library/Caches/Coursier/v1/https/repo1.maven.org/maven2/com/google/cloud/tools/jib-build-plan/0.4.0/jib-build-plan-0.4.0.jar:/Users/admin/Library/Caches/Coursier/v1/https/repo1.maven.org/maven2/com/google/http-client/google-http-client/1.42.2/google-http-client-1.42.2.jar:/Users/admin/Library/Caches/Coursier/v1/https/repo1.maven.org/maven2/com/google/http-client/google-http-client-apache-v2/1.42.2/google-http-client-apache-v2-1.42.2.jar:/Users/admin/Library/Caches/Coursier/v1/https/repo1.maven.org/maven2/com/google/auth/google-auth-library-oauth2-http/1.10.0/google-auth-library-oauth2-http-1.10.0.jar:/Users/admin/Library/Caches/Coursier/v1/https/repo1.maven.org/maven2/org/apache/commons/commons-compress/1.26.2/commons-compress-1.26.2.jar:/Users/admin/Library/Caches/Coursier/v1/https/repo1.maven.org/maven2/com/fasterxml/jackson/core/jackson-databind/2.15.2/jackson-databind-2.15.2.jar:/Users/admin/Library/Caches/Coursier/v1/https/repo1.maven.org/maven2/com/fasterxml/jackson/datatype/jackson-datatype-jsr310/2.15.2/jackson-datatype-jsr310-2.15.2.jar:/Users/admin/Library/Caches/Coursier/v1/https/repo1.maven.org/maven2/org/bouncycastle/bcprov-jdk18on/1.78.1/bcprov-jdk18on-1.78.1.jar:/Users/admin/Library/Caches/Coursier/v1/https/repo1.maven.org/maven2/org/bouncycastle/bcutil-jdk18on/1.78.1/bcutil-jdk18on-1.78.1.jar:/Users/admin/Library/Caches/Coursier/v1/https/repo1.maven.org/maven2/org/scala-lang/scala3-compiler_3/3.3.4/scala3-compiler_3-3.3.4.jar:/Users/admin/Library/Caches/Coursier/v1/https/repo1.maven.org/maven2/org/scalameta/scalameta_2.13/4.9.9/scalameta_2.13-4.9.9.jar:/Users/admin/Library/Caches/Coursier/v1/https/repo1.maven.org/maven2/com/thesamet/scalapb/scalapb-runtime_2.13/0.11.17/scalapb-runtime_2.13-0.11.17.jar:/Users/admin/Library/Caches/Coursier/v1/https/repo1.maven.org/maven2/org/scala-native/tools_3/0.5.6/tools_3-0.5.6.jar:/Users/admin/Library/Caches/Coursier/v1/https/repo1.maven.org/maven2/org/scala-sbt/test-interface/1.0/test-interface-1.0.jar:/Users/admin/Library/Caches/Coursier/v1/https/repo1.maven.org/maven2/com/github/sbt/junit-interface/0.13.3/junit-interface-0.13.3.jar:/Users/admin/Library/Caches/Coursier/v1/https/repo1.maven.org/maven2/junit/junit/4.13.2/junit-4.13.2.jar:/Users/admin/Library/Caches/Coursier/v1/https/repo1.maven.org/maven2/com/lihaoyi/geny_3/1.1.1/geny_3-1.1.1.jar:/Users/admin/Library/Caches/Coursier/v1/https/repo1.maven.org/maven2/com/lihaoyi/fansi_3/0.5.0/fansi_3-0.5.0.jar:/Users/admin/Library/Caches/Coursier/v1/https/repo1.maven.org/maven2/org/scala-js/scalajs-js-envs_2.13/1.4.0/scalajs-js-envs_2.13-1.4.0.jar:/Users/admin/Library/Caches/Coursier/v1/https/repo1.maven.org/maven2/ch/epfl/scala/bloop-config_2.13/2.3.1/bloop-config_2.13-2.3.1.jar:/Users/admin/Library/Caches/Coursier/v1/https/repo1.maven.org/maven2/org/virtuslab/scala-cli/core_3/1.6.1/core_3-1.6.1.jar:/Users/admin/Library/Caches/Coursier/v1/https/repo1.maven.org/maven2/org/virtuslab/using_directives/1.1.4/using_directives-1.1.4.jar:/Users/admin/Library/Caches/Coursier/v1/https/repo1.maven.org/maven2/org/virtuslab/scala-cli/build-macros_3/1.6.1/build-macros_3-1.6.1.jar:/Users/admin/Library/Caches/Coursier/v1/https/repo1.maven.org/maven2/ch/epfl/scala/bsp4j/2.1.1/bsp4j-2.1.1.jar:/Users/admin/Library/Caches/Coursier/v1/https/repo1.maven.org/maven2/javax/inject/javax.inject/1/javax.inject-1.jar:/Users/admin/Library/Caches/Coursier/v1/https/repo1.maven.org/maven2/org/codehaus/plexus/plexus-utils/4.0.1/plexus-utils-4.0.1.jar:/Users/admin/Library/Caches/Coursier/v1/https/repo1.maven.org/maven2/org/codehaus/plexus/plexus-io/3.5.0/plexus-io-3.5.0.jar:/Users/admin/Library/Caches/Coursier/v1/https/repo1.maven.org/maven2/io/airlift/aircompressor/0.27/aircompressor-0.27.jar:/Users/admin/Library/Caches/Coursier/v1/https/repo1.maven.org/maven2/org/tukaani/xz/1.9/xz-1.9.jar:/Users/admin/Library/Caches/Coursier/v1/https/repo1.maven.org/maven2/com/github/luben/zstd-jni/1.5.6-3/zstd-jni-1.5.6-3.jar:/Users/admin/Library/Caches/Coursier/v1/https/repo1.maven.org/maven2/org/codehaus/plexus/plexus-classworlds/2.6.0/plexus-classworlds-2.6.0.jar:/Users/admin/Library/Caches/Coursier/v1/https/repo1.maven.org/maven2/org/apache/xbean/xbean-reflect/3.7/xbean-reflect-3.7.jar:/Users/admin/Library/Caches/Coursier/v1/https/repo1.maven.org/maven2/org/fusesource/jansi/jansi/2.4.1/jansi-2.4.1.jar:/Users/admin/Library/Caches/Coursier/v1/https/repo1.maven.org/maven2/org/apache/httpcomponents/httpclient/4.5.13/httpclient-4.5.13.jar:/Users/admin/Library/Caches/Coursier/v1/https/repo1.maven.org/maven2/org/apache/httpcomponents/httpcore/4.4.15/httpcore-4.4.15.jar:/Users/admin/Library/Caches/Coursier/v1/https/repo1.maven.org/maven2/io/opencensus/opencensus-api/0.31.1/opencensus-api-0.31.1.jar:/Users/admin/Library/Caches/Coursier/v1/https/repo1.maven.org/maven2/io/opencensus/opencensus-contrib-http-util/0.31.1/opencensus-contrib-http-util-0.31.1.jar:/Users/admin/Library/Caches/Coursier/v1/https/repo1.maven.org/maven2/com/google/auto/value/auto-value-annotations/1.9/auto-value-annotations-1.9.jar:/Users/admin/Library/Caches/Coursier/v1/https/repo1.maven.org/maven2/com/google/auth/google-auth-library-credentials/1.10.0/google-auth-library-credentials-1.10.0.jar:/Users/admin/Library/Caches/Coursier/v1/https/repo1.maven.org/maven2/com/google/http-client/google-http-client-gson/1.42.2/google-http-client-gson-1.42.2.jar:/Users/admin/Library/Caches/Coursier/v1/https/repo1.maven.org/maven2/commons-codec/commons-codec/1.17.0/commons-codec-1.17.0.jar:/Users/admin/Library/Caches/Coursier/v1/https/repo1.maven.org/maven2/org/apache/commons/commons-lang3/3.14.0/commons-lang3-3.14.0.jar:/Users/admin/Library/Caches/Coursier/v1/https/repo1.maven.org/maven2/com/fasterxml/jackson/core/jackson-annotations/2.15.2/jackson-annotations-2.15.2.jar:/Users/admin/Library/Caches/Coursier/v1/https/repo1.maven.org/maven2/com/fasterxml/jackson/core/jackson-core/2.15.2/jackson-core-2.15.2.jar:/Users/admin/Library/Caches/Coursier/v1/https/repo1.maven.org/maven2/org/scala-lang/scala3-interfaces/3.3.4/scala3-interfaces-3.3.4.jar:/Users/admin/Library/Caches/Coursier/v1/https/repo1.maven.org/maven2/org/scala-lang/tasty-core_3/3.3.4/tasty-core_3-3.3.4.jar:/Users/admin/Library/Caches/Coursier/v1/https/repo1.maven.org/maven2/org/scala-lang/modules/scala-asm/9.6.0-scala-1/scala-asm-9.6.0-scala-1.jar:/Users/admin/Library/Caches/Coursier/v1/https/repo1.maven.org/maven2/org/scala-sbt/compiler-interface/1.9.6/compiler-interface-1.9.6.jar:/Users/admin/Library/Caches/Coursier/v1/https/repo1.maven.org/maven2/org/scalameta/parsers_2.13/4.9.9/parsers_2.13-4.9.9.jar:/Users/admin/Library/Caches/Coursier/v1/https/repo1.maven.org/maven2/org/scala-lang/scalap/2.13.11/scalap-2.13.11.jar:/Users/admin/Library/Caches/Coursier/v1/https/repo1.maven.org/maven2/com/thesamet/scalapb/lenses_2.13/0.11.17/lenses_2.13-0.11.17.jar:/Users/admin/Library/Caches/Coursier/v1/https/repo1.maven.org/maven2/com/google/protobuf/protobuf-java/3.19.6/protobuf-java-3.19.6.jar:/Users/admin/Library/Caches/Coursier/v1/https/repo1.maven.org/maven2/org/scala-native/nir_3/0.5.6/nir_3-0.5.6.jar:/Users/admin/Library/Caches/Coursier/v1/https/repo1.maven.org/maven2/org/scala-native/util_3/0.5.6/util_3-0.5.6.jar:/Users/admin/Library/Caches/Coursier/v1/https/repo1.maven.org/maven2/org/hamcrest/hamcrest-core/1.3/hamcrest-core-1.3.jar:/Users/admin/Library/Caches/Coursier/v1/https/repo1.maven.org/maven2/org/scala-js/scalajs-logging_2.13/1.1.1/scalajs-logging_2.13-1.1.1.jar:/Users/admin/Library/Caches/Coursier/v1/https/repo1.maven.org/maven2/com/lihaoyi/unroll-annotation_2.13/0.1.12/unroll-annotation_2.13-0.1.12.jar:/Users/admin/Library/Caches/Coursier/v1/https/repo1.maven.org/maven2/ch/epfl/scala/bloop-rifle_2.13/2.0.8/bloop-rifle_2.13-2.0.8.jar:/Users/admin/Library/Caches/Coursier/v1/https/repo1.maven.org/maven2/io/get-coursier/coursier-jvm_2.13/2.1.24/coursier-jvm_2.13-2.1.24.jar:/Users/admin/Library/Caches/Coursier/v1/https/repo1.maven.org/maven2/io/get-coursier/dependency_3/0.3.2/dependency_3-0.3.2.jar:/Users/admin/Library/Caches/Coursier/v1/https/repo1.maven.org/maven2/org/eclipse/jgit/org.eclipse.jgit/6.8.0.202311291450-r/org.eclipse.jgit-6.8.0.202311291450-r.jar:/Users/admin/Library/Caches/Coursier/v1/https/repo1.maven.org/maven2/org/scala-js/scalajs-env-jsdom-nodejs_2.13/1.1.0/scalajs-env-jsdom-nodejs_2.13-1.1.0.jar:/Users/admin/Library/Caches/Coursier/v1/https/repo1.maven.org/maven2/org/eclipse/lsp4j/org.eclipse.lsp4j.generator/0.20.1/org.eclipse.lsp4j.generator-0.20.1.jar:/Users/admin/Library/Caches/Coursier/v1/https/repo1.maven.org/maven2/org/eclipse/lsp4j/org.eclipse.lsp4j.jsonrpc/0.20.1/org.eclipse.lsp4j.jsonrpc-0.20.1.jar:/Users/admin/Library/Caches/Coursier/v1/https/repo1.maven.org/maven2/commons-logging/commons-logging/1.2/commons-logging-1.2.jar:/Users/admin/Library/Caches/Coursier/v1/https/repo1.maven.org/maven2/io/grpc/grpc-context/1.27.2/grpc-context-1.27.2.jar:/Users/admin/Library/Caches/Coursier/v1/https/repo1.maven.org/maven2/com/google/code/gson/gson/2.10.1/gson-2.10.1.jar:/Users/admin/Library/Caches/Coursier/v1/https/repo1.maven.org/maven2/org/scala-sbt/util-interface/1.9.8/util-interface-1.9.8.jar:/Users/admin/Library/Caches/Coursier/v1/https/repo1.maven.org/maven2/org/scalameta/trees_2.13/4.9.9/trees_2.13-4.9.9.jar:/Users/admin/Library/Caches/Coursier/v1/https/repo1.maven.org/maven2/org/scala-lang/scala-compiler/2.13.11/scala-compiler-2.13.11.jar:/Users/admin/Library/Caches/Coursier/v1/https/repo1.maven.org/maven2/ch/epfl/scala/libdaemon_2.13/0.0.12/libdaemon_2.13-0.0.12.jar:/Users/admin/Library/Caches/Coursier/v1/https/repo1.maven.org/maven2/io/github/alexarchambault/scala-cli/snailgun/snailgun-core_2.13/0.4.1-sc2/snailgun-core_2.13-0.4.1-sc2.jar:/Users/admin/Library/Caches/Coursier/v1/https/repo1.maven.org/maven2/io/get-coursier/coursier_2.13/2.1.24/coursier_2.13-2.1.24.jar:/Users/admin/Library/Caches/Coursier/v1/https/repo1.maven.org/maven2/io/get-coursier/coursier-env_2.13/2.1.24/coursier-env_2.13-2.1.24.jar:/Users/admin/Library/Caches/Coursier/v1/https/repo1.maven.org/maven2/com/googlecode/javaewah/JavaEWAH/1.2.3/JavaEWAH-1.2.3.jar:/Users/admin/Library/Caches/Coursier/v1/https/repo1.maven.org/maven2/org/eclipse/xtend/org.eclipse.xtend.lib/2.28.0/org.eclipse.xtend.lib-2.28.0.jar:/Users/admin/Library/Caches/Coursier/v1/https/repo1.maven.org/maven2/org/scalameta/common_2.13/4.9.9/common_2.13-4.9.9.jar:/Users/admin/Library/Caches/Coursier/v1/https/repo1.maven.org/maven2/io/github/java-diff-utils/java-diff-utils/4.12/java-diff-utils-4.12.jar:/Users/admin/Library/Caches/Coursier/v1/https/repo1.maven.org/maven2/io/get-coursier/dependency_2.13/0.3.2/dependency_2.13-0.3.2.jar:/Users/admin/Library/Caches/Coursier/v1/https/repo1.maven.org/maven2/org/eclipse/xtext/org.eclipse.xtext.xbase.lib/2.28.0/org.eclipse.xtext.xbase.lib-2.28.0.jar:/Users/admin/Library/Caches/Coursier/v1/https/repo1.maven.org/maven2/org/eclipse/xtend/org.eclipse.xtend.lib.macro/2.28.0/org.eclipse.xtend.lib.macro-2.28.0.jar, scala.cli.ScalaCli, bsp, /Users/admin/datastructure)
2025.02.17 19:20:38 INFO  tracing is disabled for protocol BSP, to enable tracing of incoming and outgoing JSON messages create an empty file at /Users/admin/datastructure/.metals/bsp.trace.json or /Users/admin/Library/Caches/org.scalameta.metals/bsp.trace.json
2025.02.17 19:20:41 INFO  Connected to Scala CLI server v1.6.1
2025.02.17 19:20:42 INFO  time: indexed workspace in 1.84s
2025.02.17 19:20:43 INFO  Scala CLI started for /Users/admin/datastructure
2025.02.17 19:20:43 WARN  no build tool detected in workspace '/Users/admin/datastructure'. The most common cause for this problem is that the editor was opened in the wrong working directory, for example if you use sbt then the workspace directory should contain build.sbt. 
2025.02.17 19:20:43 WARN  Build server is not auto-connectable.
2025.02.17 19:21:43 INFO  Shut down connection with build server.
java.util.concurrent.RejectedExecutionException: Task Future(<not completed>) rejected from java.util.concurrent.ThreadPoolExecutor@6574b225[Shutting down, pool size = 1, active threads = 1, queued tasks = 0, completed tasks = 490]
	at java.base/java.util.concurrent.ThreadPoolExecutor$AbortPolicy.rejectedExecution(ThreadPoolExecutor.java:2081)
	at java.base/java.util.concurrent.ThreadPoolExecutor.reject(ThreadPoolExecutor.java:841)
	at java.base/java.util.concurrent.ThreadPoolExecutor.execute(ThreadPoolExecutor.java:1376)
	at scala.concurrent.impl.ExecutionContextImpl.execute(ExecutionContextImpl.scala:21)
	at scala.concurrent.impl.Promise$Transformation.submitWithValue(Promise.scala:429)
	at scala.concurrent.impl.Promise$DefaultPromise.submitWithValue(Promise.scala:338)
	at scala.concurrent.impl.Promise$DefaultPromise.tryComplete0(Promise.scala:285)
	at scala.concurrent.impl.Promise$Transformation.handleFailure(Promise.scala:444)
	at scala.concurrent.impl.Promise$Transformation.submitWithValue(Promise.scala:435)
	at scala.concurrent.impl.Promise$DefaultPromise.submitWithValue(Promise.scala:338)
	at scala.concurrent.impl.Promise$DefaultPromise.tryComplete0(Promise.scala:285)
	at scala.concurrent.impl.Promise$Transformation.handleFailure(Promise.scala:444)
	at scala.concurrent.impl.Promise$Transformation.run(Promise.scala:506)
	at java.base/java.util.concurrent.ThreadPoolExecutor.runWorker(ThreadPoolExecutor.java:1144)
	at java.base/java.util.concurrent.ThreadPoolExecutor$Worker.run(ThreadPoolExecutor.java:642)
	at java.base/java.lang.Thread.run(Thread.java:1589)
2025.02.17 19:21:48 INFO  Started: Metals version 1.5.1 in folders '/Users/admin/datastructure' for client Visual Studio Code 1.85.1.
2025.02.17 20:36:08 INFO  Started: Metals version 1.5.1 in folders '/Users/admin/datastructure' for client Visual Studio Code 1.85.1.
2025.02.17 20:36:11 INFO  Started: Metals version 1.5.1 in folders '/Users/admin/datastructure' for client Visual Studio Code 1.85.1.
2025.02.17 20:36:13 WARN  scala-cli >= 0.1.3 not found in PATH, fetching and starting a JVM-based Scala CLI
2025.02.17 20:36:27 INFO  Started: Metals version 1.5.1 in folders '/Users/admin/datastructure' for client Visual Studio Code 1.85.1.
2025.02.17 20:36:29 WARN  scala-cli >= 0.1.3 not found in PATH, fetching and starting a JVM-based Scala CLI
2025.02.17 20:36:29 INFO  Running List(/Library/Java/JavaVirtualMachines/jdk-19.jdk/Contents/Home/bin/java, -cp, /Users/admin/Library/Caches/Coursier/v1/https/repo1.maven.org/maven2/org/virtuslab/scala-cli/cli_3/1.6.1/cli_3-1.6.1.jar:/Users/admin/Library/Caches/Coursier/v1/https/repo1.maven.org/maven2/com/github/alexarchambault/case-app_3/2.1.0-M29/case-app_3-2.1.0-M29.jar:/Users/admin/Library/Caches/Coursier/v1/https/repo1.maven.org/maven2/io/get-coursier/coursier-launcher_2.13/2.1.24/coursier-launcher_2.13-2.1.24.jar:/Users/admin/Library/Caches/Coursier/v1/https/repo1.maven.org/maven2/io/get-coursier/coursier-proxy-setup/2.1.24/coursier-proxy-setup-2.1.24.jar:/Users/admin/Library/Caches/Coursier/v1/https/repo1.maven.org/maven2/io/get-coursier/publish/publish_2.13/0.2.0/publish_2.13-0.2.0.jar:/Users/admin/Library/Caches/Coursier/v1/https/repo1.maven.org/maven2/com/google/jimfs/jimfs/1.3.0/jimfs-1.3.0.jar:/Users/admin/Library/Caches/Coursier/v1/https/repo1.maven.org/maven2/io/get-coursier/jniutils/windows-jni-utils/0.3.3/windows-jni-utils-0.3.3.jar:/Users/admin/Library/Caches/Coursier/v1/https/repo1.maven.org/maven2/com/github/plokhotnyuk/jsoniter-scala/jsoniter-scala-core_3/2.13.5.2/jsoniter-scala-core_3-2.13.5.2.jar:/Users/admin/Library/Caches/Coursier/v1/https/repo1.maven.org/maven2/org/virtuslab/scala-cli/libsodiumjni/0.0.4/libsodiumjni-0.0.4.jar:/Users/admin/Library/Caches/Coursier/v1/https/repo1.maven.org/maven2/org/scalameta/metaconfig-typesafe-config_3/0.14.0/metaconfig-typesafe-config_3-0.14.0.jar:/Users/admin/Library/Caches/Coursier/v1/https/repo1.maven.org/maven2/ai/kien/python-native-libs_3/0.2.4/python-native-libs_3-0.2.4.jar:/Users/admin/Library/Caches/Coursier/v1/https/repo1.maven.org/maven2/org/virtuslab/scala-packager_2.13/0.1.31/scala-packager_2.13-0.1.31.jar:/Users/admin/Library/Caches/Coursier/v1/https/repo1.maven.org/maven2/org/virtuslab/scala-cli-signing/cli_3/0.2.4/cli_3-0.2.4.jar:/Users/admin/Library/Caches/Coursier/v1/https/repo1.maven.org/maven2/org/slf4j/slf4j-nop/2.0.16/slf4j-nop-2.0.16.jar:/Users/admin/Library/Caches/Coursier/v1/https/repo1.maven.org/maven2/com/softwaremill/sttp/client3/core_2.13/3.10.2/core_2.13-3.10.2.jar:/Users/admin/Library/Caches/Coursier/v1/https/repo1.maven.org/maven2/ch/epfl/scala/scalafix-interfaces/0.14.0/scalafix-interfaces-0.14.0.jar:/Users/admin/Library/Caches/Coursier/v1/https/repo1.maven.org/maven2/org/scala-lang/scala3-library_3/3.3.4/scala3-library_3-3.3.4.jar:/Users/admin/Library/Caches/Coursier/v1/https/repo1.maven.org/maven2/org/virtuslab/scala-cli/build-module_3/1.6.1/build-module_3-1.6.1.jar:/Users/admin/Library/Caches/Coursier/v1/https/repo1.maven.org/maven2/org/virtuslab/scala-cli/config_3/1.6.1/config_3-1.6.1.jar:/Users/admin/Library/Caches/Coursier/v1/https/repo1.maven.org/maven2/org/virtuslab/scala-cli/scala3-graal_3/1.6.1/scala3-graal_3-1.6.1.jar:/Users/admin/Library/Caches/Coursier/v1/https/repo1.maven.org/maven2/org/virtuslab/scala-cli/specification-level_3/1.6.1/specification-level_3-1.6.1.jar:/Users/admin/Library/Caches/Coursier/v1/https/repo1.maven.org/maven2/com/lihaoyi/sourcecode_3/0.4.2/sourcecode_3-0.4.2.jar:/Users/admin/Library/Caches/Coursier/v1/https/repo1.maven.org/maven2/com/github/alexarchambault/case-app-annotations_3/2.1.0-M29/case-app-annotations_3-2.1.0-M29.jar:/Users/admin/Library/Caches/Coursier/v1/https/repo1.maven.org/maven2/com/github/alexarchambault/case-app-util_3/2.1.0-M29/case-app-util_3-2.1.0-M29.jar:/Users/admin/Library/Caches/Coursier/v1/https/repo1.maven.org/maven2/io/github/alexarchambault/scala-cli/tmp/zip-input-stream/0.1.1/zip-input-stream-0.1.1.jar:/Users/admin/Library/Caches/Coursier/v1/https/repo1.maven.org/maven2/org/scala-lang/scala-library/2.13.16/scala-library-2.13.16.jar:/Users/admin/Library/Caches/Coursier/v1/https/repo1.maven.org/maven2/io/get-coursier/coursier-cache_2.13/2.1.24/coursier-cache_2.13-2.1.24.jar:/Users/admin/Library/Caches/Coursier/v1/https/repo1.maven.org/maven2/io/get-coursier/coursier-core_2.13/2.1.24/coursier-core_2.13-2.1.24.jar:/Users/admin/Library/Caches/Coursier/v1/https/repo1.maven.org/maven2/com/google/guava/guava/33.4.0-jre/guava-33.4.0-jre.jar:/Users/admin/Library/Caches/Coursier/v1/https/repo1.maven.org/maven2/net/java/dev/jna/jna/5.13.0/jna-5.13.0.jar:/Users/admin/Library/Caches/Coursier/v1/https/repo1.maven.org/maven2/net/java/dev/jna/jna-platform/5.12.1/jna-platform-5.12.1.jar:/Users/admin/Library/Caches/Coursier/v1/https/repo1.maven.org/maven2/org/scalameta/metaconfig-core_3/0.14.0/metaconfig-core_3-0.14.0.jar:/Users/admin/Library/Caches/Coursier/v1/https/repo1.maven.org/maven2/com/typesafe/config/1.4.3/config-1.4.3.jar:/Users/admin/Library/Caches/Coursier/v1/https/repo1.maven.org/maven2/org/scala-lang/modules/scala-collection-compat_3/2.12.0/scala-collection-compat_3-2.12.0.jar:/Users/admin/Library/Caches/Coursier/v1/https/repo1.maven.org/maven2/commons-io/commons-io/2.18.0/commons-io-2.18.0.jar:/Users/admin/Library/Caches/Coursier/v1/https/repo1.maven.org/maven2/com/google/cloud/tools/jib-core/0.27.2/jib-core-0.27.2.jar:/Users/admin/Library/Caches/Coursier/v1/https/repo1.maven.org/maven2/org/bouncycastle/bcpg-jdk18on/1.78.1/bcpg-jdk18on-1.78.1.jar:/Users/admin/Library/Caches/Coursier/v1/https/repo1.maven.org/maven2/org/virtuslab/scala-cli-signing/shared_3/0.2.4/shared_3-0.2.4.jar:/Users/admin/Library/Caches/Coursier/v1/https/repo1.maven.org/maven2/org/slf4j/slf4j-api/2.0.16/slf4j-api-2.0.16.jar:/Users/admin/Library/Caches/Coursier/v1/https/repo1.maven.org/maven2/com/softwaremill/sttp/model/core_2.13/1.7.11/core_2.13-1.7.11.jar:/Users/admin/Library/Caches/Coursier/v1/https/repo1.maven.org/maven2/com/softwaremill/sttp/shared/core_2.13/1.3.22/core_2.13-1.3.22.jar:/Users/admin/Library/Caches/Coursier/v1/https/repo1.maven.org/maven2/com/softwaremill/sttp/shared/ws_2.13/1.3.22/ws_2.13-1.3.22.jar:/Users/admin/Library/Caches/Coursier/v1/https/repo1.maven.org/maven2/io/get-coursier/interface/1.0.26/interface-1.0.26.jar:/Users/admin/Library/Caches/Coursier/v1/https/repo1.maven.org/maven2/org/ow2/asm/asm/9.7.1/asm-9.7.1.jar:/Users/admin/Library/Caches/Coursier/v1/https/repo1.maven.org/maven2/org/virtuslab/scala-cli/java-class-name/java-class-name_3/0.1.4/java-class-name_3-0.1.4.jar:/Users/admin/Library/Caches/Coursier/v1/https/repo1.maven.org/maven2/org/scalameta/semanticdb-shared_2.13.16/4.9.9/semanticdb-shared_2.13.16-4.9.9.jar:/Users/admin/Library/Caches/Coursier/v1/https/repo1.maven.org/maven2/org/scala-native/test-runner_3/0.5.6/test-runner_3-0.5.6.jar:/Users/admin/Library/Caches/Coursier/v1/https/repo1.maven.org/maven2/com/lihaoyi/os-lib_3/0.11.3/os-lib_3-0.11.3.jar:/Users/admin/Library/Caches/Coursier/v1/https/repo1.maven.org/maven2/com/lihaoyi/pprint_3/0.9.0/pprint_3-0.9.0.jar:/Users/admin/Library/Caches/Coursier/v1/https/repo1.maven.org/maven2/org/scala-js/scalajs-env-nodejs_2.13/1.4.0/scalajs-env-nodejs_2.13-1.4.0.jar:/Users/admin/Library/Caches/Coursier/v1/https/repo1.maven.org/maven2/org/scala-js/scalajs-sbt-test-adapter_2.13/1.18.1/scalajs-sbt-test-adapter_2.13-1.18.1.jar:/Users/admin/Library/Caches/Coursier/v1/https/repo1.maven.org/maven2/com/swoval/file-tree-views/2.1.12/file-tree-views-2.1.12.jar:/Users/admin/Library/Caches/Coursier/v1/https/repo1.maven.org/maven2/org/virtuslab/scala-cli/zip-input-stream/zip-input-stream/0.1.2/zip-input-stream-0.1.2.jar:/Users/admin/Library/Caches/Coursier/v1/https/repo1.maven.org/maven2/org/virtuslab/scala-cli/options_3/1.6.1/options_3-1.6.1.jar:/Users/admin/Library/Caches/Coursier/v1/https/repo1.maven.org/maven2/org/virtuslab/scala-cli/directives_3/1.6.1/directives_3-1.6.1.jar:/Users/admin/Library/Caches/Coursier/v1/https/repo1.maven.org/maven2/org/virtuslab/scala-cli/scala-cli-bsp/1.6.1/scala-cli-bsp-1.6.1.jar:/Users/admin/Library/Caches/Coursier/v1/https/repo1.maven.org/maven2/org/virtuslab/scala-cli/test-runner_3/1.6.1/test-runner_3-1.6.1.jar:/Users/admin/Library/Caches/Coursier/v1/https/repo1.maven.org/maven2/org/virtuslab/scala-cli/tasty-lib_3/1.6.1/tasty-lib_3-1.6.1.jar:/Users/admin/Library/Caches/Coursier/v1/https/repo1.maven.org/maven2/io/github/alexarchambault/is-terminal/0.1.1/is-terminal-0.1.1.jar:/Users/admin/Library/Caches/Coursier/v1/https/repo1.maven.org/maven2/org/codehaus/plexus/plexus-archiver/4.10.0/plexus-archiver-4.10.0.jar:/Users/admin/Library/Caches/Coursier/v1/https/repo1.maven.org/maven2/org/codehaus/plexus/plexus-container-default/2.1.1/plexus-container-default-2.1.1.jar:/Users/admin/Library/Caches/Coursier/v1/https/repo1.maven.org/maven2/io/github/alexarchambault/windows-ansi/windows-ansi/0.0.6/windows-ansi-0.0.6.jar:/Users/admin/Library/Caches/Coursier/v1/https/repo1.maven.org/maven2/io/get-coursier/cache-util/2.1.24/cache-util-2.1.24.jar:/Users/admin/Library/Caches/Coursier/v1/https/repo1.maven.org/maven2/io/get-coursier/coursier-util_2.13/2.1.24/coursier-util_2.13-2.1.24.jar:/Users/admin/Library/Caches/Coursier/v1/https/repo1.maven.org/maven2/io/github/alexarchambault/concurrent-reference-hash-map/1.1.0/concurrent-reference-hash-map-1.1.0.jar:/Users/admin/Library/Caches/Coursier/v1/https/repo1.maven.org/maven2/org/scala-lang/modules/scala-xml_2.13/2.3.0/scala-xml_2.13-2.3.0.jar:/Users/admin/Library/Caches/Coursier/v1/https/repo1.maven.org/maven2/com/google/guava/failureaccess/1.0.2/failureaccess-1.0.2.jar:/Users/admin/Library/Caches/Coursier/v1/https/repo1.maven.org/maven2/com/google/guava/listenablefuture/9999.0-empty-to-avoid-conflict-with-guava/listenablefuture-9999.0-empty-to-avoid-conflict-with-guava.jar:/Users/admin/Library/Caches/Coursier/v1/https/repo1.maven.org/maven2/com/google/code/findbugs/jsr305/3.0.2/jsr305-3.0.2.jar:/Users/admin/Library/Caches/Coursier/v1/https/repo1.maven.org/maven2/org/checkerframework/checker-qual/3.43.0/checker-qual-3.43.0.jar:/Users/admin/Library/Caches/Coursier/v1/https/repo1.maven.org/maven2/com/google/errorprone/error_prone_annotations/2.36.0/error_prone_annotations-2.36.0.jar:/Users/admin/Library/Caches/Coursier/v1/https/repo1.maven.org/maven2/com/google/j2objc/j2objc-annotations/3.0.0/j2objc-annotations-3.0.0.jar:/Users/admin/Library/Caches/Coursier/v1/https/repo1.maven.org/maven2/org/scalameta/metaconfig-pprint_3/0.14.0/metaconfig-pprint_3-0.14.0.jar:/Users/admin/Library/Caches/Coursier/v1/https/repo1.maven.org/maven2/org/typelevel/paiges-core_3/0.4.4/paiges-core_3-0.4.4.jar:/Users/admin/Library/Caches/Coursier/v1/https/repo1.maven.org/maven2/org/scala-lang/scala-reflect/2.13.15/scala-reflect-2.13.15.jar:/Users/admin/Library/Caches/Coursier/v1/https/repo1.maven.org/maven2/com/google/cloud/tools/jib-build-plan/0.4.0/jib-build-plan-0.4.0.jar:/Users/admin/Library/Caches/Coursier/v1/https/repo1.maven.org/maven2/com/google/http-client/google-http-client/1.42.2/google-http-client-1.42.2.jar:/Users/admin/Library/Caches/Coursier/v1/https/repo1.maven.org/maven2/com/google/http-client/google-http-client-apache-v2/1.42.2/google-http-client-apache-v2-1.42.2.jar:/Users/admin/Library/Caches/Coursier/v1/https/repo1.maven.org/maven2/com/google/auth/google-auth-library-oauth2-http/1.10.0/google-auth-library-oauth2-http-1.10.0.jar:/Users/admin/Library/Caches/Coursier/v1/https/repo1.maven.org/maven2/org/apache/commons/commons-compress/1.26.2/commons-compress-1.26.2.jar:/Users/admin/Library/Caches/Coursier/v1/https/repo1.maven.org/maven2/com/fasterxml/jackson/core/jackson-databind/2.15.2/jackson-databind-2.15.2.jar:/Users/admin/Library/Caches/Coursier/v1/https/repo1.maven.org/maven2/com/fasterxml/jackson/datatype/jackson-datatype-jsr310/2.15.2/jackson-datatype-jsr310-2.15.2.jar:/Users/admin/Library/Caches/Coursier/v1/https/repo1.maven.org/maven2/org/bouncycastle/bcprov-jdk18on/1.78.1/bcprov-jdk18on-1.78.1.jar:/Users/admin/Library/Caches/Coursier/v1/https/repo1.maven.org/maven2/org/bouncycastle/bcutil-jdk18on/1.78.1/bcutil-jdk18on-1.78.1.jar:/Users/admin/Library/Caches/Coursier/v1/https/repo1.maven.org/maven2/org/scala-lang/scala3-compiler_3/3.3.4/scala3-compiler_3-3.3.4.jar:/Users/admin/Library/Caches/Coursier/v1/https/repo1.maven.org/maven2/org/scalameta/scalameta_2.13/4.9.9/scalameta_2.13-4.9.9.jar:/Users/admin/Library/Caches/Coursier/v1/https/repo1.maven.org/maven2/com/thesamet/scalapb/scalapb-runtime_2.13/0.11.17/scalapb-runtime_2.13-0.11.17.jar:/Users/admin/Library/Caches/Coursier/v1/https/repo1.maven.org/maven2/org/scala-native/tools_3/0.5.6/tools_3-0.5.6.jar:/Users/admin/Library/Caches/Coursier/v1/https/repo1.maven.org/maven2/org/scala-sbt/test-interface/1.0/test-interface-1.0.jar:/Users/admin/Library/Caches/Coursier/v1/https/repo1.maven.org/maven2/com/github/sbt/junit-interface/0.13.3/junit-interface-0.13.3.jar:/Users/admin/Library/Caches/Coursier/v1/https/repo1.maven.org/maven2/junit/junit/4.13.2/junit-4.13.2.jar:/Users/admin/Library/Caches/Coursier/v1/https/repo1.maven.org/maven2/com/lihaoyi/geny_3/1.1.1/geny_3-1.1.1.jar:/Users/admin/Library/Caches/Coursier/v1/https/repo1.maven.org/maven2/com/lihaoyi/fansi_3/0.5.0/fansi_3-0.5.0.jar:/Users/admin/Library/Caches/Coursier/v1/https/repo1.maven.org/maven2/org/scala-js/scalajs-js-envs_2.13/1.4.0/scalajs-js-envs_2.13-1.4.0.jar:/Users/admin/Library/Caches/Coursier/v1/https/repo1.maven.org/maven2/ch/epfl/scala/bloop-config_2.13/2.3.1/bloop-config_2.13-2.3.1.jar:/Users/admin/Library/Caches/Coursier/v1/https/repo1.maven.org/maven2/org/virtuslab/scala-cli/core_3/1.6.1/core_3-1.6.1.jar:/Users/admin/Library/Caches/Coursier/v1/https/repo1.maven.org/maven2/org/virtuslab/using_directives/1.1.4/using_directives-1.1.4.jar:/Users/admin/Library/Caches/Coursier/v1/https/repo1.maven.org/maven2/org/virtuslab/scala-cli/build-macros_3/1.6.1/build-macros_3-1.6.1.jar:/Users/admin/Library/Caches/Coursier/v1/https/repo1.maven.org/maven2/ch/epfl/scala/bsp4j/2.1.1/bsp4j-2.1.1.jar:/Users/admin/Library/Caches/Coursier/v1/https/repo1.maven.org/maven2/javax/inject/javax.inject/1/javax.inject-1.jar:/Users/admin/Library/Caches/Coursier/v1/https/repo1.maven.org/maven2/org/codehaus/plexus/plexus-utils/4.0.1/plexus-utils-4.0.1.jar:/Users/admin/Library/Caches/Coursier/v1/https/repo1.maven.org/maven2/org/codehaus/plexus/plexus-io/3.5.0/plexus-io-3.5.0.jar:/Users/admin/Library/Caches/Coursier/v1/https/repo1.maven.org/maven2/io/airlift/aircompressor/0.27/aircompressor-0.27.jar:/Users/admin/Library/Caches/Coursier/v1/https/repo1.maven.org/maven2/org/tukaani/xz/1.9/xz-1.9.jar:/Users/admin/Library/Caches/Coursier/v1/https/repo1.maven.org/maven2/com/github/luben/zstd-jni/1.5.6-3/zstd-jni-1.5.6-3.jar:/Users/admin/Library/Caches/Coursier/v1/https/repo1.maven.org/maven2/org/codehaus/plexus/plexus-classworlds/2.6.0/plexus-classworlds-2.6.0.jar:/Users/admin/Library/Caches/Coursier/v1/https/repo1.maven.org/maven2/org/apache/xbean/xbean-reflect/3.7/xbean-reflect-3.7.jar:/Users/admin/Library/Caches/Coursier/v1/https/repo1.maven.org/maven2/org/fusesource/jansi/jansi/2.4.1/jansi-2.4.1.jar:/Users/admin/Library/Caches/Coursier/v1/https/repo1.maven.org/maven2/org/apache/httpcomponents/httpclient/4.5.13/httpclient-4.5.13.jar:/Users/admin/Library/Caches/Coursier/v1/https/repo1.maven.org/maven2/org/apache/httpcomponents/httpcore/4.4.15/httpcore-4.4.15.jar:/Users/admin/Library/Caches/Coursier/v1/https/repo1.maven.org/maven2/io/opencensus/opencensus-api/0.31.1/opencensus-api-0.31.1.jar:/Users/admin/Library/Caches/Coursier/v1/https/repo1.maven.org/maven2/io/opencensus/opencensus-contrib-http-util/0.31.1/opencensus-contrib-http-util-0.31.1.jar:/Users/admin/Library/Caches/Coursier/v1/https/repo1.maven.org/maven2/com/google/auto/value/auto-value-annotations/1.9/auto-value-annotations-1.9.jar:/Users/admin/Library/Caches/Coursier/v1/https/repo1.maven.org/maven2/com/google/auth/google-auth-library-credentials/1.10.0/google-auth-library-credentials-1.10.0.jar:/Users/admin/Library/Caches/Coursier/v1/https/repo1.maven.org/maven2/com/google/http-client/google-http-client-gson/1.42.2/google-http-client-gson-1.42.2.jar:/Users/admin/Library/Caches/Coursier/v1/https/repo1.maven.org/maven2/commons-codec/commons-codec/1.17.0/commons-codec-1.17.0.jar:/Users/admin/Library/Caches/Coursier/v1/https/repo1.maven.org/maven2/org/apache/commons/commons-lang3/3.14.0/commons-lang3-3.14.0.jar:/Users/admin/Library/Caches/Coursier/v1/https/repo1.maven.org/maven2/com/fasterxml/jackson/core/jackson-annotations/2.15.2/jackson-annotations-2.15.2.jar:/Users/admin/Library/Caches/Coursier/v1/https/repo1.maven.org/maven2/com/fasterxml/jackson/core/jackson-core/2.15.2/jackson-core-2.15.2.jar:/Users/admin/Library/Caches/Coursier/v1/https/repo1.maven.org/maven2/org/scala-lang/scala3-interfaces/3.3.4/scala3-interfaces-3.3.4.jar:/Users/admin/Library/Caches/Coursier/v1/https/repo1.maven.org/maven2/org/scala-lang/tasty-core_3/3.3.4/tasty-core_3-3.3.4.jar:/Users/admin/Library/Caches/Coursier/v1/https/repo1.maven.org/maven2/org/scala-lang/modules/scala-asm/9.6.0-scala-1/scala-asm-9.6.0-scala-1.jar:/Users/admin/Library/Caches/Coursier/v1/https/repo1.maven.org/maven2/org/scala-sbt/compiler-interface/1.9.6/compiler-interface-1.9.6.jar:/Users/admin/Library/Caches/Coursier/v1/https/repo1.maven.org/maven2/org/scalameta/parsers_2.13/4.9.9/parsers_2.13-4.9.9.jar:/Users/admin/Library/Caches/Coursier/v1/https/repo1.maven.org/maven2/org/scala-lang/scalap/2.13.11/scalap-2.13.11.jar:/Users/admin/Library/Caches/Coursier/v1/https/repo1.maven.org/maven2/com/thesamet/scalapb/lenses_2.13/0.11.17/lenses_2.13-0.11.17.jar:/Users/admin/Library/Caches/Coursier/v1/https/repo1.maven.org/maven2/com/google/protobuf/protobuf-java/3.19.6/protobuf-java-3.19.6.jar:/Users/admin/Library/Caches/Coursier/v1/https/repo1.maven.org/maven2/org/scala-native/nir_3/0.5.6/nir_3-0.5.6.jar:/Users/admin/Library/Caches/Coursier/v1/https/repo1.maven.org/maven2/org/scala-native/util_3/0.5.6/util_3-0.5.6.jar:/Users/admin/Library/Caches/Coursier/v1/https/repo1.maven.org/maven2/org/hamcrest/hamcrest-core/1.3/hamcrest-core-1.3.jar:/Users/admin/Library/Caches/Coursier/v1/https/repo1.maven.org/maven2/org/scala-js/scalajs-logging_2.13/1.1.1/scalajs-logging_2.13-1.1.1.jar:/Users/admin/Library/Caches/Coursier/v1/https/repo1.maven.org/maven2/com/lihaoyi/unroll-annotation_2.13/0.1.12/unroll-annotation_2.13-0.1.12.jar:/Users/admin/Library/Caches/Coursier/v1/https/repo1.maven.org/maven2/ch/epfl/scala/bloop-rifle_2.13/2.0.8/bloop-rifle_2.13-2.0.8.jar:/Users/admin/Library/Caches/Coursier/v1/https/repo1.maven.org/maven2/io/get-coursier/coursier-jvm_2.13/2.1.24/coursier-jvm_2.13-2.1.24.jar:/Users/admin/Library/Caches/Coursier/v1/https/repo1.maven.org/maven2/io/get-coursier/dependency_3/0.3.2/dependency_3-0.3.2.jar:/Users/admin/Library/Caches/Coursier/v1/https/repo1.maven.org/maven2/org/eclipse/jgit/org.eclipse.jgit/6.8.0.202311291450-r/org.eclipse.jgit-6.8.0.202311291450-r.jar:/Users/admin/Library/Caches/Coursier/v1/https/repo1.maven.org/maven2/org/scala-js/scalajs-env-jsdom-nodejs_2.13/1.1.0/scalajs-env-jsdom-nodejs_2.13-1.1.0.jar:/Users/admin/Library/Caches/Coursier/v1/https/repo1.maven.org/maven2/org/eclipse/lsp4j/org.eclipse.lsp4j.generator/0.20.1/org.eclipse.lsp4j.generator-0.20.1.jar:/Users/admin/Library/Caches/Coursier/v1/https/repo1.maven.org/maven2/org/eclipse/lsp4j/org.eclipse.lsp4j.jsonrpc/0.20.1/org.eclipse.lsp4j.jsonrpc-0.20.1.jar:/Users/admin/Library/Caches/Coursier/v1/https/repo1.maven.org/maven2/commons-logging/commons-logging/1.2/commons-logging-1.2.jar:/Users/admin/Library/Caches/Coursier/v1/https/repo1.maven.org/maven2/io/grpc/grpc-context/1.27.2/grpc-context-1.27.2.jar:/Users/admin/Library/Caches/Coursier/v1/https/repo1.maven.org/maven2/com/google/code/gson/gson/2.10.1/gson-2.10.1.jar:/Users/admin/Library/Caches/Coursier/v1/https/repo1.maven.org/maven2/org/scala-sbt/util-interface/1.9.8/util-interface-1.9.8.jar:/Users/admin/Library/Caches/Coursier/v1/https/repo1.maven.org/maven2/org/scalameta/trees_2.13/4.9.9/trees_2.13-4.9.9.jar:/Users/admin/Library/Caches/Coursier/v1/https/repo1.maven.org/maven2/org/scala-lang/scala-compiler/2.13.11/scala-compiler-2.13.11.jar:/Users/admin/Library/Caches/Coursier/v1/https/repo1.maven.org/maven2/ch/epfl/scala/libdaemon_2.13/0.0.12/libdaemon_2.13-0.0.12.jar:/Users/admin/Library/Caches/Coursier/v1/https/repo1.maven.org/maven2/io/github/alexarchambault/scala-cli/snailgun/snailgun-core_2.13/0.4.1-sc2/snailgun-core_2.13-0.4.1-sc2.jar:/Users/admin/Library/Caches/Coursier/v1/https/repo1.maven.org/maven2/io/get-coursier/coursier_2.13/2.1.24/coursier_2.13-2.1.24.jar:/Users/admin/Library/Caches/Coursier/v1/https/repo1.maven.org/maven2/io/get-coursier/coursier-env_2.13/2.1.24/coursier-env_2.13-2.1.24.jar:/Users/admin/Library/Caches/Coursier/v1/https/repo1.maven.org/maven2/com/googlecode/javaewah/JavaEWAH/1.2.3/JavaEWAH-1.2.3.jar:/Users/admin/Library/Caches/Coursier/v1/https/repo1.maven.org/maven2/org/eclipse/xtend/org.eclipse.xtend.lib/2.28.0/org.eclipse.xtend.lib-2.28.0.jar:/Users/admin/Library/Caches/Coursier/v1/https/repo1.maven.org/maven2/org/scalameta/common_2.13/4.9.9/common_2.13-4.9.9.jar:/Users/admin/Library/Caches/Coursier/v1/https/repo1.maven.org/maven2/io/github/java-diff-utils/java-diff-utils/4.12/java-diff-utils-4.12.jar:/Users/admin/Library/Caches/Coursier/v1/https/repo1.maven.org/maven2/io/get-coursier/dependency_2.13/0.3.2/dependency_2.13-0.3.2.jar:/Users/admin/Library/Caches/Coursier/v1/https/repo1.maven.org/maven2/org/eclipse/xtext/org.eclipse.xtext.xbase.lib/2.28.0/org.eclipse.xtext.xbase.lib-2.28.0.jar:/Users/admin/Library/Caches/Coursier/v1/https/repo1.maven.org/maven2/org/eclipse/xtend/org.eclipse.xtend.lib.macro/2.28.0/org.eclipse.xtend.lib.macro-2.28.0.jar, scala.cli.ScalaCli, bsp, /Users/admin/datastructure)
2025.02.17 20:36:29 INFO  tracing is disabled for protocol BSP, to enable tracing of incoming and outgoing JSON messages create an empty file at /Users/admin/datastructure/.metals/bsp.trace.json or /Users/admin/Library/Caches/org.scalameta.metals/bsp.trace.json
2025.02.17 20:36:35 INFO  Connected to Scala CLI server v1.6.1
2025.02.17 20:36:36 INFO  time: indexed workspace in 1.65s
2025.02.17 20:36:37 INFO  Scala CLI started for /Users/admin/datastructure
2025.02.17 20:36:37 WARN  no build tool detected in workspace '/Users/admin/datastructure'. The most common cause for this problem is that the editor was opened in the wrong working directory, for example if you use sbt then the workspace directory should contain build.sbt. 
2025.02.17 20:36:37 WARN  Build server is not auto-connectable.
Feb 17, 2025 8:37:14 P.M. org.eclipse.lsp4j.jsonrpc.services.GenericEndpoint notify
WARNING: Unsupported notification method: metals/windowStateDidChange
Feb 17, 2025 8:38:05 P.M. org.eclipse.lsp4j.jsonrpc.services.GenericEndpoint notify
WARNING: Unsupported notification method: metals/windowStateDidChange
Feb 17, 2025 8:41:10 P.M. org.eclipse.lsp4j.jsonrpc.services.GenericEndpoint notify
WARNING: Unsupported notification method: metals/windowStateDidChange
Feb 17, 2025 8:41:13 P.M. org.eclipse.lsp4j.jsonrpc.services.GenericEndpoint notify
WARNING: Unsupported notification method: metals/windowStateDidChange
Feb 17, 2025 8:41:43 P.M. org.eclipse.lsp4j.jsonrpc.services.GenericEndpoint notify
WARNING: Unsupported notification method: metals/windowStateDidChange
Feb 17, 2025 8:41:45 P.M. org.eclipse.lsp4j.jsonrpc.services.GenericEndpoint notify
WARNING: Unsupported notification method: metals/windowStateDidChange
Feb 17, 2025 8:44:14 P.M. org.eclipse.lsp4j.jsonrpc.services.GenericEndpoint notify
WARNING: Unsupported notification method: metals/windowStateDidChange
Feb 17, 2025 8:44:18 P.M. org.eclipse.lsp4j.jsonrpc.services.GenericEndpoint notify
WARNING: Unsupported notification method: metals/windowStateDidChange
Feb 17, 2025 8:44:32 P.M. org.eclipse.lsp4j.jsonrpc.services.GenericEndpoint notify
WARNING: Unsupported notification method: metals/windowStateDidChange
Feb 17, 2025 8:44:34 P.M. org.eclipse.lsp4j.jsonrpc.services.GenericEndpoint notify
WARNING: Unsupported notification method: metals/windowStateDidChange
Feb 17, 2025 8:44:57 P.M. org.eclipse.lsp4j.jsonrpc.services.GenericEndpoint notify
WARNING: Unsupported notification method: metals/windowStateDidChange
Feb 17, 2025 8:45:00 P.M. org.eclipse.lsp4j.jsonrpc.services.GenericEndpoint notify
WARNING: Unsupported notification method: metals/windowStateDidChange
Feb 17, 2025 8:45:53 P.M. org.eclipse.lsp4j.jsonrpc.services.GenericEndpoint notify
WARNING: Unsupported notification method: metals/windowStateDidChange
Feb 17, 2025 8:46:34 P.M. org.eclipse.lsp4j.jsonrpc.services.GenericEndpoint notify
WARNING: Unsupported notification method: metals/windowStateDidChange
Feb 17, 2025 8:46:45 P.M. org.eclipse.lsp4j.jsonrpc.services.GenericEndpoint notify
WARNING: Unsupported notification method: metals/windowStateDidChange
Feb 17, 2025 8:47:45 P.M. org.eclipse.lsp4j.jsonrpc.services.GenericEndpoint notify
WARNING: Unsupported notification method: metals/windowStateDidChange
Feb 17, 2025 8:51:09 P.M. org.eclipse.lsp4j.jsonrpc.services.GenericEndpoint notify
WARNING: Unsupported notification method: metals/windowStateDidChange
Feb 17, 2025 8:51:09 P.M. org.eclipse.lsp4j.jsonrpc.services.GenericEndpoint notify
WARNING: Unsupported notification method: metals/windowStateDidChange
Feb 17, 2025 8:51:11 P.M. org.eclipse.lsp4j.jsonrpc.services.GenericEndpoint notify
WARNING: Unsupported notification method: metals/windowStateDidChange
Feb 17, 2025 8:52:19 P.M. org.eclipse.lsp4j.jsonrpc.services.GenericEndpoint notify
WARNING: Unsupported notification method: metals/windowStateDidChange
Feb 17, 2025 9:07:34 P.M. org.eclipse.lsp4j.jsonrpc.services.GenericEndpoint notify
WARNING: Unsupported notification method: metals/windowStateDidChange
Feb 17, 2025 9:07:34 P.M. org.eclipse.lsp4j.jsonrpc.services.GenericEndpoint notify
WARNING: Unsupported notification method: metals/windowStateDidChange
Feb 17, 2025 9:07:35 P.M. org.eclipse.lsp4j.jsonrpc.services.GenericEndpoint notify
WARNING: Unsupported notification method: metals/windowStateDidChange
Feb 17, 2025 9:07:54 P.M. org.eclipse.lsp4j.jsonrpc.services.GenericEndpoint notify
WARNING: Unsupported notification method: metals/windowStateDidChange
Feb 17, 2025 9:08:00 P.M. org.eclipse.lsp4j.jsonrpc.services.GenericEndpoint notify
WARNING: Unsupported notification method: metals/windowStateDidChange
Feb 17, 2025 9:08:01 P.M. org.eclipse.lsp4j.jsonrpc.services.GenericEndpoint notify
WARNING: Unsupported notification method: metals/windowStateDidChange
Feb 17, 2025 9:08:03 P.M. org.eclipse.lsp4j.jsonrpc.services.GenericEndpoint notify
WARNING: Unsupported notification method: metals/windowStateDidChange
Feb 17, 2025 9:08:04 P.M. org.eclipse.lsp4j.jsonrpc.services.GenericEndpoint notify
WARNING: Unsupported notification method: metals/windowStateDidChange
Feb 17, 2025 9:08:07 P.M. org.eclipse.lsp4j.jsonrpc.services.GenericEndpoint notify
WARNING: Unsupported notification method: metals/windowStateDidChange
Feb 17, 2025 9:08:09 P.M. org.eclipse.lsp4j.jsonrpc.services.GenericEndpoint notify
WARNING: Unsupported notification method: metals/windowStateDidChange
Feb 17, 2025 9:08:12 P.M. org.eclipse.lsp4j.jsonrpc.services.GenericEndpoint notify
WARNING: Unsupported notification method: metals/windowStateDidChange
Feb 17, 2025 9:08:15 P.M. org.eclipse.lsp4j.jsonrpc.services.GenericEndpoint notify
WARNING: Unsupported notification method: metals/windowStateDidChange
Feb 17, 2025 9:08:21 P.M. org.eclipse.lsp4j.jsonrpc.services.GenericEndpoint notify
WARNING: Unsupported notification method: metals/windowStateDidChange
Feb 17, 2025 9:08:24 P.M. org.eclipse.lsp4j.jsonrpc.services.GenericEndpoint notify
WARNING: Unsupported notification method: metals/windowStateDidChange
Feb 17, 2025 9:09:11 P.M. org.eclipse.lsp4j.jsonrpc.RemoteEndpoint handleCancellation
WARNING: Unmatched cancel notification for request id 51
Feb 17, 2025 9:09:22 P.M. scala.meta.internal.metals.StdReporter $anonfun$create$1
SEVERE: empty definition using pc, found symbol in pc: `<none>`. (full report at: /Users/admin/datastructure/.metals/.reports/metals-full/2025-02-17/r_empty-definition_(datastructure_d5c0a6989e)_18-26-43-986.md)
Feb 17, 2025 9:09:22 P.M. scala.meta.internal.metals.StdReporter $anonfun$create$1
SEVERE: empty definition using pc, found symbol in pc: `<none>`. (full report at: /Users/admin/datastructure/.metals/.reports/metals-full/2025-02-17/r_empty-definition_(datastructure_d5c0a6989e)_18-26-43-986.md)
2025.02.17 21:09:35 INFO  compiling datastructure_d5c0a6989e (1 scala source)
2025.02.17 21:09:35 INFO  time: compiled datastructure_d5c0a6989e in 0.17s
Feb 17, 2025 9:09:53 P.M. scala.meta.internal.pc.CompilerAccess handleError
SEVERE: A severe compiler error occurred, full details of the error can be found in the error report /Users/admin/datastructure/.metals/.reports/metals-full/2025-02-17/r_compiler-error_(datastructure_d5c0a6989e-test)_21-09-53-789.md
Feb 17, 2025 9:09:57 P.M. scala.meta.internal.metals.StdReporter $anonfun$create$1
SEVERE: empty definition using pc, found symbol in pc: `<none>`. (full report at: /Users/admin/datastructure/.metals/.reports/metals-full/2025-02-17/r_empty-definition_(datastructure_d5c0a6989e)_18-26-43-986.md)
Feb 17, 2025 9:10:01 P.M. scala.meta.internal.metals.StdReporter $anonfun$create$1
SEVERE: empty definition using pc, found symbol in pc: `<none>`. (full report at: /Users/admin/datastructure/.metals/.reports/metals-full/2025-02-17/r_empty-definition_(datastructure_d5c0a6989e)_18-26-43-986.md)
2025.02.17 21:10:02 INFO  compiling datastructure_d5c0a6989e (1 scala source)
2025.02.17 21:10:02 INFO  time: compiled datastructure_d5c0a6989e in 85ms
2025.02.17 21:10:02 INFO  compiling datastructure_d5c0a6989e (1 scala source)
2025.02.17 21:10:02 INFO  time: compiled datastructure_d5c0a6989e in 49ms
2025.02.17 21:10:08 INFO  compiling datastructure_d5c0a6989e (1 scala source)
2025.02.17 21:10:08 INFO  time: compiled datastructure_d5c0a6989e in 0.24s
Feb 17, 2025 9:10:25 P.M. org.eclipse.lsp4j.jsonrpc.RemoteEndpoint handleCancellation
WARNING: Unmatched cancel notification for request id 325
Feb 17, 2025 9:10:35 P.M. org.eclipse.lsp4j.jsonrpc.services.GenericEndpoint notify
INFO: Unsupported notification method: $/setTrace
Feb 17, 2025 9:10:50 P.M. org.eclipse.lsp4j.jsonrpc.services.GenericEndpoint notify
WARNING: Unsupported notification method: metals/windowStateDidChange
Feb 17, 2025 9:11:41 P.M. org.eclipse.lsp4j.jsonrpc.services.GenericEndpoint notify
WARNING: Unsupported notification method: metals/windowStateDidChange
Feb 17, 2025 9:11:44 P.M. org.eclipse.lsp4j.jsonrpc.services.GenericEndpoint notify
WARNING: Unsupported notification method: metals/windowStateDidChange
Feb 17, 2025 9:11:57 P.M. org.eclipse.lsp4j.jsonrpc.services.GenericEndpoint notify
WARNING: Unsupported notification method: metals/windowStateDidChange
Feb 17, 2025 9:12:16 P.M. org.eclipse.lsp4j.jsonrpc.RemoteEndpoint handleNotification
WARNING: Notification threw an exception: {
  "jsonrpc": "2.0",
  "method": "metals/didFocusTextDocument",
  "params": [
    "class:/Users/admin/datastructure/sortInWave.class"
  ]
}
java.nio.file.FileSystemNotFoundException: Provider "class" not installed
	at java.base/java.nio.file.Path.of(Path.java:212)
	at java.base/java.nio.file.Paths.get(Paths.java:98)
	at scala.meta.internal.mtags.MtagsEnrichments$XtensionURIMtags.toAbsolutePath(MtagsEnrichments.scala:130)
	at scala.meta.internal.mtags.MtagsEnrichments$XtensionStringMtags.toAbsolutePath(MtagsEnrichments.scala:190)
	at scala.meta.internal.metals.MetalsEnrichments$XtensionString.toAbsolutePath(MetalsEnrichments.scala:774)
	at scala.meta.internal.metals.MetalsEnrichments$XtensionString.toAbsolutePath(MetalsEnrichments.scala:771)
	at scala.meta.internal.metals.WorkspaceLspService.didFocus(WorkspaceLspService.scala:718)
	at scala.meta.metals.lsp.DelegatingScalaService.didFocus(DelegatingScalaService.scala:42)
	at java.base/jdk.internal.reflect.DirectMethodHandleAccessor.invoke(DirectMethodHandleAccessor.java:104)
	at java.base/java.lang.reflect.Method.invoke(Method.java:578)
	at org.eclipse.lsp4j.jsonrpc.services.GenericEndpoint.lambda$recursiveFindRpcMethods$0(GenericEndpoint.java:65)
	at org.eclipse.lsp4j.jsonrpc.services.GenericEndpoint.notify(GenericEndpoint.java:160)
	at org.eclipse.lsp4j.jsonrpc.RemoteEndpoint.handleNotification(RemoteEndpoint.java:231)
	at org.eclipse.lsp4j.jsonrpc.RemoteEndpoint.consume(RemoteEndpoint.java:198)
	at org.eclipse.lsp4j.jsonrpc.json.StreamMessageProducer.handleMessage(StreamMessageProducer.java:185)
	at org.eclipse.lsp4j.jsonrpc.json.StreamMessageProducer.listen(StreamMessageProducer.java:97)
	at org.eclipse.lsp4j.jsonrpc.json.ConcurrentMessageProcessor.run(ConcurrentMessageProcessor.java:114)
	at java.base/java.util.concurrent.Executors$RunnableAdapter.call(Executors.java:577)
	at java.base/java.util.concurrent.FutureTask.run(FutureTask.java:317)
	at java.base/java.util.concurrent.ThreadPoolExecutor.runWorker(ThreadPoolExecutor.java:1144)
	at java.base/java.util.concurrent.ThreadPoolExecutor$Worker.run(ThreadPoolExecutor.java:642)
	at java.base/java.lang.Thread.run(Thread.java:1589)

2025.02.17 21:12:54 INFO  time: compiled datastructure_d5c0a6989e in 17ms
2025.02.17 21:12:54 INFO  no build target found for /Users/admin/datastructure/SortInWave/sortInWave.scala. Using presentation compiler with project's scala-library version: 3.6.3
2025.02.17 21:12:54 WARN  No build server connected
2025.02.17 21:12:54 WARN  No build server connected
2025.02.17 21:12:54 INFO  Cancelling compilation on scala-cli server
2025.02.17 21:12:54 INFO  compiling datastructure_d5c0a6989e (1 scala source and 1 java source)
2025.02.17 21:12:55 INFO  time: compiled datastructure_d5c0a6989e in 0.86s
2025.02.17 21:13:06 WARN  no build target for: /Users/admin/datastructure/SortInWave/sortInWave.java
Feb 17, 2025 9:13:48 P.M. org.eclipse.lsp4j.jsonrpc.RemoteEndpoint handleNotification
WARNING: Notification threw an exception: {
  "jsonrpc": "2.0",
  "method": "metals/didFocusTextDocument",
  "params": [
    "class:/Users/admin/datastructure/sortInWave.class"
  ]
}
java.nio.file.FileSystemNotFoundException: Provider "class" not installed
	at java.base/java.nio.file.Path.of(Path.java:212)
	at java.base/java.nio.file.Paths.get(Paths.java:98)
	at scala.meta.internal.mtags.MtagsEnrichments$XtensionURIMtags.toAbsolutePath(MtagsEnrichments.scala:130)
	at scala.meta.internal.mtags.MtagsEnrichments$XtensionStringMtags.toAbsolutePath(MtagsEnrichments.scala:190)
	at scala.meta.internal.metals.MetalsEnrichments$XtensionString.toAbsolutePath(MetalsEnrichments.scala:774)
	at scala.meta.internal.metals.MetalsEnrichments$XtensionString.toAbsolutePath(MetalsEnrichments.scala:771)
	at scala.meta.internal.metals.WorkspaceLspService.didFocus(WorkspaceLspService.scala:718)
	at scala.meta.metals.lsp.DelegatingScalaService.didFocus(DelegatingScalaService.scala:42)
	at java.base/jdk.internal.reflect.DirectMethodHandleAccessor.invoke(DirectMethodHandleAccessor.java:104)
	at java.base/java.lang.reflect.Method.invoke(Method.java:578)
	at org.eclipse.lsp4j.jsonrpc.services.GenericEndpoint.lambda$recursiveFindRpcMethods$0(GenericEndpoint.java:65)
	at org.eclipse.lsp4j.jsonrpc.services.GenericEndpoint.notify(GenericEndpoint.java:160)
	at org.eclipse.lsp4j.jsonrpc.RemoteEndpoint.handleNotification(RemoteEndpoint.java:231)
	at org.eclipse.lsp4j.jsonrpc.RemoteEndpoint.consume(RemoteEndpoint.java:198)
	at org.eclipse.lsp4j.jsonrpc.json.StreamMessageProducer.handleMessage(StreamMessageProducer.java:185)
	at org.eclipse.lsp4j.jsonrpc.json.StreamMessageProducer.listen(StreamMessageProducer.java:97)
	at org.eclipse.lsp4j.jsonrpc.json.ConcurrentMessageProcessor.run(ConcurrentMessageProcessor.java:114)
	at java.base/java.util.concurrent.Executors$RunnableAdapter.call(Executors.java:577)
	at java.base/java.util.concurrent.FutureTask.run(FutureTask.java:317)
	at java.base/java.util.concurrent.ThreadPoolExecutor.runWorker(ThreadPoolExecutor.java:1144)
	at java.base/java.util.concurrent.ThreadPoolExecutor$Worker.run(ThreadPoolExecutor.java:642)
	at java.base/java.lang.Thread.run(Thread.java:1589)

Feb 17, 2025 9:13:59 P.M. org.eclipse.lsp4j.jsonrpc.services.GenericEndpoint notify
WARNING: Unsupported notification method: metals/windowStateDidChange
Feb 17, 2025 9:14:54 P.M. org.eclipse.lsp4j.jsonrpc.services.GenericEndpoint notify
WARNING: Unsupported notification method: metals/windowStateDidChange
2025.02.17 21:40:34 INFO  Shut down connection with build server.
java.util.concurrent.RejectedExecutionException: Task Future(<not completed>) rejected from java.util.concurrent.ThreadPoolExecutor@6574b225[Shutting down, pool size = 1, active threads = 1, queued tasks = 0, completed tasks = 8233]
	at java.base/java.util.concurrent.ThreadPoolExecutor$AbortPolicy.rejectedExecution(ThreadPoolExecutor.java:2081)
	at java.base/java.util.concurrent.ThreadPoolExecutor.reject(ThreadPoolExecutor.java:841)
	at java.base/java.util.concurrent.ThreadPoolExecutor.execute(ThreadPoolExecutor.java:1376)
	at scala.concurrent.impl.ExecutionContextImpl.execute(ExecutionContextImpl.scala:21)
	at scala.concurrent.impl.Promise$Transformation.submitWithValue(Promise.scala:429)
	at scala.concurrent.impl.Promise$DefaultPromise.submitWithValue(Promise.scala:338)
	at scala.concurrent.impl.Promise$DefaultPromise.tryComplete0(Promise.scala:285)
	at scala.concurrent.impl.Promise$Transformation.handleFailure(Promise.scala:444)
	at scala.concurrent.impl.Promise$Transformation.submitWithValue(Promise.scala:435)
	at scala.concurrent.impl.Promise$DefaultPromise.submitWithValue(Promise.scala:338)
	at scala.concurrent.impl.Promise$DefaultPromise.tryComplete0(Promise.scala:285)
	at scala.concurrent.impl.Promise$Transformation.handleFailure(Promise.scala:444)
	at scala.concurrent.impl.Promise$Transformation.run(Promise.scala:506)
	at java.base/java.util.concurrent.ThreadPoolExecutor.runWorker(ThreadPoolExecutor.java:1144)
	at java.base/java.util.concurrent.ThreadPoolExecutor$Worker.run(ThreadPoolExecutor.java:642)
	at java.base/java.lang.Thread.run(Thread.java:1589)
2025.02.17 21:40:41 INFO  Started: Metals version 1.5.1 in folders '/Users/admin/datastructure' for client Visual Studio Code 1.85.1.
2025.02.17 21:40:45 WARN  scala-cli >= 0.1.3 not found in PATH, fetching and starting a JVM-based Scala CLI
2025.02.17 21:40:47 INFO  Running List(/Library/Java/JavaVirtualMachines/jdk-19.jdk/Contents/Home/bin/java, -cp, /Users/admin/Library/Caches/Coursier/v1/https/repo1.maven.org/maven2/org/virtuslab/scala-cli/cli_3/1.6.1/cli_3-1.6.1.jar:/Users/admin/Library/Caches/Coursier/v1/https/repo1.maven.org/maven2/com/github/alexarchambault/case-app_3/2.1.0-M29/case-app_3-2.1.0-M29.jar:/Users/admin/Library/Caches/Coursier/v1/https/repo1.maven.org/maven2/io/get-coursier/coursier-launcher_2.13/2.1.24/coursier-launcher_2.13-2.1.24.jar:/Users/admin/Library/Caches/Coursier/v1/https/repo1.maven.org/maven2/io/get-coursier/coursier-proxy-setup/2.1.24/coursier-proxy-setup-2.1.24.jar:/Users/admin/Library/Caches/Coursier/v1/https/repo1.maven.org/maven2/io/get-coursier/publish/publish_2.13/0.2.0/publish_2.13-0.2.0.jar:/Users/admin/Library/Caches/Coursier/v1/https/repo1.maven.org/maven2/com/google/jimfs/jimfs/1.3.0/jimfs-1.3.0.jar:/Users/admin/Library/Caches/Coursier/v1/https/repo1.maven.org/maven2/io/get-coursier/jniutils/windows-jni-utils/0.3.3/windows-jni-utils-0.3.3.jar:/Users/admin/Library/Caches/Coursier/v1/https/repo1.maven.org/maven2/com/github/plokhotnyuk/jsoniter-scala/jsoniter-scala-core_3/2.13.5.2/jsoniter-scala-core_3-2.13.5.2.jar:/Users/admin/Library/Caches/Coursier/v1/https/repo1.maven.org/maven2/org/virtuslab/scala-cli/libsodiumjni/0.0.4/libsodiumjni-0.0.4.jar:/Users/admin/Library/Caches/Coursier/v1/https/repo1.maven.org/maven2/org/scalameta/metaconfig-typesafe-config_3/0.14.0/metaconfig-typesafe-config_3-0.14.0.jar:/Users/admin/Library/Caches/Coursier/v1/https/repo1.maven.org/maven2/ai/kien/python-native-libs_3/0.2.4/python-native-libs_3-0.2.4.jar:/Users/admin/Library/Caches/Coursier/v1/https/repo1.maven.org/maven2/org/virtuslab/scala-packager_2.13/0.1.31/scala-packager_2.13-0.1.31.jar:/Users/admin/Library/Caches/Coursier/v1/https/repo1.maven.org/maven2/org/virtuslab/scala-cli-signing/cli_3/0.2.4/cli_3-0.2.4.jar:/Users/admin/Library/Caches/Coursier/v1/https/repo1.maven.org/maven2/org/slf4j/slf4j-nop/2.0.16/slf4j-nop-2.0.16.jar:/Users/admin/Library/Caches/Coursier/v1/https/repo1.maven.org/maven2/com/softwaremill/sttp/client3/core_2.13/3.10.2/core_2.13-3.10.2.jar:/Users/admin/Library/Caches/Coursier/v1/https/repo1.maven.org/maven2/ch/epfl/scala/scalafix-interfaces/0.14.0/scalafix-interfaces-0.14.0.jar:/Users/admin/Library/Caches/Coursier/v1/https/repo1.maven.org/maven2/org/scala-lang/scala3-library_3/3.3.4/scala3-library_3-3.3.4.jar:/Users/admin/Library/Caches/Coursier/v1/https/repo1.maven.org/maven2/org/virtuslab/scala-cli/build-module_3/1.6.1/build-module_3-1.6.1.jar:/Users/admin/Library/Caches/Coursier/v1/https/repo1.maven.org/maven2/org/virtuslab/scala-cli/config_3/1.6.1/config_3-1.6.1.jar:/Users/admin/Library/Caches/Coursier/v1/https/repo1.maven.org/maven2/org/virtuslab/scala-cli/scala3-graal_3/1.6.1/scala3-graal_3-1.6.1.jar:/Users/admin/Library/Caches/Coursier/v1/https/repo1.maven.org/maven2/org/virtuslab/scala-cli/specification-level_3/1.6.1/specification-level_3-1.6.1.jar:/Users/admin/Library/Caches/Coursier/v1/https/repo1.maven.org/maven2/com/lihaoyi/sourcecode_3/0.4.2/sourcecode_3-0.4.2.jar:/Users/admin/Library/Caches/Coursier/v1/https/repo1.maven.org/maven2/com/github/alexarchambault/case-app-annotations_3/2.1.0-M29/case-app-annotations_3-2.1.0-M29.jar:/Users/admin/Library/Caches/Coursier/v1/https/repo1.maven.org/maven2/com/github/alexarchambault/case-app-util_3/2.1.0-M29/case-app-util_3-2.1.0-M29.jar:/Users/admin/Library/Caches/Coursier/v1/https/repo1.maven.org/maven2/io/github/alexarchambault/scala-cli/tmp/zip-input-stream/0.1.1/zip-input-stream-0.1.1.jar:/Users/admin/Library/Caches/Coursier/v1/https/repo1.maven.org/maven2/org/scala-lang/scala-library/2.13.16/scala-library-2.13.16.jar:/Users/admin/Library/Caches/Coursier/v1/https/repo1.maven.org/maven2/io/get-coursier/coursier-cache_2.13/2.1.24/coursier-cache_2.13-2.1.24.jar:/Users/admin/Library/Caches/Coursier/v1/https/repo1.maven.org/maven2/io/get-coursier/coursier-core_2.13/2.1.24/coursier-core_2.13-2.1.24.jar:/Users/admin/Library/Caches/Coursier/v1/https/repo1.maven.org/maven2/com/google/guava/guava/33.4.0-jre/guava-33.4.0-jre.jar:/Users/admin/Library/Caches/Coursier/v1/https/repo1.maven.org/maven2/net/java/dev/jna/jna/5.13.0/jna-5.13.0.jar:/Users/admin/Library/Caches/Coursier/v1/https/repo1.maven.org/maven2/net/java/dev/jna/jna-platform/5.12.1/jna-platform-5.12.1.jar:/Users/admin/Library/Caches/Coursier/v1/https/repo1.maven.org/maven2/org/scalameta/metaconfig-core_3/0.14.0/metaconfig-core_3-0.14.0.jar:/Users/admin/Library/Caches/Coursier/v1/https/repo1.maven.org/maven2/com/typesafe/config/1.4.3/config-1.4.3.jar:/Users/admin/Library/Caches/Coursier/v1/https/repo1.maven.org/maven2/org/scala-lang/modules/scala-collection-compat_3/2.12.0/scala-collection-compat_3-2.12.0.jar:/Users/admin/Library/Caches/Coursier/v1/https/repo1.maven.org/maven2/commons-io/commons-io/2.18.0/commons-io-2.18.0.jar:/Users/admin/Library/Caches/Coursier/v1/https/repo1.maven.org/maven2/com/google/cloud/tools/jib-core/0.27.2/jib-core-0.27.2.jar:/Users/admin/Library/Caches/Coursier/v1/https/repo1.maven.org/maven2/org/bouncycastle/bcpg-jdk18on/1.78.1/bcpg-jdk18on-1.78.1.jar:/Users/admin/Library/Caches/Coursier/v1/https/repo1.maven.org/maven2/org/virtuslab/scala-cli-signing/shared_3/0.2.4/shared_3-0.2.4.jar:/Users/admin/Library/Caches/Coursier/v1/https/repo1.maven.org/maven2/org/slf4j/slf4j-api/2.0.16/slf4j-api-2.0.16.jar:/Users/admin/Library/Caches/Coursier/v1/https/repo1.maven.org/maven2/com/softwaremill/sttp/model/core_2.13/1.7.11/core_2.13-1.7.11.jar:/Users/admin/Library/Caches/Coursier/v1/https/repo1.maven.org/maven2/com/softwaremill/sttp/shared/core_2.13/1.3.22/core_2.13-1.3.22.jar:/Users/admin/Library/Caches/Coursier/v1/https/repo1.maven.org/maven2/com/softwaremill/sttp/shared/ws_2.13/1.3.22/ws_2.13-1.3.22.jar:/Users/admin/Library/Caches/Coursier/v1/https/repo1.maven.org/maven2/io/get-coursier/interface/1.0.26/interface-1.0.26.jar:/Users/admin/Library/Caches/Coursier/v1/https/repo1.maven.org/maven2/org/ow2/asm/asm/9.7.1/asm-9.7.1.jar:/Users/admin/Library/Caches/Coursier/v1/https/repo1.maven.org/maven2/org/virtuslab/scala-cli/java-class-name/java-class-name_3/0.1.4/java-class-name_3-0.1.4.jar:/Users/admin/Library/Caches/Coursier/v1/https/repo1.maven.org/maven2/org/scalameta/semanticdb-shared_2.13.16/4.9.9/semanticdb-shared_2.13.16-4.9.9.jar:/Users/admin/Library/Caches/Coursier/v1/https/repo1.maven.org/maven2/org/scala-native/test-runner_3/0.5.6/test-runner_3-0.5.6.jar:/Users/admin/Library/Caches/Coursier/v1/https/repo1.maven.org/maven2/com/lihaoyi/os-lib_3/0.11.3/os-lib_3-0.11.3.jar:/Users/admin/Library/Caches/Coursier/v1/https/repo1.maven.org/maven2/com/lihaoyi/pprint_3/0.9.0/pprint_3-0.9.0.jar:/Users/admin/Library/Caches/Coursier/v1/https/repo1.maven.org/maven2/org/scala-js/scalajs-env-nodejs_2.13/1.4.0/scalajs-env-nodejs_2.13-1.4.0.jar:/Users/admin/Library/Caches/Coursier/v1/https/repo1.maven.org/maven2/org/scala-js/scalajs-sbt-test-adapter_2.13/1.18.1/scalajs-sbt-test-adapter_2.13-1.18.1.jar:/Users/admin/Library/Caches/Coursier/v1/https/repo1.maven.org/maven2/com/swoval/file-tree-views/2.1.12/file-tree-views-2.1.12.jar:/Users/admin/Library/Caches/Coursier/v1/https/repo1.maven.org/maven2/org/virtuslab/scala-cli/zip-input-stream/zip-input-stream/0.1.2/zip-input-stream-0.1.2.jar:/Users/admin/Library/Caches/Coursier/v1/https/repo1.maven.org/maven2/org/virtuslab/scala-cli/options_3/1.6.1/options_3-1.6.1.jar:/Users/admin/Library/Caches/Coursier/v1/https/repo1.maven.org/maven2/org/virtuslab/scala-cli/directives_3/1.6.1/directives_3-1.6.1.jar:/Users/admin/Library/Caches/Coursier/v1/https/repo1.maven.org/maven2/org/virtuslab/scala-cli/scala-cli-bsp/1.6.1/scala-cli-bsp-1.6.1.jar:/Users/admin/Library/Caches/Coursier/v1/https/repo1.maven.org/maven2/org/virtuslab/scala-cli/test-runner_3/1.6.1/test-runner_3-1.6.1.jar:/Users/admin/Library/Caches/Coursier/v1/https/repo1.maven.org/maven2/org/virtuslab/scala-cli/tasty-lib_3/1.6.1/tasty-lib_3-1.6.1.jar:/Users/admin/Library/Caches/Coursier/v1/https/repo1.maven.org/maven2/io/github/alexarchambault/is-terminal/0.1.1/is-terminal-0.1.1.jar:/Users/admin/Library/Caches/Coursier/v1/https/repo1.maven.org/maven2/org/codehaus/plexus/plexus-archiver/4.10.0/plexus-archiver-4.10.0.jar:/Users/admin/Library/Caches/Coursier/v1/https/repo1.maven.org/maven2/org/codehaus/plexus/plexus-container-default/2.1.1/plexus-container-default-2.1.1.jar:/Users/admin/Library/Caches/Coursier/v1/https/repo1.maven.org/maven2/io/github/alexarchambault/windows-ansi/windows-ansi/0.0.6/windows-ansi-0.0.6.jar:/Users/admin/Library/Caches/Coursier/v1/https/repo1.maven.org/maven2/io/get-coursier/cache-util/2.1.24/cache-util-2.1.24.jar:/Users/admin/Library/Caches/Coursier/v1/https/repo1.maven.org/maven2/io/get-coursier/coursier-util_2.13/2.1.24/coursier-util_2.13-2.1.24.jar:/Users/admin/Library/Caches/Coursier/v1/https/repo1.maven.org/maven2/io/github/alexarchambault/concurrent-reference-hash-map/1.1.0/concurrent-reference-hash-map-1.1.0.jar:/Users/admin/Library/Caches/Coursier/v1/https/repo1.maven.org/maven2/org/scala-lang/modules/scala-xml_2.13/2.3.0/scala-xml_2.13-2.3.0.jar:/Users/admin/Library/Caches/Coursier/v1/https/repo1.maven.org/maven2/com/google/guava/failureaccess/1.0.2/failureaccess-1.0.2.jar:/Users/admin/Library/Caches/Coursier/v1/https/repo1.maven.org/maven2/com/google/guava/listenablefuture/9999.0-empty-to-avoid-conflict-with-guava/listenablefuture-9999.0-empty-to-avoid-conflict-with-guava.jar:/Users/admin/Library/Caches/Coursier/v1/https/repo1.maven.org/maven2/com/google/code/findbugs/jsr305/3.0.2/jsr305-3.0.2.jar:/Users/admin/Library/Caches/Coursier/v1/https/repo1.maven.org/maven2/org/checkerframework/checker-qual/3.43.0/checker-qual-3.43.0.jar:/Users/admin/Library/Caches/Coursier/v1/https/repo1.maven.org/maven2/com/google/errorprone/error_prone_annotations/2.36.0/error_prone_annotations-2.36.0.jar:/Users/admin/Library/Caches/Coursier/v1/https/repo1.maven.org/maven2/com/google/j2objc/j2objc-annotations/3.0.0/j2objc-annotations-3.0.0.jar:/Users/admin/Library/Caches/Coursier/v1/https/repo1.maven.org/maven2/org/scalameta/metaconfig-pprint_3/0.14.0/metaconfig-pprint_3-0.14.0.jar:/Users/admin/Library/Caches/Coursier/v1/https/repo1.maven.org/maven2/org/typelevel/paiges-core_3/0.4.4/paiges-core_3-0.4.4.jar:/Users/admin/Library/Caches/Coursier/v1/https/repo1.maven.org/maven2/org/scala-lang/scala-reflect/2.13.15/scala-reflect-2.13.15.jar:/Users/admin/Library/Caches/Coursier/v1/https/repo1.maven.org/maven2/com/google/cloud/tools/jib-build-plan/0.4.0/jib-build-plan-0.4.0.jar:/Users/admin/Library/Caches/Coursier/v1/https/repo1.maven.org/maven2/com/google/http-client/google-http-client/1.42.2/google-http-client-1.42.2.jar:/Users/admin/Library/Caches/Coursier/v1/https/repo1.maven.org/maven2/com/google/http-client/google-http-client-apache-v2/1.42.2/google-http-client-apache-v2-1.42.2.jar:/Users/admin/Library/Caches/Coursier/v1/https/repo1.maven.org/maven2/com/google/auth/google-auth-library-oauth2-http/1.10.0/google-auth-library-oauth2-http-1.10.0.jar:/Users/admin/Library/Caches/Coursier/v1/https/repo1.maven.org/maven2/org/apache/commons/commons-compress/1.26.2/commons-compress-1.26.2.jar:/Users/admin/Library/Caches/Coursier/v1/https/repo1.maven.org/maven2/com/fasterxml/jackson/core/jackson-databind/2.15.2/jackson-databind-2.15.2.jar:/Users/admin/Library/Caches/Coursier/v1/https/repo1.maven.org/maven2/com/fasterxml/jackson/datatype/jackson-datatype-jsr310/2.15.2/jackson-datatype-jsr310-2.15.2.jar:/Users/admin/Library/Caches/Coursier/v1/https/repo1.maven.org/maven2/org/bouncycastle/bcprov-jdk18on/1.78.1/bcprov-jdk18on-1.78.1.jar:/Users/admin/Library/Caches/Coursier/v1/https/repo1.maven.org/maven2/org/bouncycastle/bcutil-jdk18on/1.78.1/bcutil-jdk18on-1.78.1.jar:/Users/admin/Library/Caches/Coursier/v1/https/repo1.maven.org/maven2/org/scala-lang/scala3-compiler_3/3.3.4/scala3-compiler_3-3.3.4.jar:/Users/admin/Library/Caches/Coursier/v1/https/repo1.maven.org/maven2/org/scalameta/scalameta_2.13/4.9.9/scalameta_2.13-4.9.9.jar:/Users/admin/Library/Caches/Coursier/v1/https/repo1.maven.org/maven2/com/thesamet/scalapb/scalapb-runtime_2.13/0.11.17/scalapb-runtime_2.13-0.11.17.jar:/Users/admin/Library/Caches/Coursier/v1/https/repo1.maven.org/maven2/org/scala-native/tools_3/0.5.6/tools_3-0.5.6.jar:/Users/admin/Library/Caches/Coursier/v1/https/repo1.maven.org/maven2/org/scala-sbt/test-interface/1.0/test-interface-1.0.jar:/Users/admin/Library/Caches/Coursier/v1/https/repo1.maven.org/maven2/com/github/sbt/junit-interface/0.13.3/junit-interface-0.13.3.jar:/Users/admin/Library/Caches/Coursier/v1/https/repo1.maven.org/maven2/junit/junit/4.13.2/junit-4.13.2.jar:/Users/admin/Library/Caches/Coursier/v1/https/repo1.maven.org/maven2/com/lihaoyi/geny_3/1.1.1/geny_3-1.1.1.jar:/Users/admin/Library/Caches/Coursier/v1/https/repo1.maven.org/maven2/com/lihaoyi/fansi_3/0.5.0/fansi_3-0.5.0.jar:/Users/admin/Library/Caches/Coursier/v1/https/repo1.maven.org/maven2/org/scala-js/scalajs-js-envs_2.13/1.4.0/scalajs-js-envs_2.13-1.4.0.jar:/Users/admin/Library/Caches/Coursier/v1/https/repo1.maven.org/maven2/ch/epfl/scala/bloop-config_2.13/2.3.1/bloop-config_2.13-2.3.1.jar:/Users/admin/Library/Caches/Coursier/v1/https/repo1.maven.org/maven2/org/virtuslab/scala-cli/core_3/1.6.1/core_3-1.6.1.jar:/Users/admin/Library/Caches/Coursier/v1/https/repo1.maven.org/maven2/org/virtuslab/using_directives/1.1.4/using_directives-1.1.4.jar:/Users/admin/Library/Caches/Coursier/v1/https/repo1.maven.org/maven2/org/virtuslab/scala-cli/build-macros_3/1.6.1/build-macros_3-1.6.1.jar:/Users/admin/Library/Caches/Coursier/v1/https/repo1.maven.org/maven2/ch/epfl/scala/bsp4j/2.1.1/bsp4j-2.1.1.jar:/Users/admin/Library/Caches/Coursier/v1/https/repo1.maven.org/maven2/javax/inject/javax.inject/1/javax.inject-1.jar:/Users/admin/Library/Caches/Coursier/v1/https/repo1.maven.org/maven2/org/codehaus/plexus/plexus-utils/4.0.1/plexus-utils-4.0.1.jar:/Users/admin/Library/Caches/Coursier/v1/https/repo1.maven.org/maven2/org/codehaus/plexus/plexus-io/3.5.0/plexus-io-3.5.0.jar:/Users/admin/Library/Caches/Coursier/v1/https/repo1.maven.org/maven2/io/airlift/aircompressor/0.27/aircompressor-0.27.jar:/Users/admin/Library/Caches/Coursier/v1/https/repo1.maven.org/maven2/org/tukaani/xz/1.9/xz-1.9.jar:/Users/admin/Library/Caches/Coursier/v1/https/repo1.maven.org/maven2/com/github/luben/zstd-jni/1.5.6-3/zstd-jni-1.5.6-3.jar:/Users/admin/Library/Caches/Coursier/v1/https/repo1.maven.org/maven2/org/codehaus/plexus/plexus-classworlds/2.6.0/plexus-classworlds-2.6.0.jar:/Users/admin/Library/Caches/Coursier/v1/https/repo1.maven.org/maven2/org/apache/xbean/xbean-reflect/3.7/xbean-reflect-3.7.jar:/Users/admin/Library/Caches/Coursier/v1/https/repo1.maven.org/maven2/org/fusesource/jansi/jansi/2.4.1/jansi-2.4.1.jar:/Users/admin/Library/Caches/Coursier/v1/https/repo1.maven.org/maven2/org/apache/httpcomponents/httpclient/4.5.13/httpclient-4.5.13.jar:/Users/admin/Library/Caches/Coursier/v1/https/repo1.maven.org/maven2/org/apache/httpcomponents/httpcore/4.4.15/httpcore-4.4.15.jar:/Users/admin/Library/Caches/Coursier/v1/https/repo1.maven.org/maven2/io/opencensus/opencensus-api/0.31.1/opencensus-api-0.31.1.jar:/Users/admin/Library/Caches/Coursier/v1/https/repo1.maven.org/maven2/io/opencensus/opencensus-contrib-http-util/0.31.1/opencensus-contrib-http-util-0.31.1.jar:/Users/admin/Library/Caches/Coursier/v1/https/repo1.maven.org/maven2/com/google/auto/value/auto-value-annotations/1.9/auto-value-annotations-1.9.jar:/Users/admin/Library/Caches/Coursier/v1/https/repo1.maven.org/maven2/com/google/auth/google-auth-library-credentials/1.10.0/google-auth-library-credentials-1.10.0.jar:/Users/admin/Library/Caches/Coursier/v1/https/repo1.maven.org/maven2/com/google/http-client/google-http-client-gson/1.42.2/google-http-client-gson-1.42.2.jar:/Users/admin/Library/Caches/Coursier/v1/https/repo1.maven.org/maven2/commons-codec/commons-codec/1.17.0/commons-codec-1.17.0.jar:/Users/admin/Library/Caches/Coursier/v1/https/repo1.maven.org/maven2/org/apache/commons/commons-lang3/3.14.0/commons-lang3-3.14.0.jar:/Users/admin/Library/Caches/Coursier/v1/https/repo1.maven.org/maven2/com/fasterxml/jackson/core/jackson-annotations/2.15.2/jackson-annotations-2.15.2.jar:/Users/admin/Library/Caches/Coursier/v1/https/repo1.maven.org/maven2/com/fasterxml/jackson/core/jackson-core/2.15.2/jackson-core-2.15.2.jar:/Users/admin/Library/Caches/Coursier/v1/https/repo1.maven.org/maven2/org/scala-lang/scala3-interfaces/3.3.4/scala3-interfaces-3.3.4.jar:/Users/admin/Library/Caches/Coursier/v1/https/repo1.maven.org/maven2/org/scala-lang/tasty-core_3/3.3.4/tasty-core_3-3.3.4.jar:/Users/admin/Library/Caches/Coursier/v1/https/repo1.maven.org/maven2/org/scala-lang/modules/scala-asm/9.6.0-scala-1/scala-asm-9.6.0-scala-1.jar:/Users/admin/Library/Caches/Coursier/v1/https/repo1.maven.org/maven2/org/scala-sbt/compiler-interface/1.9.6/compiler-interface-1.9.6.jar:/Users/admin/Library/Caches/Coursier/v1/https/repo1.maven.org/maven2/org/scalameta/parsers_2.13/4.9.9/parsers_2.13-4.9.9.jar:/Users/admin/Library/Caches/Coursier/v1/https/repo1.maven.org/maven2/org/scala-lang/scalap/2.13.11/scalap-2.13.11.jar:/Users/admin/Library/Caches/Coursier/v1/https/repo1.maven.org/maven2/com/thesamet/scalapb/lenses_2.13/0.11.17/lenses_2.13-0.11.17.jar:/Users/admin/Library/Caches/Coursier/v1/https/repo1.maven.org/maven2/com/google/protobuf/protobuf-java/3.19.6/protobuf-java-3.19.6.jar:/Users/admin/Library/Caches/Coursier/v1/https/repo1.maven.org/maven2/org/scala-native/nir_3/0.5.6/nir_3-0.5.6.jar:/Users/admin/Library/Caches/Coursier/v1/https/repo1.maven.org/maven2/org/scala-native/util_3/0.5.6/util_3-0.5.6.jar:/Users/admin/Library/Caches/Coursier/v1/https/repo1.maven.org/maven2/org/hamcrest/hamcrest-core/1.3/hamcrest-core-1.3.jar:/Users/admin/Library/Caches/Coursier/v1/https/repo1.maven.org/maven2/org/scala-js/scalajs-logging_2.13/1.1.1/scalajs-logging_2.13-1.1.1.jar:/Users/admin/Library/Caches/Coursier/v1/https/repo1.maven.org/maven2/com/lihaoyi/unroll-annotation_2.13/0.1.12/unroll-annotation_2.13-0.1.12.jar:/Users/admin/Library/Caches/Coursier/v1/https/repo1.maven.org/maven2/ch/epfl/scala/bloop-rifle_2.13/2.0.8/bloop-rifle_2.13-2.0.8.jar:/Users/admin/Library/Caches/Coursier/v1/https/repo1.maven.org/maven2/io/get-coursier/coursier-jvm_2.13/2.1.24/coursier-jvm_2.13-2.1.24.jar:/Users/admin/Library/Caches/Coursier/v1/https/repo1.maven.org/maven2/io/get-coursier/dependency_3/0.3.2/dependency_3-0.3.2.jar:/Users/admin/Library/Caches/Coursier/v1/https/repo1.maven.org/maven2/org/eclipse/jgit/org.eclipse.jgit/6.8.0.202311291450-r/org.eclipse.jgit-6.8.0.202311291450-r.jar:/Users/admin/Library/Caches/Coursier/v1/https/repo1.maven.org/maven2/org/scala-js/scalajs-env-jsdom-nodejs_2.13/1.1.0/scalajs-env-jsdom-nodejs_2.13-1.1.0.jar:/Users/admin/Library/Caches/Coursier/v1/https/repo1.maven.org/maven2/org/eclipse/lsp4j/org.eclipse.lsp4j.generator/0.20.1/org.eclipse.lsp4j.generator-0.20.1.jar:/Users/admin/Library/Caches/Coursier/v1/https/repo1.maven.org/maven2/org/eclipse/lsp4j/org.eclipse.lsp4j.jsonrpc/0.20.1/org.eclipse.lsp4j.jsonrpc-0.20.1.jar:/Users/admin/Library/Caches/Coursier/v1/https/repo1.maven.org/maven2/commons-logging/commons-logging/1.2/commons-logging-1.2.jar:/Users/admin/Library/Caches/Coursier/v1/https/repo1.maven.org/maven2/io/grpc/grpc-context/1.27.2/grpc-context-1.27.2.jar:/Users/admin/Library/Caches/Coursier/v1/https/repo1.maven.org/maven2/com/google/code/gson/gson/2.10.1/gson-2.10.1.jar:/Users/admin/Library/Caches/Coursier/v1/https/repo1.maven.org/maven2/org/scala-sbt/util-interface/1.9.8/util-interface-1.9.8.jar:/Users/admin/Library/Caches/Coursier/v1/https/repo1.maven.org/maven2/org/scalameta/trees_2.13/4.9.9/trees_2.13-4.9.9.jar:/Users/admin/Library/Caches/Coursier/v1/https/repo1.maven.org/maven2/org/scala-lang/scala-compiler/2.13.11/scala-compiler-2.13.11.jar:/Users/admin/Library/Caches/Coursier/v1/https/repo1.maven.org/maven2/ch/epfl/scala/libdaemon_2.13/0.0.12/libdaemon_2.13-0.0.12.jar:/Users/admin/Library/Caches/Coursier/v1/https/repo1.maven.org/maven2/io/github/alexarchambault/scala-cli/snailgun/snailgun-core_2.13/0.4.1-sc2/snailgun-core_2.13-0.4.1-sc2.jar:/Users/admin/Library/Caches/Coursier/v1/https/repo1.maven.org/maven2/io/get-coursier/coursier_2.13/2.1.24/coursier_2.13-2.1.24.jar:/Users/admin/Library/Caches/Coursier/v1/https/repo1.maven.org/maven2/io/get-coursier/coursier-env_2.13/2.1.24/coursier-env_2.13-2.1.24.jar:/Users/admin/Library/Caches/Coursier/v1/https/repo1.maven.org/maven2/com/googlecode/javaewah/JavaEWAH/1.2.3/JavaEWAH-1.2.3.jar:/Users/admin/Library/Caches/Coursier/v1/https/repo1.maven.org/maven2/org/eclipse/xtend/org.eclipse.xtend.lib/2.28.0/org.eclipse.xtend.lib-2.28.0.jar:/Users/admin/Library/Caches/Coursier/v1/https/repo1.maven.org/maven2/org/scalameta/common_2.13/4.9.9/common_2.13-4.9.9.jar:/Users/admin/Library/Caches/Coursier/v1/https/repo1.maven.org/maven2/io/github/java-diff-utils/java-diff-utils/4.12/java-diff-utils-4.12.jar:/Users/admin/Library/Caches/Coursier/v1/https/repo1.maven.org/maven2/io/get-coursier/dependency_2.13/0.3.2/dependency_2.13-0.3.2.jar:/Users/admin/Library/Caches/Coursier/v1/https/repo1.maven.org/maven2/org/eclipse/xtext/org.eclipse.xtext.xbase.lib/2.28.0/org.eclipse.xtext.xbase.lib-2.28.0.jar:/Users/admin/Library/Caches/Coursier/v1/https/repo1.maven.org/maven2/org/eclipse/xtend/org.eclipse.xtend.lib.macro/2.28.0/org.eclipse.xtend.lib.macro-2.28.0.jar, scala.cli.ScalaCli, bsp, /Users/admin/datastructure)
2025.02.17 21:40:47 INFO  tracing is disabled for protocol BSP, to enable tracing of incoming and outgoing JSON messages create an empty file at /Users/admin/datastructure/.metals/bsp.trace.json or /Users/admin/Library/Caches/org.scalameta.metals/bsp.trace.json
2025.02.17 21:40:52 INFO  Connected to Scala CLI server v1.6.1
2025.02.17 21:40:52 INFO  compiling datastructure_d5c0a6989e (1 java source)
2025.02.17 21:40:52 INFO  time: compiled datastructure_d5c0a6989e in 0.92s
2025.02.17 21:40:55 INFO  time: indexed workspace in 3.54s
2025.02.17 21:40:56 INFO  Scala CLI started for /Users/admin/datastructure
2025.02.17 21:40:56 WARN  no build tool detected in workspace '/Users/admin/datastructure'. The most common cause for this problem is that the editor was opened in the wrong working directory, for example if you use sbt then the workspace directory should contain build.sbt. 
2025.02.17 21:40:56 WARN  Build server is not auto-connectable.
2025.02.17 22:01:11 INFO  Shutting down server
2025.02.17 22:01:11 INFO  shutting down Metals
2025.02.17 22:01:11 INFO  Shut down connection with build server.
2025.02.17 22:01:11 INFO  Exiting server
2025.02.18 11:35:47 INFO  Started: Metals version 1.5.1 in folders '/Users/admin/datastructure' for client Visual Studio Code 1.85.1.
2025.02.18 11:35:48 INFO  no build target found for /Users/admin/datastructure/SortInWave/sortInWave.java. Using presentation compiler with project's scala-library version: 3.3.4
2025.02.18 11:35:49 WARN  no build tool detected in workspace '/Users/admin/datastructure'. The most common cause for this problem is that the editor was opened in the wrong working directory, for example if you use sbt then the workspace directory should contain build.sbt. 
2025.02.18 11:35:49 WARN  Build server is not auto-connectable.
2025.02.18 11:35:50 INFO  no build target found for /Users/admin/datastructure/SortInWave/sortInWave.java. Using presentation compiler with project's scala-library version: 3.3.4
2025.02.18 11:35:50 INFO  no build target found for /Users/admin/datastructure/SortInWave/sortInWave.scala. Using presentation compiler with project's scala-library version: 3.3.4
Feb 18, 2025 11:35:52 A.M. scala.meta.internal.pc.CompilerAccess handleError
SEVERE: A severe compiler error occurred, full details of the error can be found in the error report /Users/admin/datastructure/.metals/.reports/metals-full/2025-02-18/r_compiler-error_11-35-52-158.md
Feb 18, 2025 11:35:52 A.M. org.eclipse.lsp4j.jsonrpc.RemoteEndpoint handleCancellation
WARNING: Unmatched cancel notification for request id 5
2025.02.18 11:35:53 INFO  time: code lens generation in 1.19s
2025.02.18 11:35:53 INFO  time: code lens generation in 1.03s
Feb 18, 2025 11:35:54 A.M. org.eclipse.lsp4j.jsonrpc.services.GenericEndpoint notify
INFO: Unsupported notification method: $/setTrace
2025.02.18 11:35:54 INFO  no build target found for /Users/admin/datastructure/SortInWave/sortInWave.java. Using presentation compiler with project's scala-library version: 3.3.4
Feb 18, 2025 11:35:54 A.M. scala.meta.internal.pc.CompilerAccess handleError
SEVERE: A severe compiler error occurred, full details of the error can be found in the error report /Users/admin/datastructure/.metals/.reports/metals-full/2025-02-18/r_compiler-error_11-35-54-930.md
2025.02.18 11:35:54 INFO  no build target found for /Users/admin/datastructure/SortInWave/sortInWave.java. Using presentation compiler with project's scala-library version: 3.3.4
Feb 18, 2025 11:35:55 A.M. org.eclipse.lsp4j.jsonrpc.RemoteEndpoint handleCancellation
WARNING: Unmatched cancel notification for request id 13
2025.02.18 11:35:54 INFO  no build target found for /Users/admin/datastructure/SortInWave/sortInWave.java. Using presentation compiler with project's scala-library version: 3.3.4
2025.02.18 11:35:54 INFO  no build target found for /Users/admin/datastructure/SortInWave/sortInWave.java. Using presentation compiler with project's scala-library version: 3.3.4
2025.02.18 11:35:54 INFO  no build target found for /Users/admin/datastructure/SortInWave/sortInWave.java. Using presentation compiler with project's scala-library version: 3.3.4
2025.02.18 11:35:54 INFO  no build target found for /Users/admin/datastructure/SortInWave/sortInWave.java. Using presentation compiler with project's scala-library version: 3.3.4
Feb 18, 2025 11:35:55 A.M. org.eclipse.lsp4j.jsonrpc.RemoteEndpoint handleCancellation
WARNING: Unmatched cancel notification for request id 15
Feb 18, 2025 11:35:55 A.M. org.eclipse.lsp4j.jsonrpc.RemoteEndpoint handleCancellation
WARNING: Unmatched cancel notification for request id 16
2025.02.18 11:35:55 INFO  no build target found for /Users/admin/datastructure/SortInWave/sortInWave.java. Using presentation compiler with project's scala-library version: 3.3.4
Feb 18, 2025 11:35:55 A.M. scala.meta.internal.pc.CompilerAccess handleError
SEVERE: A severe compiler error occurred, full details of the error can be found in the error report /Users/admin/datastructure/.metals/.reports/metals-full/2025-02-18/r_compiler-error_11-35-55-641.md
2025.02.18 11:35:54 INFO  no build target found for /Users/admin/datastructure/SortInWave/sortInWave.java. Using presentation compiler with project's scala-library version: 3.3.4
2025.02.18 11:35:56 INFO  no build target found for /Users/admin/datastructure/SortInWave/sortInWave.java. Using presentation compiler with project's scala-library version: 3.3.4
2025.02.18 11:35:56 INFO  no build target found for /Users/admin/datastructure/SortInWave/sortInWave.java. Using presentation compiler with project's scala-library version: 3.3.4
Feb 18, 2025 11:36:00 A.M. org.eclipse.lsp4j.jsonrpc.services.GenericEndpoint notify
WARNING: Unsupported notification method: metals/windowStateDidChange
Feb 18, 2025 11:36:50 A.M. org.eclipse.lsp4j.jsonrpc.services.GenericEndpoint notify
WARNING: Unsupported notification method: metals/windowStateDidChange
Feb 18, 2025 11:36:52 A.M. org.eclipse.lsp4j.jsonrpc.services.GenericEndpoint notify
WARNING: Unsupported notification method: metals/windowStateDidChange
Feb 18, 2025 11:36:54 A.M. org.eclipse.lsp4j.jsonrpc.services.GenericEndpoint notify
WARNING: Unsupported notification method: metals/windowStateDidChange
Feb 18, 2025 11:38:10 A.M. org.eclipse.lsp4j.jsonrpc.services.GenericEndpoint notify
WARNING: Unsupported notification method: metals/windowStateDidChange
2025.02.18 11:38:12 INFO  Shutting down server
2025.02.18 11:38:12 INFO  shutting down Metals
2025.02.18 11:38:12 INFO  Exiting server
2025.02.18 11:40:27 INFO  Started: Metals version 1.5.1+61-4442b038-SNAPSHOT in folders '/Users/admin/datastructure' for client Visual Studio Code 1.85.1.
2025.02.18 11:40:27 INFO  no build target found for /Users/admin/datastructure/SortInWave/sortInWave.java. Using presentation compiler with project's scala-library version: 3.3.5
2025.02.18 11:41:30 INFO  no build target found for /Users/admin/datastructure/SortInWave/sortInWave.java. Using presentation compiler with project's scala-library version: 3.3.5
2025.02.18 11:41:30 WARN  no build tool detected in workspace '/Users/admin/datastructure'. The most common cause for this problem is that the editor was opened in the wrong working directory, for example if you use sbt then the workspace directory should contain build.sbt. 
2025.02.18 11:41:30 WARN  Build server is not auto-connectable.
2025.02.18 11:41:30 WARN  no build target for: /Users/admin/datastructure/SortInWave/sortInWave.java
Feb 18, 2025 11:41:32 A.M. scala.meta.internal.pc.CompilerAccess handleError
SEVERE: A severe compiler error occurred, full details of the error can be found in the error report /Users/admin/datastructure/.metals/.reports/metals-full/2025-02-18/r_compiler-error_11-41-32-158.md
2025.02.18 11:41:32 INFO  no build target found for /Users/admin/datastructure/SortInWave/sortInWave.java. Using presentation compiler with project's scala-library version: 3.3.5
Feb 18, 2025 11:41:32 A.M. scala.meta.internal.pc.CompilerAccess handleError
SEVERE: A severe compiler error occurred, full details of the error can be found in the error report /Users/admin/datastructure/.metals/.reports/metals-full/2025-02-18/r_compiler-error_11-41-32-845.md
Feb 18, 2025 11:42:47 A.M. org.eclipse.lsp4j.jsonrpc.services.GenericEndpoint notify
WARNING: Unsupported notification method: metals/windowStateDidChange
Feb 18, 2025 11:42:48 A.M. org.eclipse.lsp4j.jsonrpc.services.GenericEndpoint notify
WARNING: Unsupported notification method: metals/windowStateDidChange
Feb 18, 2025 11:42:56 A.M. org.eclipse.lsp4j.jsonrpc.services.GenericEndpoint notify
WARNING: Unsupported notification method: metals/windowStateDidChange
Feb 18, 2025 11:42:57 A.M. org.eclipse.lsp4j.jsonrpc.services.GenericEndpoint notify
WARNING: Unsupported notification method: metals/windowStateDidChange
2025.02.18 11:42:59 INFO  no build target found for /Users/admin/datastructure/SortInWave/sortInWave.java. Using presentation compiler with project's scala-library version: 3.3.5
Feb 18, 2025 11:42:59 A.M. scala.meta.internal.pc.CompilerAccess handleError
SEVERE: A severe compiler error occurred, full details of the error can be found in the error report /Users/admin/datastructure/.metals/.reports/metals-full/2025-02-18/r_compiler-error_11-42-59-390.md
2025.02.18 11:42:59 INFO  no build target found for /Users/admin/datastructure/SortInWave/sortInWave.java. Using presentation compiler with project's scala-library version: 3.3.5
2025.02.18 11:43:00 INFO  no build target found for /Users/admin/datastructure/SortInWave/sortInWave.java. Using presentation compiler with project's scala-library version: 3.3.5
2025.02.18 11:43:02 INFO  no build target found for /Users/admin/datastructure/SortInWave/sortInWave.java. Using presentation compiler with project's scala-library version: 3.3.5
Feb 18, 2025 11:43:02 A.M. scala.meta.internal.pc.CompilerAccess handleError
SEVERE: A severe compiler error occurred, full details of the error can be found in the error report /Users/admin/datastructure/.metals/.reports/metals-full/2025-02-18/r_compiler-error_11-43-02-673.md
2025.02.18 11:43:02 INFO  no build target found for /Users/admin/datastructure/SortInWave/sortInWave.java. Using presentation compiler with project's scala-library version: 3.3.5
Feb 18, 2025 11:43:02 A.M. scala.meta.internal.pc.CompilerAccess handleError
SEVERE: A severe compiler error occurred, full details of the error can be found in the error report /Users/admin/datastructure/.metals/.reports/metals-full/2025-02-18/r_compiler-error_11-43-02-983.md
2025.02.18 11:43:04 INFO  no build target found for /Users/admin/datastructure/SortInWave/sortInWave.java. Using presentation compiler with project's scala-library version: 3.3.5
Feb 18, 2025 11:43:04 A.M. scala.meta.internal.pc.CompilerAccess handleError
SEVERE: A severe compiler error occurred, full details of the error can be found in the error report /Users/admin/datastructure/.metals/.reports/metals-full/2025-02-18/r_compiler-error_11-43-04-168.md
2025.02.18 11:43:06 INFO  no build target found for /Users/admin/datastructure/SortInWave/sortInWave.java. Using presentation compiler with project's scala-library version: 3.3.5
2025.02.18 11:43:06 INFO  no build target found for /Users/admin/datastructure/SortInWave/sortInWave.java. Using presentation compiler with project's scala-library version: 3.3.5
2025.02.18 11:43:09 INFO  no build target found for /Users/admin/datastructure/SortInWave/sortInWave.java. Using presentation compiler with project's scala-library version: 3.3.5
2025.02.18 11:43:09 INFO  no build target found for /Users/admin/datastructure/SortInWave/sortInWave.java. Using presentation compiler with project's scala-library version: 3.3.5
2025.02.18 11:43:09 INFO  no build target found for /Users/admin/datastructure/SortInWave/sortInWave.java. Using presentation compiler with project's scala-library version: 3.3.5
2025.02.18 11:43:09 INFO  no build target found for /Users/admin/datastructure/SortInWave/sortInWave.java. Using presentation compiler with project's scala-library version: 3.3.5
Feb 18, 2025 11:43:09 A.M. scala.meta.internal.pc.CompilerAccess handleError
SEVERE: A severe compiler error occurred, full details of the error can be found in the error report /Users/admin/datastructure/.metals/.reports/metals-full/2025-02-18/r_compiler-error_11-43-09-887.md
2025.02.18 11:43:11 INFO  no build target found for /Users/admin/datastructure/SortInWave/sortInWave.java. Using presentation compiler with project's scala-library version: 3.3.5
2025.02.18 11:43:11 INFO  no build target found for /Users/admin/datastructure/SortInWave/sortInWave.java. Using presentation compiler with project's scala-library version: 3.3.5
Feb 18, 2025 11:43:11 A.M. scala.meta.internal.pc.CompilerAccess handleError
SEVERE: A severe compiler error occurred, full details of the error can be found in the error report /Users/admin/datastructure/.metals/.reports/metals-full/2025-02-18/r_compiler-error_11-43-11-729.md
2025.02.18 11:43:11 INFO  no build target found for /Users/admin/datastructure/SortInWave/sortInWave.java. Using presentation compiler with project's scala-library version: 3.3.5
2025.02.18 11:43:12 INFO  no build target found for /Users/admin/datastructure/SortInWave/sortInWave.java. Using presentation compiler with project's scala-library version: 3.3.5
Feb 18, 2025 11:43:12 A.M. scala.meta.internal.pc.CompilerAccess handleError
SEVERE: A severe compiler error occurred, full details of the error can be found in the error report /Users/admin/datastructure/.metals/.reports/metals-full/2025-02-18/r_compiler-error_11-43-12-517.md
2025.02.18 11:43:12 INFO  no build target found for /Users/admin/datastructure/SortInWave/sortInWave.java. Using presentation compiler with project's scala-library version: 3.3.5
2025.02.18 11:43:12 INFO  no build target found for /Users/admin/datastructure/SortInWave/sortInWave.java. Using presentation compiler with project's scala-library version: 3.3.5
2025.02.18 11:43:13 INFO  no build target found for /Users/admin/datastructure/SortInWave/sortInWave.java. Using presentation compiler with project's scala-library version: 3.3.5
Feb 18, 2025 11:43:13 A.M. scala.meta.internal.pc.CompilerAccess handleError
SEVERE: A severe compiler error occurred, full details of the error can be found in the error report /Users/admin/datastructure/.metals/.reports/metals-full/2025-02-18/r_compiler-error_11-43-13-169.md
2025.02.18 11:43:12 INFO  no build target found for /Users/admin/datastructure/SortInWave/sortInWave.java. Using presentation compiler with project's scala-library version: 3.3.5
2025.02.18 11:43:12 INFO  no build target found for /Users/admin/datastructure/SortInWave/sortInWave.java. Using presentation compiler with project's scala-library version: 3.3.5
2025.02.18 11:43:13 INFO  no build target found for /Users/admin/datastructure/SortInWave/sortInWave.java. Using presentation compiler with project's scala-library version: 3.3.5
Feb 18, 2025 11:43:13 A.M. scala.meta.internal.pc.CompilerAccess handleError
SEVERE: A severe compiler error occurred, full details of the error can be found in the error report /Users/admin/datastructure/.metals/.reports/metals-full/2025-02-18/r_compiler-error_11-43-13-761.md
2025.02.18 11:43:13 INFO  no build target found for /Users/admin/datastructure/SortInWave/sortInWave.java. Using presentation compiler with project's scala-library version: 3.3.5
2025.02.18 11:43:14 INFO  no build target found for /Users/admin/datastructure/SortInWave/sortInWave.java. Using presentation compiler with project's scala-library version: 3.3.5
Feb 18, 2025 11:43:14 A.M. scala.meta.internal.pc.CompilerAccess handleError
SEVERE: A severe compiler error occurred, full details of the error can be found in the error report /Users/admin/datastructure/.metals/.reports/metals-full/2025-02-18/r_compiler-error_11-43-14-349.md
2025.02.18 11:43:15 INFO  no build target found for /Users/admin/datastructure/SortInWave/sortInWave.java. Using presentation compiler with project's scala-library version: 3.3.5
2025.02.18 11:43:15 INFO  no build target found for /Users/admin/datastructure/SortInWave/sortInWave.java. Using presentation compiler with project's scala-library version: 3.3.5
Feb 18, 2025 11:43:15 A.M. scala.meta.internal.pc.CompilerAccess handleError
SEVERE: A severe compiler error occurred, full details of the error can be found in the error report /Users/admin/datastructure/.metals/.reports/metals-full/2025-02-18/r_compiler-error_11-43-15-984.md
2025.02.18 11:43:15 INFO  no build target found for /Users/admin/datastructure/SortInWave/sortInWave.java. Using presentation compiler with project's scala-library version: 3.3.5
2025.02.18 11:43:15 INFO  no build target found for /Users/admin/datastructure/SortInWave/sortInWave.java. Using presentation compiler with project's scala-library version: 3.3.5
2025.02.18 11:43:16 INFO  no build target found for /Users/admin/datastructure/SortInWave/sortInWave.java. Using presentation compiler with project's scala-library version: 3.3.5
Feb 18, 2025 11:43:16 A.M. scala.meta.internal.pc.CompilerAccess handleError
SEVERE: A severe compiler error occurred, full details of the error can be found in the error report /Users/admin/datastructure/.metals/.reports/metals-full/2025-02-18/r_compiler-error_11-43-16-599.md
2025.02.18 11:43:16 INFO  no build target found for /Users/admin/datastructure/SortInWave/sortInWave.java. Using presentation compiler with project's scala-library version: 3.3.5
2025.02.18 11:43:17 INFO  no build target found for /Users/admin/datastructure/SortInWave/sortInWave.java. Using presentation compiler with project's scala-library version: 3.3.5
Feb 18, 2025 11:43:17 A.M. scala.meta.internal.pc.CompilerAccess handleError
SEVERE: A severe compiler error occurred, full details of the error can be found in the error report /Users/admin/datastructure/.metals/.reports/metals-full/2025-02-18/r_compiler-error_11-43-17-178.md
2025.02.18 11:43:16 INFO  no build target found for /Users/admin/datastructure/SortInWave/sortInWave.java. Using presentation compiler with project's scala-library version: 3.3.5
2025.02.18 11:43:17 INFO  no build target found for /Users/admin/datastructure/SortInWave/sortInWave.java. Using presentation compiler with project's scala-library version: 3.3.5
Feb 18, 2025 11:43:17 A.M. scala.meta.internal.pc.CompilerAccess handleError
SEVERE: A severe compiler error occurred, full details of the error can be found in the error report /Users/admin/datastructure/.metals/.reports/metals-full/2025-02-18/r_compiler-error_11-43-17-907.md
2025.02.18 11:43:16 INFO  no build target found for /Users/admin/datastructure/SortInWave/sortInWave.java. Using presentation compiler with project's scala-library version: 3.3.5
2025.02.18 11:43:18 INFO  no build target found for /Users/admin/datastructure/SortInWave/sortInWave.java. Using presentation compiler with project's scala-library version: 3.3.5
2025.02.18 11:43:18 INFO  no build target found for /Users/admin/datastructure/SortInWave/sortInWave.java. Using presentation compiler with project's scala-library version: 3.3.5
Feb 18, 2025 11:43:18 A.M. scala.meta.internal.pc.CompilerAccess handleError
SEVERE: A severe compiler error occurred, full details of the error can be found in the error report /Users/admin/datastructure/.metals/.reports/metals-full/2025-02-18/r_compiler-error_11-43-18-561.md
2025.02.18 11:43:18 INFO  no build target found for /Users/admin/datastructure/SortInWave/sortInWave.java. Using presentation compiler with project's scala-library version: 3.3.5
2025.02.18 11:43:18 INFO  no build target found for /Users/admin/datastructure/SortInWave/sortInWave.java. Using presentation compiler with project's scala-library version: 3.3.5
Feb 18, 2025 11:43:19 A.M. scala.meta.internal.pc.CompilerAccess handleError
SEVERE: A severe compiler error occurred, full details of the error can be found in the error report /Users/admin/datastructure/.metals/.reports/metals-full/2025-02-18/r_compiler-error_11-43-19-021.md
2025.02.18 11:43:19 INFO  no build target found for /Users/admin/datastructure/SortInWave/sortInWave.java. Using presentation compiler with project's scala-library version: 3.3.5
2025.02.18 11:43:19 INFO  no build target found for /Users/admin/datastructure/SortInWave/sortInWave.java. Using presentation compiler with project's scala-library version: 3.3.5
Feb 18, 2025 11:43:19 A.M. scala.meta.internal.pc.CompilerAccess handleError
SEVERE: A severe compiler error occurred, full details of the error can be found in the error report /Users/admin/datastructure/.metals/.reports/metals-full/2025-02-18/r_compiler-error_11-43-19-849.md
2025.02.18 11:43:19 INFO  no build target found for /Users/admin/datastructure/SortInWave/sortInWave.java. Using presentation compiler with project's scala-library version: 3.3.5
2025.02.18 11:43:20 INFO  no build target found for /Users/admin/datastructure/SortInWave/sortInWave.java. Using presentation compiler with project's scala-library version: 3.3.5
Feb 18, 2025 11:43:20 A.M. scala.meta.internal.pc.CompilerAccess handleError
SEVERE: A severe compiler error occurred, full details of the error can be found in the error report /Users/admin/datastructure/.metals/.reports/metals-full/2025-02-18/r_compiler-error_11-43-20-387.md
2025.02.18 11:43:20 INFO  no build target found for /Users/admin/datastructure/SortInWave/sortInWave.java. Using presentation compiler with project's scala-library version: 3.3.5
2025.02.18 11:43:20 INFO  no build target found for /Users/admin/datastructure/SortInWave/sortInWave.java. Using presentation compiler with project's scala-library version: 3.3.5
2025.02.18 11:43:20 INFO  no build target found for /Users/admin/datastructure/SortInWave/sortInWave.java. Using presentation compiler with project's scala-library version: 3.3.5
Feb 18, 2025 11:43:20 A.M. scala.meta.internal.pc.CompilerAccess handleError
SEVERE: A severe compiler error occurred, full details of the error can be found in the error report /Users/admin/datastructure/.metals/.reports/metals-full/2025-02-18/r_compiler-error_11-43-20-975.md
2025.02.18 11:43:20 INFO  no build target found for /Users/admin/datastructure/SortInWave/sortInWave.java. Using presentation compiler with project's scala-library version: 3.3.5
2025.02.18 11:43:21 INFO  no build target found for /Users/admin/datastructure/SortInWave/sortInWave.java. Using presentation compiler with project's scala-library version: 3.3.5
Feb 18, 2025 11:43:21 A.M. scala.meta.internal.pc.CompilerAccess handleError
SEVERE: A severe compiler error occurred, full details of the error can be found in the error report /Users/admin/datastructure/.metals/.reports/metals-full/2025-02-18/r_compiler-error_11-43-21-555.md
2025.02.18 11:43:24 INFO  no build target found for /Users/admin/datastructure/SortInWave/sortInWave.java. Using presentation compiler with project's scala-library version: 3.3.5
2025.02.18 11:43:24 INFO  no build target found for /Users/admin/datastructure/SortInWave/sortInWave.java. Using presentation compiler with project's scala-library version: 3.3.5
Feb 18, 2025 11:43:24 A.M. scala.meta.internal.pc.CompilerAccess handleError
SEVERE: A severe compiler error occurred, full details of the error can be found in the error report /Users/admin/datastructure/.metals/.reports/metals-full/2025-02-18/r_compiler-error_11-43-24-612.md
2025.02.18 11:43:24 INFO  no build target found for /Users/admin/datastructure/SortInWave/sortInWave.java. Using presentation compiler with project's scala-library version: 3.3.5
2025.02.18 11:43:25 INFO  no build target found for /Users/admin/datastructure/SortInWave/sortInWave.java. Using presentation compiler with project's scala-library version: 3.3.5
Feb 18, 2025 11:43:25 A.M. scala.meta.internal.pc.CompilerAccess handleError
SEVERE: A severe compiler error occurred, full details of the error can be found in the error report /Users/admin/datastructure/.metals/.reports/metals-full/2025-02-18/r_compiler-error_11-43-25-211.md
2025.02.18 11:43:26 INFO  no build target found for /Users/admin/datastructure/SortInWave/sortInWave.java. Using presentation compiler with project's scala-library version: 3.3.5
2025.02.18 11:43:26 INFO  no build target found for /Users/admin/datastructure/SortInWave/sortInWave.java. Using presentation compiler with project's scala-library version: 3.3.5
Feb 18, 2025 11:43:26 A.M. scala.meta.internal.pc.CompilerAccess handleError
SEVERE: A severe compiler error occurred, full details of the error can be found in the error report /Users/admin/datastructure/.metals/.reports/metals-full/2025-02-18/r_compiler-error_11-43-26-734.md
2025.02.18 11:43:26 INFO  no build target found for /Users/admin/datastructure/SortInWave/sortInWave.java. Using presentation compiler with project's scala-library version: 3.3.5
2025.02.18 11:43:26 INFO  no build target found for /Users/admin/datastructure/SortInWave/sortInWave.java. Using presentation compiler with project's scala-library version: 3.3.5
2025.02.18 11:43:27 INFO  no build target found for /Users/admin/datastructure/SortInWave/sortInWave.java. Using presentation compiler with project's scala-library version: 3.3.5
Feb 18, 2025 11:43:27 A.M. scala.meta.internal.pc.CompilerAccess handleError
SEVERE: A severe compiler error occurred, full details of the error can be found in the error report /Users/admin/datastructure/.metals/.reports/metals-full/2025-02-18/r_compiler-error_11-43-27-366.md
2025.02.18 11:43:27 INFO  no build target found for /Users/admin/datastructure/SortInWave/sortInWave.java. Using presentation compiler with project's scala-library version: 3.3.5
2025.02.18 11:43:27 INFO  no build target found for /Users/admin/datastructure/SortInWave/sortInWave.java. Using presentation compiler with project's scala-library version: 3.3.5
2025.02.18 11:43:27 INFO  no build target found for /Users/admin/datastructure/SortInWave/sortInWave.java. Using presentation compiler with project's scala-library version: 3.3.5
Feb 18, 2025 11:43:28 A.M. scala.meta.internal.pc.CompilerAccess handleError
SEVERE: A severe compiler error occurred, full details of the error can be found in the error report /Users/admin/datastructure/.metals/.reports/metals-full/2025-02-18/r_compiler-error_11-43-28-078.md
2025.02.18 11:43:41 INFO  no build target found for /Users/admin/datastructure/SortInWave/sortInWave.java. Using presentation compiler with project's scala-library version: 3.3.5
Feb 18, 2025 11:43:42 A.M. scala.meta.internal.pc.CompilerAccess handleError
SEVERE: A severe compiler error occurred, full details of the error can be found in the error report /Users/admin/datastructure/.metals/.reports/metals-full/2025-02-18/r_compiler-error_11-43-42-012.md
2025.02.18 11:43:41 INFO  no build target found for /Users/admin/datastructure/SortInWave/sortInWave.java. Using presentation compiler with project's scala-library version: 3.3.5
Feb 18, 2025 11:43:42 A.M. scala.meta.internal.pc.CompilerAccess handleError
SEVERE: A severe compiler error occurred, full details of the error can be found in the error report /Users/admin/datastructure/.metals/.reports/metals-full/2025-02-18/r_compiler-error_11-43-42-606.md
2025.02.18 11:43:43 INFO  no build target found for /Users/admin/datastructure/SortInWave/sortInWave.java. Using presentation compiler with project's scala-library version: 3.3.5
2025.02.18 11:43:43 INFO  no build target found for /Users/admin/datastructure/SortInWave/sortInWave.java. Using presentation compiler with project's scala-library version: 3.3.5
2025.02.18 11:43:43 INFO  no build target found for /Users/admin/datastructure/SortInWave/sortInWave.java. Using presentation compiler with project's scala-library version: 3.3.5
2025.02.18 11:43:44 INFO  no build target found for /Users/admin/datastructure/SortInWave/sortInWave.java. Using presentation compiler with project's scala-library version: 3.3.5
2025.02.18 11:43:48 INFO  no build target found for /Users/admin/datastructure/SortInWave/sortInWave.java. Using presentation compiler with project's scala-library version: 3.3.5
Feb 18, 2025 11:43:49 A.M. scala.meta.internal.pc.CompilerAccess handleError
SEVERE: A severe compiler error occurred, full details of the error can be found in the error report /Users/admin/datastructure/.metals/.reports/metals-full/2025-02-18/r_compiler-error_11-43-49-087.md
2025.02.18 11:43:48 INFO  no build target found for /Users/admin/datastructure/SortInWave/sortInWave.java. Using presentation compiler with project's scala-library version: 3.3.5
Feb 18, 2025 11:43:49 A.M. scala.meta.internal.pc.CompilerAccess handleError
SEVERE: A severe compiler error occurred, full details of the error can be found in the error report /Users/admin/datastructure/.metals/.reports/metals-full/2025-02-18/r_compiler-error_11-43-49-733.md
2025.02.18 11:43:48 INFO  no build target found for /Users/admin/datastructure/SortInWave/sortInWave.java. Using presentation compiler with project's scala-library version: 3.3.5
Feb 18, 2025 11:43:50 A.M. scala.meta.internal.pc.CompilerAccess handleError
SEVERE: A severe compiler error occurred, full details of the error can be found in the error report /Users/admin/datastructure/.metals/.reports/metals-full/2025-02-18/r_compiler-error_11-43-50-019.md
2025.02.18 11:43:50 INFO  no build target found for /Users/admin/datastructure/SortInWave/sortInWave.java. Using presentation compiler with project's scala-library version: 3.3.5
2025.02.18 11:43:50 INFO  no build target found for /Users/admin/datastructure/SortInWave/sortInWave.java. Using presentation compiler with project's scala-library version: 3.3.5
Feb 18, 2025 11:43:50 A.M. scala.meta.internal.pc.CompilerAccess handleError
SEVERE: A severe compiler error occurred, full details of the error can be found in the error report /Users/admin/datastructure/.metals/.reports/metals-full/2025-02-18/r_compiler-error_11-43-50-325.md
2025.02.18 11:43:51 INFO  no build target found for /Users/admin/datastructure/SortInWave/sortInWave.java. Using presentation compiler with project's scala-library version: 3.3.5
Feb 18, 2025 11:43:51 A.M. scala.meta.internal.pc.CompilerAccess handleError
SEVERE: A severe compiler error occurred, full details of the error can be found in the error report /Users/admin/datastructure/.metals/.reports/metals-full/2025-02-18/r_compiler-error_11-43-51-655.md
2025.02.18 11:43:51 INFO  no build target found for /Users/admin/datastructure/SortInWave/sortInWave.java. Using presentation compiler with project's scala-library version: 3.3.5
2025.02.18 11:43:52 INFO  no build target found for /Users/admin/datastructure/SortInWave/sortInWave.java. Using presentation compiler with project's scala-library version: 3.3.5
Feb 18, 2025 11:43:52 A.M. scala.meta.internal.pc.CompilerAccess handleError
SEVERE: A severe compiler error occurred, full details of the error can be found in the error report /Users/admin/datastructure/.metals/.reports/metals-full/2025-02-18/r_compiler-error_11-43-52-826.md
2025.02.18 11:43:52 INFO  no build target found for /Users/admin/datastructure/SortInWave/sortInWave.java. Using presentation compiler with project's scala-library version: 3.3.5
2025.02.18 11:43:54 INFO  no build target found for /Users/admin/datastructure/SortInWave/sortInWave.java. Using presentation compiler with project's scala-library version: 3.3.5
2025.02.18 11:43:54 INFO  no build target found for /Users/admin/datastructure/SortInWave/sortInWave.java. Using presentation compiler with project's scala-library version: 3.3.5
2025.02.18 11:43:57 INFO  no build target found for /Users/admin/datastructure/SortInWave/sortInWave.java. Using presentation compiler with project's scala-library version: 3.3.5
Feb 18, 2025 11:43:57 A.M. scala.meta.internal.pc.CompilerAccess handleError
SEVERE: A severe compiler error occurred, full details of the error can be found in the error report /Users/admin/datastructure/.metals/.reports/metals-full/2025-02-18/r_compiler-error_11-43-57-995.md
2025.02.18 11:43:59 INFO  no build target found for /Users/admin/datastructure/SortInWave/sortInWave.java. Using presentation compiler with project's scala-library version: 3.3.5
2025.02.18 11:44:01 INFO  no build target found for /Users/admin/datastructure/SortInWave/sortInWave.java. Using presentation compiler with project's scala-library version: 3.3.5
Feb 18, 2025 11:44:01 A.M. scala.meta.internal.pc.CompilerAccess handleError
SEVERE: A severe compiler error occurred, full details of the error can be found in the error report /Users/admin/datastructure/.metals/.reports/metals-full/2025-02-18/r_compiler-error_11-44-01-319.md
2025.02.18 11:44:01 INFO  no build target found for /Users/admin/datastructure/SortInWave/sortInWave.java. Using presentation compiler with project's scala-library version: 3.3.5
Feb 18, 2025 11:44:02 A.M. scala.meta.internal.pc.CompilerAccess handleError
SEVERE: A severe compiler error occurred, full details of the error can be found in the error report /Users/admin/datastructure/.metals/.reports/metals-full/2025-02-18/r_compiler-error_11-44-02-205.md
2025.02.18 11:44:05 INFO  no build target found for /Users/admin/datastructure/SortInWave/sortInWave.java. Using presentation compiler with project's scala-library version: 3.3.5
2025.02.18 11:44:05 INFO  no build target found for /Users/admin/datastructure/SortInWave/sortInWave.java. Using presentation compiler with project's scala-library version: 3.3.5
2025.02.18 11:44:05 INFO  no build target found for /Users/admin/datastructure/SortInWave/sortInWave.java. Using presentation compiler with project's scala-library version: 3.3.5
Feb 18, 2025 11:44:05 A.M. scala.meta.internal.pc.CompilerAccess handleError
SEVERE: A severe compiler error occurred, full details of the error can be found in the error report /Users/admin/datastructure/.metals/.reports/metals-full/2025-02-18/r_compiler-error_11-44-05-269.md
2025.02.18 11:44:07 INFO  no build target found for /Users/admin/datastructure/SortInWave/sortInWave.java. Using presentation compiler with project's scala-library version: 3.3.5
2025.02.18 11:44:07 INFO  no build target found for /Users/admin/datastructure/SortInWave/sortInWave.java. Using presentation compiler with project's scala-library version: 3.3.5
2025.02.18 11:44:07 INFO  no build target found for /Users/admin/datastructure/SortInWave/sortInWave.java. Using presentation compiler with project's scala-library version: 3.3.5
Feb 18, 2025 11:44:07 A.M. scala.meta.internal.pc.CompilerAccess handleError
SEVERE: A severe compiler error occurred, full details of the error can be found in the error report /Users/admin/datastructure/.metals/.reports/metals-full/2025-02-18/r_compiler-error_11-44-07-687.md
2025.02.18 11:44:08 INFO  no build target found for /Users/admin/datastructure/SortInWave/sortInWave.java. Using presentation compiler with project's scala-library version: 3.3.5
2025.02.18 11:44:08 INFO  no build target found for /Users/admin/datastructure/SortInWave/sortInWave.java. Using presentation compiler with project's scala-library version: 3.3.5
Feb 18, 2025 11:44:08 A.M. scala.meta.internal.pc.CompilerAccess handleError
SEVERE: A severe compiler error occurred, full details of the error can be found in the error report /Users/admin/datastructure/.metals/.reports/metals-full/2025-02-18/r_compiler-error_11-44-08-574.md
2025.02.18 11:44:10 INFO  no build target found for /Users/admin/datastructure/SortInWave/sortInWave.java. Using presentation compiler with project's scala-library version: 3.3.5
2025.02.18 11:44:10 INFO  no build target found for /Users/admin/datastructure/SortInWave/sortInWave.java. Using presentation compiler with project's scala-library version: 3.3.5
2025.02.18 11:44:10 INFO  no build target found for /Users/admin/datastructure/SortInWave/sortInWave.java. Using presentation compiler with project's scala-library version: 3.3.5
2025.02.18 11:44:10 INFO  no build target found for /Users/admin/datastructure/SortInWave/sortInWave.java. Using presentation compiler with project's scala-library version: 3.3.5
Feb 18, 2025 11:44:10 A.M. scala.meta.internal.pc.CompilerAccess handleError
SEVERE: A severe compiler error occurred, full details of the error can be found in the error report /Users/admin/datastructure/.metals/.reports/metals-full/2025-02-18/r_compiler-error_11-44-10-490.md
2025.02.18 11:44:10 INFO  no build target found for /Users/admin/datastructure/SortInWave/sortInWave.java. Using presentation compiler with project's scala-library version: 3.3.5
2025.02.18 11:44:10 INFO  no build target found for /Users/admin/datastructure/SortInWave/sortInWave.java. Using presentation compiler with project's scala-library version: 3.3.5
2025.02.18 11:44:11 INFO  no build target found for /Users/admin/datastructure/SortInWave/sortInWave.java. Using presentation compiler with project's scala-library version: 3.3.5
Feb 18, 2025 11:44:11 A.M. scala.meta.internal.pc.CompilerAccess handleError
SEVERE: A severe compiler error occurred, full details of the error can be found in the error report /Users/admin/datastructure/.metals/.reports/metals-full/2025-02-18/r_compiler-error_11-44-11-261.md
2025.02.18 11:44:11 INFO  no build target found for /Users/admin/datastructure/SortInWave/sortInWave.java. Using presentation compiler with project's scala-library version: 3.3.5
2025.02.18 11:44:11 INFO  no build target found for /Users/admin/datastructure/SortInWave/sortInWave.java. Using presentation compiler with project's scala-library version: 3.3.5
Feb 18, 2025 11:44:12 A.M. scala.meta.internal.pc.CompilerAccess handleError
SEVERE: A severe compiler error occurred, full details of the error can be found in the error report /Users/admin/datastructure/.metals/.reports/metals-full/2025-02-18/r_compiler-error_11-44-12-042.md
2025.02.18 11:44:11 INFO  no build target found for /Users/admin/datastructure/SortInWave/sortInWave.java. Using presentation compiler with project's scala-library version: 3.3.5
2025.02.18 11:44:11 INFO  no build target found for /Users/admin/datastructure/SortInWave/sortInWave.java. Using presentation compiler with project's scala-library version: 3.3.5
Feb 18, 2025 11:44:12 A.M. scala.meta.internal.pc.CompilerAccess handleError
SEVERE: A severe compiler error occurred, full details of the error can be found in the error report /Users/admin/datastructure/.metals/.reports/metals-full/2025-02-18/r_compiler-error_11-44-12-688.md
2025.02.18 11:44:11 INFO  no build target found for /Users/admin/datastructure/SortInWave/sortInWave.java. Using presentation compiler with project's scala-library version: 3.3.5
2025.02.18 11:44:13 INFO  no build target found for /Users/admin/datastructure/SortInWave/sortInWave.java. Using presentation compiler with project's scala-library version: 3.3.5
2025.02.18 11:44:13 INFO  no build target found for /Users/admin/datastructure/SortInWave/sortInWave.java. Using presentation compiler with project's scala-library version: 3.3.5
2025.02.18 11:44:13 INFO  no build target found for /Users/admin/datastructure/SortInWave/sortInWave.java. Using presentation compiler with project's scala-library version: 3.3.5
2025.02.18 11:44:13 INFO  no build target found for /Users/admin/datastructure/SortInWave/sortInWave.java. Using presentation compiler with project's scala-library version: 3.3.5
Feb 18, 2025 11:44:13 A.M. scala.meta.internal.pc.CompilerAccess handleError
SEVERE: A severe compiler error occurred, full details of the error can be found in the error report /Users/admin/datastructure/.metals/.reports/metals-full/2025-02-18/r_compiler-error_11-44-13-402.md
2025.02.18 11:44:13 INFO  no build target found for /Users/admin/datastructure/SortInWave/sortInWave.java. Using presentation compiler with project's scala-library version: 3.3.5
2025.02.18 11:44:13 INFO  no build target found for /Users/admin/datastructure/SortInWave/sortInWave.java. Using presentation compiler with project's scala-library version: 3.3.5
2025.02.18 11:44:14 INFO  no build target found for /Users/admin/datastructure/SortInWave/sortInWave.java. Using presentation compiler with project's scala-library version: 3.3.5
Feb 18, 2025 11:44:14 A.M. scala.meta.internal.pc.CompilerAccess handleError
SEVERE: A severe compiler error occurred, full details of the error can be found in the error report /Users/admin/datastructure/.metals/.reports/metals-full/2025-02-18/r_compiler-error_11-44-14-110.md
2025.02.18 11:44:15 INFO  no build target found for /Users/admin/datastructure/SortInWave/sortInWave.java. Using presentation compiler with project's scala-library version: 3.3.5
2025.02.18 11:44:15 INFO  no build target found for /Users/admin/datastructure/SortInWave/sortInWave.java. Using presentation compiler with project's scala-library version: 3.3.5
Feb 18, 2025 11:44:15 A.M. scala.meta.internal.pc.CompilerAccess handleError
SEVERE: A severe compiler error occurred, full details of the error can be found in the error report /Users/admin/datastructure/.metals/.reports/metals-full/2025-02-18/r_compiler-error_11-44-15-236.md
2025.02.18 11:44:15 INFO  no build target found for /Users/admin/datastructure/SortInWave/sortInWave.java. Using presentation compiler with project's scala-library version: 3.3.5
2025.02.18 11:44:15 INFO  no build target found for /Users/admin/datastructure/SortInWave/sortInWave.java. Using presentation compiler with project's scala-library version: 3.3.5
Feb 18, 2025 11:44:15 A.M. scala.meta.internal.pc.CompilerAccess handleError
SEVERE: A severe compiler error occurred, full details of the error can be found in the error report /Users/admin/datastructure/.metals/.reports/metals-full/2025-02-18/r_compiler-error_11-44-15-708.md
2025.02.18 11:44:18 INFO  no build target found for /Users/admin/datastructure/SortInWave/sortInWave.java. Using presentation compiler with project's scala-library version: 3.3.5
2025.02.18 11:44:18 INFO  no build target found for /Users/admin/datastructure/SortInWave/sortInWave.java. Using presentation compiler with project's scala-library version: 3.3.5
Feb 18, 2025 11:44:18 A.M. scala.meta.internal.pc.CompilerAccess handleError
SEVERE: A severe compiler error occurred, full details of the error can be found in the error report /Users/admin/datastructure/.metals/.reports/metals-full/2025-02-18/r_compiler-error_11-44-18-597.md
2025.02.18 11:44:18 INFO  no build target found for /Users/admin/datastructure/SortInWave/sortInWave.java. Using presentation compiler with project's scala-library version: 3.3.5
2025.02.18 11:44:18 INFO  no build target found for /Users/admin/datastructure/SortInWave/sortInWave.java. Using presentation compiler with project's scala-library version: 3.3.5
Feb 18, 2025 11:44:19 A.M. scala.meta.internal.pc.CompilerAccess handleError
SEVERE: A severe compiler error occurred, full details of the error can be found in the error report /Users/admin/datastructure/.metals/.reports/metals-full/2025-02-18/r_compiler-error_11-44-19-072.md
2025.02.18 11:44:22 INFO  no build target found for /Users/admin/datastructure/SortInWave/sortInWave.java. Using presentation compiler with project's scala-library version: 3.3.5
2025.02.18 11:44:22 INFO  no build target found for /Users/admin/datastructure/SortInWave/sortInWave.java. Using presentation compiler with project's scala-library version: 3.3.5
2025.02.18 11:44:22 INFO  no build target found for /Users/admin/datastructure/SortInWave/sortInWave.java. Using presentation compiler with project's scala-library version: 3.3.5
2025.02.18 11:44:22 INFO  no build target found for /Users/admin/datastructure/SortInWave/sortInWave.java. Using presentation compiler with project's scala-library version: 3.3.5
Feb 18, 2025 11:44:22 A.M. scala.meta.internal.pc.CompilerAccess handleError
SEVERE: A severe compiler error occurred, full details of the error can be found in the error report /Users/admin/datastructure/.metals/.reports/metals-full/2025-02-18/r_compiler-error_11-44-22-966.md
2025.02.18 11:44:22 INFO  no build target found for /Users/admin/datastructure/SortInWave/sortInWave.java. Using presentation compiler with project's scala-library version: 3.3.5
2025.02.18 11:44:22 INFO  no build target found for /Users/admin/datastructure/SortInWave/sortInWave.java. Using presentation compiler with project's scala-library version: 3.3.5
Feb 18, 2025 11:44:23 A.M. scala.meta.internal.pc.CompilerAccess handleError
SEVERE: A severe compiler error occurred, full details of the error can be found in the error report /Users/admin/datastructure/.metals/.reports/metals-full/2025-02-18/r_compiler-error_11-44-23-408.md
2025.02.18 11:44:23 INFO  no build target found for /Users/admin/datastructure/SortInWave/sortInWave.java. Using presentation compiler with project's scala-library version: 3.3.5
2025.02.18 11:44:24 INFO  no build target found for /Users/admin/datastructure/SortInWave/sortInWave.java. Using presentation compiler with project's scala-library version: 3.3.5
Feb 18, 2025 11:44:24 A.M. scala.meta.internal.pc.CompilerAccess handleError
SEVERE: A severe compiler error occurred, full details of the error can be found in the error report /Users/admin/datastructure/.metals/.reports/metals-full/2025-02-18/r_compiler-error_11-44-24-075.md
2025.02.18 11:44:23 INFO  no build target found for /Users/admin/datastructure/SortInWave/sortInWave.java. Using presentation compiler with project's scala-library version: 3.3.5
2025.02.18 11:44:24 INFO  no build target found for /Users/admin/datastructure/SortInWave/sortInWave.java. Using presentation compiler with project's scala-library version: 3.3.5
Feb 18, 2025 11:44:24 A.M. scala.meta.internal.pc.CompilerAccess handleError
SEVERE: A severe compiler error occurred, full details of the error can be found in the error report /Users/admin/datastructure/.metals/.reports/metals-full/2025-02-18/r_compiler-error_11-44-24-609.md
2025.02.18 11:44:25 INFO  no build target found for /Users/admin/datastructure/SortInWave/sortInWave.java. Using presentation compiler with project's scala-library version: 3.3.5
2025.02.18 11:44:25 INFO  no build target found for /Users/admin/datastructure/SortInWave/sortInWave.java. Using presentation compiler with project's scala-library version: 3.3.5
Feb 18, 2025 11:44:25 A.M. scala.meta.internal.pc.CompilerAccess handleError
SEVERE: A severe compiler error occurred, full details of the error can be found in the error report /Users/admin/datastructure/.metals/.reports/metals-full/2025-02-18/r_compiler-error_11-44-25-111.md
2025.02.18 11:44:25 INFO  no build target found for /Users/admin/datastructure/SortInWave/sortInWave.java. Using presentation compiler with project's scala-library version: 3.3.5
2025.02.18 11:44:25 INFO  no build target found for /Users/admin/datastructure/SortInWave/sortInWave.java. Using presentation compiler with project's scala-library version: 3.3.5
Feb 18, 2025 11:44:25 A.M. scala.meta.internal.pc.CompilerAccess handleError
SEVERE: A severe compiler error occurred, full details of the error can be found in the error report /Users/admin/datastructure/.metals/.reports/metals-full/2025-02-18/r_compiler-error_11-44-25-711.md
2025.02.18 11:44:25 INFO  no build target found for /Users/admin/datastructure/SortInWave/sortInWave.java. Using presentation compiler with project's scala-library version: 3.3.5
2025.02.18 11:44:26 INFO  no build target found for /Users/admin/datastructure/SortInWave/sortInWave.java. Using presentation compiler with project's scala-library version: 3.3.5
2025.02.18 11:44:26 INFO  no build target found for /Users/admin/datastructure/SortInWave/sortInWave.java. Using presentation compiler with project's scala-library version: 3.3.5
Feb 18, 2025 11:44:26 A.M. scala.meta.internal.pc.CompilerAccess handleError
SEVERE: A severe compiler error occurred, full details of the error can be found in the error report /Users/admin/datastructure/.metals/.reports/metals-full/2025-02-18/r_compiler-error_11-44-26-418.md
2025.02.18 11:44:26 INFO  no build target found for /Users/admin/datastructure/SortInWave/sortInWave.java. Using presentation compiler with project's scala-library version: 3.3.5
2025.02.18 11:44:26 INFO  no build target found for /Users/admin/datastructure/SortInWave/sortInWave.java. Using presentation compiler with project's scala-library version: 3.3.5
2025.02.18 11:44:26 INFO  no build target found for /Users/admin/datastructure/SortInWave/sortInWave.java. Using presentation compiler with project's scala-library version: 3.3.5
Feb 18, 2025 11:44:27 A.M. scala.meta.internal.pc.CompilerAccess handleError
SEVERE: A severe compiler error occurred, full details of the error can be found in the error report /Users/admin/datastructure/.metals/.reports/metals-full/2025-02-18/r_compiler-error_11-44-27-076.md
2025.02.18 11:44:27 INFO  no build target found for /Users/admin/datastructure/SortInWave/sortInWave.java. Using presentation compiler with project's scala-library version: 3.3.5
2025.02.18 11:44:27 INFO  no build target found for /Users/admin/datastructure/SortInWave/sortInWave.java. Using presentation compiler with project's scala-library version: 3.3.5
2025.02.18 11:44:27 INFO  no build target found for /Users/admin/datastructure/SortInWave/sortInWave.java. Using presentation compiler with project's scala-library version: 3.3.5
Feb 18, 2025 11:44:27 A.M. scala.meta.internal.pc.CompilerAccess handleError
SEVERE: A severe compiler error occurred, full details of the error can be found in the error report /Users/admin/datastructure/.metals/.reports/metals-full/2025-02-18/r_compiler-error_11-44-27-565.md
2025.02.18 11:44:27 INFO  no build target found for /Users/admin/datastructure/SortInWave/sortInWave.java. Using presentation compiler with project's scala-library version: 3.3.5
2025.02.18 11:44:27 INFO  no build target found for /Users/admin/datastructure/SortInWave/sortInWave.java. Using presentation compiler with project's scala-library version: 3.3.5
2025.02.18 11:44:27 INFO  no build target found for /Users/admin/datastructure/SortInWave/sortInWave.java. Using presentation compiler with project's scala-library version: 3.3.5
Feb 18, 2025 11:44:28 A.M. scala.meta.internal.pc.CompilerAccess handleError
SEVERE: A severe compiler error occurred, full details of the error can be found in the error report /Users/admin/datastructure/.metals/.reports/metals-full/2025-02-18/r_compiler-error_11-44-28-047.md
2025.02.18 11:44:28 INFO  no build target found for /Users/admin/datastructure/SortInWave/sortInWave.java. Using presentation compiler with project's scala-library version: 3.3.5
2025.02.18 11:44:28 INFO  no build target found for /Users/admin/datastructure/SortInWave/sortInWave.java. Using presentation compiler with project's scala-library version: 3.3.5
Feb 18, 2025 11:44:28 A.M. scala.meta.internal.pc.CompilerAccess handleError
SEVERE: A severe compiler error occurred, full details of the error can be found in the error report /Users/admin/datastructure/.metals/.reports/metals-full/2025-02-18/r_compiler-error_11-44-28-829.md
2025.02.18 11:44:30 INFO  no build target found for /Users/admin/datastructure/SortInWave/sortInWave.java. Using presentation compiler with project's scala-library version: 3.3.5
2025.02.18 11:44:30 INFO  no build target found for /Users/admin/datastructure/SortInWave/sortInWave.java. Using presentation compiler with project's scala-library version: 3.3.5
2025.02.18 11:44:30 INFO  no build target found for /Users/admin/datastructure/SortInWave/sortInWave.java. Using presentation compiler with project's scala-library version: 3.3.5
2025.02.18 11:44:30 INFO  no build target found for /Users/admin/datastructure/SortInWave/sortInWave.java. Using presentation compiler with project's scala-library version: 3.3.5
Feb 18, 2025 11:44:30 A.M. scala.meta.internal.pc.CompilerAccess handleError
SEVERE: A severe compiler error occurred, full details of the error can be found in the error report /Users/admin/datastructure/.metals/.reports/metals-full/2025-02-18/r_compiler-error_11-44-30-338.md
2025.02.18 11:44:30 INFO  no build target found for /Users/admin/datastructure/SortInWave/sortInWave.java. Using presentation compiler with project's scala-library version: 3.3.5
2025.02.18 11:44:30 INFO  no build target found for /Users/admin/datastructure/SortInWave/sortInWave.java. Using presentation compiler with project's scala-library version: 3.3.5
Feb 18, 2025 11:44:30 A.M. scala.meta.internal.pc.CompilerAccess handleError
SEVERE: A severe compiler error occurred, full details of the error can be found in the error report /Users/admin/datastructure/.metals/.reports/metals-full/2025-02-18/r_compiler-error_11-44-30-906.md
2025.02.18 11:44:31 INFO  no build target found for /Users/admin/datastructure/SortInWave/sortInWave.java. Using presentation compiler with project's scala-library version: 3.3.5
2025.02.18 11:44:31 INFO  no build target found for /Users/admin/datastructure/SortInWave/sortInWave.java. Using presentation compiler with project's scala-library version: 3.3.5
Feb 18, 2025 11:44:31 A.M. scala.meta.internal.pc.CompilerAccess handleError
SEVERE: A severe compiler error occurred, full details of the error can be found in the error report /Users/admin/datastructure/.metals/.reports/metals-full/2025-02-18/r_compiler-error_11-44-31-464.md
2025.02.18 11:44:31 INFO  no build target found for /Users/admin/datastructure/SortInWave/sortInWave.java. Using presentation compiler with project's scala-library version: 3.3.5
2025.02.18 11:44:31 INFO  no build target found for /Users/admin/datastructure/SortInWave/sortInWave.java. Using presentation compiler with project's scala-library version: 3.3.5
Feb 18, 2025 11:44:32 A.M. scala.meta.internal.pc.CompilerAccess handleError
SEVERE: A severe compiler error occurred, full details of the error can be found in the error report /Users/admin/datastructure/.metals/.reports/metals-full/2025-02-18/r_compiler-error_11-44-31-999.md
2025.02.18 11:44:31 INFO  no build target found for /Users/admin/datastructure/SortInWave/sortInWave.java. Using presentation compiler with project's scala-library version: 3.3.5
2025.02.18 11:44:31 INFO  no build target found for /Users/admin/datastructure/SortInWave/sortInWave.java. Using presentation compiler with project's scala-library version: 3.3.5
2025.02.18 11:44:31 INFO  no build target found for /Users/admin/datastructure/SortInWave/sortInWave.java. Using presentation compiler with project's scala-library version: 3.3.5
2025.02.18 11:44:32 INFO  no build target found for /Users/admin/datastructure/SortInWave/sortInWave.java. Using presentation compiler with project's scala-library version: 3.3.5
Feb 18, 2025 11:44:32 A.M. scala.meta.internal.pc.CompilerAccess handleError
SEVERE: A severe compiler error occurred, full details of the error can be found in the error report /Users/admin/datastructure/.metals/.reports/metals-full/2025-02-18/r_compiler-error_11-44-32-386.md
2025.02.18 11:44:32 INFO  no build target found for /Users/admin/datastructure/SortInWave/sortInWave.java. Using presentation compiler with project's scala-library version: 3.3.5
2025.02.18 11:44:32 INFO  no build target found for /Users/admin/datastructure/SortInWave/sortInWave.java. Using presentation compiler with project's scala-library version: 3.3.5
2025.02.18 11:44:32 INFO  no build target found for /Users/admin/datastructure/SortInWave/sortInWave.java. Using presentation compiler with project's scala-library version: 3.3.5
2025.02.18 11:44:32 INFO  no build target found for /Users/admin/datastructure/SortInWave/sortInWave.java. Using presentation compiler with project's scala-library version: 3.3.5
2025.02.18 11:44:32 INFO  no build target found for /Users/admin/datastructure/SortInWave/sortInWave.java. Using presentation compiler with project's scala-library version: 3.3.5
2025.02.18 11:44:32 INFO  no build target found for /Users/admin/datastructure/SortInWave/sortInWave.java. Using presentation compiler with project's scala-library version: 3.3.5
Feb 18, 2025 11:44:33 A.M. scala.meta.internal.pc.CompilerAccess handleError
SEVERE: A severe compiler error occurred, full details of the error can be found in the error report /Users/admin/datastructure/.metals/.reports/metals-full/2025-02-18/r_compiler-error_11-44-33-480.md
2025.02.18 11:44:33 INFO  no build target found for /Users/admin/datastructure/SortInWave/sortInWave.java. Using presentation compiler with project's scala-library version: 3.3.5
2025.02.18 11:44:34 INFO  no build target found for /Users/admin/datastructure/SortInWave/sortInWave.java. Using presentation compiler with project's scala-library version: 3.3.5
Feb 18, 2025 11:44:34 A.M. scala.meta.internal.pc.CompilerAccess handleError
SEVERE: A severe compiler error occurred, full details of the error can be found in the error report /Users/admin/datastructure/.metals/.reports/metals-full/2025-02-18/r_compiler-error_11-44-34-117.md
2025.02.18 11:44:33 INFO  no build target found for /Users/admin/datastructure/SortInWave/sortInWave.java. Using presentation compiler with project's scala-library version: 3.3.5
2025.02.18 11:44:34 INFO  no build target found for /Users/admin/datastructure/SortInWave/sortInWave.java. Using presentation compiler with project's scala-library version: 3.3.5
Feb 18, 2025 11:44:34 A.M. scala.meta.internal.pc.CompilerAccess handleError
SEVERE: A severe compiler error occurred, full details of the error can be found in the error report /Users/admin/datastructure/.metals/.reports/metals-full/2025-02-18/r_compiler-error_11-44-34-591.md
2025.02.18 11:44:35 INFO  no build target found for /Users/admin/datastructure/SortInWave/sortInWave.java. Using presentation compiler with project's scala-library version: 3.3.5
2025.02.18 11:44:35 INFO  no build target found for /Users/admin/datastructure/SortInWave/sortInWave.java. Using presentation compiler with project's scala-library version: 3.3.5
2025.02.18 11:44:35 INFO  no build target found for /Users/admin/datastructure/SortInWave/sortInWave.java. Using presentation compiler with project's scala-library version: 3.3.5
Feb 18, 2025 11:44:35 A.M. scala.meta.internal.pc.CompilerAccess handleError
SEVERE: A severe compiler error occurred, full details of the error can be found in the error report /Users/admin/datastructure/.metals/.reports/metals-full/2025-02-18/r_compiler-error_11-44-35-725.md
2025.02.18 11:44:35 INFO  no build target found for /Users/admin/datastructure/SortInWave/sortInWave.java. Using presentation compiler with project's scala-library version: 3.3.5
2025.02.18 11:44:35 INFO  no build target found for /Users/admin/datastructure/SortInWave/sortInWave.java. Using presentation compiler with project's scala-library version: 3.3.5
2025.02.18 11:44:36 INFO  no build target found for /Users/admin/datastructure/SortInWave/sortInWave.java. Using presentation compiler with project's scala-library version: 3.3.5
Feb 18, 2025 11:44:36 A.M. scala.meta.internal.pc.CompilerAccess handleError
SEVERE: A severe compiler error occurred, full details of the error can be found in the error report /Users/admin/datastructure/.metals/.reports/metals-full/2025-02-18/r_compiler-error_11-44-36-323.md
2025.02.18 11:44:36 INFO  no build target found for /Users/admin/datastructure/SortInWave/sortInWave.java. Using presentation compiler with project's scala-library version: 3.3.5
2025.02.18 11:44:36 INFO  no build target found for /Users/admin/datastructure/SortInWave/sortInWave.java. Using presentation compiler with project's scala-library version: 3.3.5
2025.02.18 11:44:38 INFO  no build target found for /Users/admin/datastructure/SortInWave/sortInWave.java. Using presentation compiler with project's scala-library version: 3.3.5
2025.02.18 11:44:38 INFO  no build target found for /Users/admin/datastructure/SortInWave/sortInWave.java. Using presentation compiler with project's scala-library version: 3.3.5
2025.02.18 11:44:38 INFO  no build target found for /Users/admin/datastructure/SortInWave/sortInWave.java. Using presentation compiler with project's scala-library version: 3.3.5
Feb 18, 2025 11:44:38 A.M. scala.meta.internal.pc.CompilerAccess handleError
SEVERE: A severe compiler error occurred, full details of the error can be found in the error report /Users/admin/datastructure/.metals/.reports/metals-full/2025-02-18/r_compiler-error_11-44-38-651.md
2025.02.18 11:44:38 INFO  no build target found for /Users/admin/datastructure/SortInWave/sortInWave.java. Using presentation compiler with project's scala-library version: 3.3.5
2025.02.18 11:44:39 INFO  no build target found for /Users/admin/datastructure/SortInWave/sortInWave.java. Using presentation compiler with project's scala-library version: 3.3.5
2025.02.18 11:44:40 INFO  no build target found for /Users/admin/datastructure/SortInWave/sortInWave.java. Using presentation compiler with project's scala-library version: 3.3.5
Feb 18, 2025 11:44:40 A.M. scala.meta.internal.pc.CompilerAccess handleError
SEVERE: A severe compiler error occurred, full details of the error can be found in the error report /Users/admin/datastructure/.metals/.reports/metals-full/2025-02-18/r_compiler-error_11-44-40-221.md
2025.02.18 11:44:42 INFO  no build target found for /Users/admin/datastructure/SortInWave/sortInWave.java. Using presentation compiler with project's scala-library version: 3.3.5
2025.02.18 11:44:42 INFO  no build target found for /Users/admin/datastructure/SortInWave/sortInWave.java. Using presentation compiler with project's scala-library version: 3.3.5
Feb 18, 2025 11:44:43 A.M. scala.meta.internal.pc.CompilerAccess handleError
SEVERE: A severe compiler error occurred, full details of the error can be found in the error report /Users/admin/datastructure/.metals/.reports/metals-full/2025-02-18/r_compiler-error_11-44-43-030.md
2025.02.18 11:44:42 INFO  no build target found for /Users/admin/datastructure/SortInWave/sortInWave.java. Using presentation compiler with project's scala-library version: 3.3.5
2025.02.18 11:44:42 INFO  no build target found for /Users/admin/datastructure/SortInWave/sortInWave.java. Using presentation compiler with project's scala-library version: 3.3.5
2025.02.18 11:44:42 INFO  no build target found for /Users/admin/datastructure/SortInWave/sortInWave.java. Using presentation compiler with project's scala-library version: 3.3.5
Feb 18, 2025 11:44:43 A.M. scala.meta.internal.pc.CompilerAccess handleError
SEVERE: A severe compiler error occurred, full details of the error can be found in the error report /Users/admin/datastructure/.metals/.reports/metals-full/2025-02-18/r_compiler-error_11-44-43-607.md
2025.02.18 11:44:43 INFO  no build target found for /Users/admin/datastructure/SortInWave/sortInWave.java. Using presentation compiler with project's scala-library version: 3.3.5
2025.02.18 11:44:43 INFO  no build target found for /Users/admin/datastructure/SortInWave/sortInWave.java. Using presentation compiler with project's scala-library version: 3.3.5
2025.02.18 11:44:44 INFO  no build target found for /Users/admin/datastructure/SortInWave/sortInWave.java. Using presentation compiler with project's scala-library version: 3.3.5
Feb 18, 2025 11:44:44 A.M. scala.meta.internal.pc.CompilerAccess handleError
SEVERE: A severe compiler error occurred, full details of the error can be found in the error report /Users/admin/datastructure/.metals/.reports/metals-full/2025-02-18/r_compiler-error_11-44-44-261.md
2025.02.18 11:44:43 INFO  no build target found for /Users/admin/datastructure/SortInWave/sortInWave.java. Using presentation compiler with project's scala-library version: 3.3.5
2025.02.18 11:44:44 INFO  no build target found for /Users/admin/datastructure/SortInWave/sortInWave.java. Using presentation compiler with project's scala-library version: 3.3.5
Feb 18, 2025 11:44:44 A.M. scala.meta.internal.pc.CompilerAccess handleError
SEVERE: A severe compiler error occurred, full details of the error can be found in the error report /Users/admin/datastructure/.metals/.reports/metals-full/2025-02-18/r_compiler-error_11-44-44-869.md
2025.02.18 11:44:45 INFO  no build target found for /Users/admin/datastructure/SortInWave/sortInWave.java. Using presentation compiler with project's scala-library version: 3.3.5
2025.02.18 11:44:45 INFO  no build target found for /Users/admin/datastructure/SortInWave/sortInWave.java. Using presentation compiler with project's scala-library version: 3.3.5
2025.02.18 11:44:45 INFO  no build target found for /Users/admin/datastructure/SortInWave/sortInWave.java. Using presentation compiler with project's scala-library version: 3.3.5
2025.02.18 11:44:45 INFO  no build target found for /Users/admin/datastructure/SortInWave/sortInWave.java. Using presentation compiler with project's scala-library version: 3.3.5
Feb 18, 2025 11:44:45 A.M. scala.meta.internal.pc.CompilerAccess handleError
SEVERE: A severe compiler error occurred, full details of the error can be found in the error report /Users/admin/datastructure/.metals/.reports/metals-full/2025-02-18/r_compiler-error_11-44-45-548.md
2025.02.18 11:44:45 INFO  no build target found for /Users/admin/datastructure/SortInWave/sortInWave.java. Using presentation compiler with project's scala-library version: 3.3.5
2025.02.18 11:44:46 INFO  no build target found for /Users/admin/datastructure/SortInWave/sortInWave.java. Using presentation compiler with project's scala-library version: 3.3.5
Feb 18, 2025 11:44:46 A.M. scala.meta.internal.pc.CompilerAccess handleError
SEVERE: A severe compiler error occurred, full details of the error can be found in the error report /Users/admin/datastructure/.metals/.reports/metals-full/2025-02-18/r_compiler-error_11-44-46-177.md
2025.02.18 11:44:45 INFO  no build target found for /Users/admin/datastructure/SortInWave/sortInWave.java. Using presentation compiler with project's scala-library version: 3.3.5
2025.02.18 11:44:47 INFO  no build target found for /Users/admin/datastructure/SortInWave/sortInWave.java. Using presentation compiler with project's scala-library version: 3.3.5
Feb 18, 2025 11:44:47 A.M. scala.meta.internal.pc.CompilerAccess handleError
SEVERE: A severe compiler error occurred, full details of the error can be found in the error report /Users/admin/datastructure/.metals/.reports/metals-full/2025-02-18/r_compiler-error_11-44-47-172.md
2025.02.18 11:44:47 INFO  no build target found for /Users/admin/datastructure/SortInWave/sortInWave.java. Using presentation compiler with project's scala-library version: 3.3.5
Feb 18, 2025 11:44:47 A.M. scala.meta.internal.pc.CompilerAccess handleError
SEVERE: A severe compiler error occurred, full details of the error can be found in the error report /Users/admin/datastructure/.metals/.reports/metals-full/2025-02-18/r_compiler-error_11-44-47-378.md
2025.02.18 11:44:48 INFO  no build target found for /Users/admin/datastructure/SortInWave/sortInWave.java. Using presentation compiler with project's scala-library version: 3.3.5
2025.02.18 11:44:48 INFO  no build target found for /Users/admin/datastructure/SortInWave/sortInWave.java. Using presentation compiler with project's scala-library version: 3.3.5
2025.02.18 11:44:49 INFO  no build target found for /Users/admin/datastructure/SortInWave/sortInWave.scala. Using presentation compiler with project's scala-library version: 3.3.5
2025.02.18 11:44:49 WARN  no build target for: /Users/admin/datastructure/SortInWave/sortInWave.scala
2025.02.18 11:44:49 INFO  no build target found for /Users/admin/datastructure/SortInWave/sortInWave.scala. Using presentation compiler with project's scala-library version: 3.3.5
2025.02.18 11:44:50 INFO  no build target found for /Users/admin/datastructure/SortInWave/sortInWave.scala. Using presentation compiler with project's scala-library version: 3.3.5
2025.02.18 11:44:49 INFO  no build target found for /Users/admin/datastructure/SortInWave/sortInWave.scala. Using presentation compiler with project's scala-library version: 3.3.5
2025.02.18 11:44:50 INFO  no build target found for /Users/admin/datastructure/SortInWave/sortInWave.scala. Using presentation compiler with project's scala-library version: 3.3.5
2025.02.18 11:44:50 INFO  no build target found for /Users/admin/datastructure/SortInWave/sortInWave.scala. Using presentation compiler with project's scala-library version: 3.3.5
2025.02.18 11:44:51 INFO  no build target found for /Users/admin/datastructure/SortInWave/sortInWave.java. Using presentation compiler with project's scala-library version: 3.3.5
2025.02.18 11:44:51 WARN  no build target for: /Users/admin/datastructure/SortInWave/sortInWave.java
2025.02.18 11:44:51 INFO  no build target found for /Users/admin/datastructure/SortInWave/sortInWave.java. Using presentation compiler with project's scala-library version: 3.3.5
Feb 18, 2025 11:44:51 A.M. scala.meta.internal.pc.CompilerAccess handleError
SEVERE: A severe compiler error occurred, full details of the error can be found in the error report /Users/admin/datastructure/.metals/.reports/metals-full/2025-02-18/r_compiler-error_11-44-51-830.md
2025.02.18 11:44:51 INFO  no build target found for /Users/admin/datastructure/SortInWave/sortInWave.java. Using presentation compiler with project's scala-library version: 3.3.5
2025.02.18 11:44:51 INFO  no build target found for /Users/admin/datastructure/SortInWave/sortInWave.scala. Using presentation compiler with project's scala-library version: 3.3.5
2025.02.18 11:44:51 INFO  no build target found for /Users/admin/datastructure/SortInWave/sortInWave.scala. Using presentation compiler with project's scala-library version: 3.3.5
2025.02.18 11:44:52 INFO  no build target found for /Users/admin/datastructure/SortInWave/sortInWave.scala. Using presentation compiler with project's scala-library version: 3.3.5
Feb 18, 2025 11:44:56 A.M. org.eclipse.lsp4j.jsonrpc.services.GenericEndpoint notify
INFO: Unsupported notification method: $/setTrace
2025.02.18 11:44:56 INFO  no build target found for /Users/admin/datastructure/SortInWave/sortInWave.scala. Using presentation compiler with project's scala-library version: 3.3.5
2025.02.18 11:44:56 WARN  no build target for: /Users/admin/datastructure/SortInWave/sortInWave.scala
2025.02.18 11:44:56 INFO  no build target found for /Users/admin/datastructure/SortInWave/sortInWave.scala. Using presentation compiler with project's scala-library version: 3.3.5
Feb 18, 2025 11:44:56 A.M. org.eclipse.lsp4j.jsonrpc.RemoteEndpoint handleCancellation
WARNING: Unmatched cancel notification for request id 299
2025.02.18 11:44:56 INFO  no build target found for /Users/admin/datastructure/SortInWave/sortInWave.scala. Using presentation compiler with project's scala-library version: 3.3.5
2025.02.18 11:44:57 INFO  no build target found for /Users/admin/datastructure/SortInWave/sortInWave.scala. Using presentation compiler with project's scala-library version: 3.3.5
2025.02.18 11:44:57 INFO  no build target found for /Users/admin/datastructure/SortInWave/sortInWave.java. Using presentation compiler with project's scala-library version: 3.3.5
2025.02.18 11:44:57 WARN  no build target for: /Users/admin/datastructure/SortInWave/sortInWave.java
2025.02.18 11:44:57 INFO  no build target found for /Users/admin/datastructure/SortInWave/sortInWave.java. Using presentation compiler with project's scala-library version: 3.3.5
Feb 18, 2025 11:44:57 A.M. org.eclipse.lsp4j.jsonrpc.RemoteEndpoint handleCancellation
WARNING: Unmatched cancel notification for request id 309
2025.02.18 11:44:57 INFO  no build target found for /Users/admin/datastructure/SortInWave/sortInWave.java. Using presentation compiler with project's scala-library version: 3.3.5
Feb 18, 2025 11:44:58 A.M. scala.meta.internal.pc.CompilerAccess handleError
SEVERE: A severe compiler error occurred, full details of the error can be found in the error report /Users/admin/datastructure/.metals/.reports/metals-full/2025-02-18/r_compiler-error_11-44-58-122.md
2025.02.18 11:44:59 INFO  no build target found for /Users/admin/datastructure/SortInWave/sortInWave.java. Using presentation compiler with project's scala-library version: 3.3.5
Feb 18, 2025 11:44:59 A.M. scala.meta.internal.pc.CompilerAccess handleError
SEVERE: A severe compiler error occurred, full details of the error can be found in the error report /Users/admin/datastructure/.metals/.reports/metals-full/2025-02-18/r_compiler-error_11-44-59-298.md
2025.02.18 11:44:59 INFO  no build target found for /Users/admin/datastructure/SortInWave/sortInWave.java. Using presentation compiler with project's scala-library version: 3.3.5
2025.02.18 11:44:59 INFO  no build target found for /Users/admin/datastructure/SortInWave/sortInWave.java. Using presentation compiler with project's scala-library version: 3.3.5
Feb 18, 2025 11:45:00 A.M. scala.meta.internal.pc.CompilerAccess handleError
SEVERE: A severe compiler error occurred, full details of the error can be found in the error report /Users/admin/datastructure/.metals/.reports/metals-full/2025-02-18/r_compiler-error_11-45-00-032.md
2025.02.18 11:45:00 INFO  no build target found for /Users/admin/datastructure/SortInWave/sortInWave.java. Using presentation compiler with project's scala-library version: 3.3.5
2025.02.18 11:45:03 INFO  no build target found for /Users/admin/datastructure/SortInWave/sortInWave.scala. Using presentation compiler with project's scala-library version: 3.3.5
2025.02.18 11:45:03 WARN  no build target for: /Users/admin/datastructure/SortInWave/sortInWave.scala
2025.02.18 11:45:03 INFO  no build target found for /Users/admin/datastructure/SortInWave/sortInWave.scala. Using presentation compiler with project's scala-library version: 3.3.5
2025.02.18 11:45:03 INFO  no build target found for /Users/admin/datastructure/SortInWave/sortInWave.scala. Using presentation compiler with project's scala-library version: 3.3.5
2025.02.18 11:45:05 INFO  no build target found for /Users/admin/datastructure/SortInWave/sortInWave.java. Using presentation compiler with project's scala-library version: 3.3.5
2025.02.18 11:45:05 WARN  no build target for: /Users/admin/datastructure/SortInWave/sortInWave.java
2025.02.18 11:45:05 INFO  no build target found for /Users/admin/datastructure/SortInWave/sortInWave.java. Using presentation compiler with project's scala-library version: 3.3.5
Feb 18, 2025 11:45:05 A.M. scala.meta.internal.pc.CompilerAccess handleError
SEVERE: A severe compiler error occurred, full details of the error can be found in the error report /Users/admin/datastructure/.metals/.reports/metals-full/2025-02-18/r_compiler-error_11-45-05-895.md
2025.02.18 11:45:05 INFO  no build target found for /Users/admin/datastructure/SortInWave/sortInWave.java. Using presentation compiler with project's scala-library version: 3.3.5
2025.02.18 11:45:07 INFO  no build target found for /Users/admin/datastructure/SortInWave/sortInWave.java. Using presentation compiler with project's scala-library version: 3.3.5
2025.02.18 11:45:14 INFO  no build target found for /Users/admin/datastructure/SortInWave/sortInWave.scala. Using presentation compiler with project's scala-library version: 3.3.5
2025.02.18 11:45:14 WARN  no build target for: /Users/admin/datastructure/SortInWave/sortInWave.scala
2025.02.18 11:45:14 INFO  no build target found for /Users/admin/datastructure/SortInWave/sortInWave.scala. Using presentation compiler with project's scala-library version: 3.3.5
2025.02.18 11:45:14 INFO  no build target found for /Users/admin/datastructure/SortInWave/sortInWave.scala. Using presentation compiler with project's scala-library version: 3.3.5
2025.02.18 11:45:15 INFO  no build target found for /Users/admin/datastructure/SortInWave/sortInWave.java. Using presentation compiler with project's scala-library version: 3.3.5
2025.02.18 11:45:15 WARN  no build target for: /Users/admin/datastructure/SortInWave/sortInWave.java
2025.02.18 11:45:15 INFO  no build target found for /Users/admin/datastructure/SortInWave/sortInWave.java. Using presentation compiler with project's scala-library version: 3.3.5
Feb 18, 2025 11:45:15 A.M. scala.meta.internal.pc.CompilerAccess handleError
SEVERE: A severe compiler error occurred, full details of the error can be found in the error report /Users/admin/datastructure/.metals/.reports/metals-full/2025-02-18/r_compiler-error_11-45-15-920.md
2025.02.18 11:45:15 INFO  no build target found for /Users/admin/datastructure/SortInWave/sortInWave.java. Using presentation compiler with project's scala-library version: 3.3.5
2025.02.18 11:45:20 INFO  no build target found for /Users/admin/datastructure/SortInWave/sortInWave.java. Using presentation compiler with project's scala-library version: 3.3.5
Feb 18, 2025 11:45:20 A.M. scala.meta.internal.pc.CompilerAccess handleError
SEVERE: A severe compiler error occurred, full details of the error can be found in the error report /Users/admin/datastructure/.metals/.reports/metals-full/2025-02-18/r_compiler-error_11-45-20-434.md
2025.02.18 11:45:20 INFO  no build target found for /Users/admin/datastructure/SortInWave/sortInWave.java. Using presentation compiler with project's scala-library version: 3.3.5
Feb 18, 2025 11:45:21 A.M. scala.meta.internal.pc.CompilerAccess handleError
SEVERE: A severe compiler error occurred, full details of the error can be found in the error report /Users/admin/datastructure/.metals/.reports/metals-full/2025-02-18/r_compiler-error_11-45-21-076.md
2025.02.18 11:45:21 INFO  no build target found for /Users/admin/datastructure/SortInWave/sortInWave.java. Using presentation compiler with project's scala-library version: 3.3.5
2025.02.18 11:45:21 INFO  no build target found for /Users/admin/datastructure/SortInWave/sortInWave.java. Using presentation compiler with project's scala-library version: 3.3.5
2025.02.18 11:45:22 INFO  no build target found for /Users/admin/datastructure/SortInWave/sortInWave.scala. Using presentation compiler with project's scala-library version: 3.3.5
2025.02.18 11:45:22 WARN  no build target for: /Users/admin/datastructure/SortInWave/sortInWave.scala
2025.02.18 11:45:22 INFO  no build target found for /Users/admin/datastructure/SortInWave/sortInWave.scala. Using presentation compiler with project's scala-library version: 3.3.5
2025.02.18 11:45:22 INFO  no build target found for /Users/admin/datastructure/SortInWave/sortInWave.scala. Using presentation compiler with project's scala-library version: 3.3.5
2025.02.18 11:45:22 INFO  no build target found for /Users/admin/datastructure/SortInWave/sortInWave.scala. Using presentation compiler with project's scala-library version: 3.3.5
2025.02.18 11:45:22 INFO  no build target found for /Users/admin/datastructure/SortInWave/sortInWave.scala. Using presentation compiler with project's scala-library version: 3.3.5
2025.02.18 11:45:24 INFO  no build target found for /Users/admin/datastructure/SortInWave/sortInWave.scala. Using presentation compiler with project's scala-library version: 3.3.5
2025.02.18 11:45:24 INFO  no build target found for /Users/admin/datastructure/SortInWave/sortInWave.scala. Using presentation compiler with project's scala-library version: 3.3.5
2025.02.18 11:45:24 INFO  no build target found for /Users/admin/datastructure/SortInWave/sortInWave.scala. Using presentation compiler with project's scala-library version: 3.3.5
2025.02.18 11:45:24 INFO  no build target found for /Users/admin/datastructure/SortInWave/sortInWave.scala. Using presentation compiler with project's scala-library version: 3.3.5
2025.02.18 11:45:24 INFO  no build target found for /Users/admin/datastructure/SortInWave/sortInWave.scala. Using presentation compiler with project's scala-library version: 3.3.5
2025.02.18 11:45:25 INFO  no build target found for /Users/admin/datastructure/SortInWave/sortInWave.scala. Using presentation compiler with project's scala-library version: 3.3.5
2025.02.18 11:45:27 INFO  no build target found for /Users/admin/datastructure/SortInWave/sortInWave.scala. Using presentation compiler with project's scala-library version: 3.3.5
2025.02.18 11:45:27 INFO  no build target found for /Users/admin/datastructure/SortInWave/sortInWave.scala. Using presentation compiler with project's scala-library version: 3.3.5
2025.02.18 11:45:28 INFO  no build target found for /Users/admin/datastructure/SortInWave/sortInWave.scala. Using presentation compiler with project's scala-library version: 3.3.5
2025.02.18 11:45:28 INFO  no build target found for /Users/admin/datastructure/SortInWave/sortInWave.scala. Using presentation compiler with project's scala-library version: 3.3.5
2025.02.18 11:45:28 INFO  no build target found for /Users/admin/datastructure/SortInWave/sortInWave.scala. Using presentation compiler with project's scala-library version: 3.3.5
2025.02.18 11:45:30 INFO  no build target found for /Users/admin/datastructure/SortInWave/sortInWave.scala. Using presentation compiler with project's scala-library version: 3.3.5
2025.02.18 11:45:31 INFO  no build target found for /Users/admin/datastructure/SortInWave/sortInWave.scala. Using presentation compiler with project's scala-library version: 3.3.5
2025.02.18 11:45:31 INFO  no build target found for /Users/admin/datastructure/SortInWave/sortInWave.scala. Using presentation compiler with project's scala-library version: 3.3.5
2025.02.18 11:45:31 INFO  no build target found for /Users/admin/datastructure/SortInWave/sortInWave.scala. Using presentation compiler with project's scala-library version: 3.3.5
2025.02.18 11:45:34 INFO  no build target found for /Users/admin/datastructure/SortInWave/sortInWave.scala. Using presentation compiler with project's scala-library version: 3.3.5
2025.02.18 11:45:34 INFO  no build target found for /Users/admin/datastructure/SortInWave/sortInWave.scala. Using presentation compiler with project's scala-library version: 3.3.5
2025.02.18 11:45:35 INFO  no build target found for /Users/admin/datastructure/SortInWave/sortInWave.scala. Using presentation compiler with project's scala-library version: 3.3.5
2025.02.18 11:45:35 INFO  no build target found for /Users/admin/datastructure/SortInWave/sortInWave.scala. Using presentation compiler with project's scala-library version: 3.3.5
2025.02.18 11:45:35 INFO  no build target found for /Users/admin/datastructure/SortInWave/sortInWave.scala. Using presentation compiler with project's scala-library version: 3.3.5
2025.02.18 11:45:35 INFO  no build target found for /Users/admin/datastructure/SortInWave/sortInWave.scala. Using presentation compiler with project's scala-library version: 3.3.5
2025.02.18 11:45:37 INFO  no build target found for /Users/admin/datastructure/SortInWave/sortInWave.scala. Using presentation compiler with project's scala-library version: 3.3.5
2025.02.18 11:45:37 INFO  no build target found for /Users/admin/datastructure/SortInWave/sortInWave.scala. Using presentation compiler with project's scala-library version: 3.3.5
2025.02.18 11:45:44 INFO  no build target found for /Users/admin/datastructure/SortInWave/sortInWave.java. Using presentation compiler with project's scala-library version: 3.3.5
2025.02.18 11:45:44 WARN  no build target for: /Users/admin/datastructure/SortInWave/sortInWave.java
2025.02.18 11:45:44 INFO  no build target found for /Users/admin/datastructure/SortInWave/sortInWave.java. Using presentation compiler with project's scala-library version: 3.3.5
Feb 18, 2025 11:45:45 A.M. scala.meta.internal.pc.CompilerAccess handleError
SEVERE: A severe compiler error occurred, full details of the error can be found in the error report /Users/admin/datastructure/.metals/.reports/metals-full/2025-02-18/r_compiler-error_11-45-45-069.md
2025.02.18 11:45:44 INFO  no build target found for /Users/admin/datastructure/SortInWave/sortInWave.java. Using presentation compiler with project's scala-library version: 3.3.5
2025.02.18 11:45:44 INFO  no build target found for /Users/admin/datastructure/SortInWave/sortInWave.java. Using presentation compiler with project's scala-library version: 3.3.5
Feb 18, 2025 11:45:45 A.M. scala.meta.internal.pc.CompilerAccess handleError
SEVERE: A severe compiler error occurred, full details of the error can be found in the error report /Users/admin/datastructure/.metals/.reports/metals-full/2025-02-18/r_compiler-error_11-45-45-795.md
2025.02.18 11:45:46 INFO  no build target found for /Users/admin/datastructure/SortInWave/sortInWave.java. Using presentation compiler with project's scala-library version: 3.3.5
Feb 18, 2025 11:45:46 A.M. scala.meta.internal.pc.CompilerAccess handleError
SEVERE: A severe compiler error occurred, full details of the error can be found in the error report /Users/admin/datastructure/.metals/.reports/metals-full/2025-02-18/r_compiler-error_11-45-46-780.md
2025.02.18 11:45:46 INFO  no build target found for /Users/admin/datastructure/SortInWave/sortInWave.java. Using presentation compiler with project's scala-library version: 3.3.5
2025.02.18 11:45:46 INFO  no build target found for /Users/admin/datastructure/SortInWave/sortInWave.java. Using presentation compiler with project's scala-library version: 3.3.5
Feb 18, 2025 11:45:47 A.M. scala.meta.internal.pc.CompilerAccess handleError
SEVERE: A severe compiler error occurred, full details of the error can be found in the error report /Users/admin/datastructure/.metals/.reports/metals-full/2025-02-18/r_compiler-error_11-45-47-132.md
2025.02.18 11:45:47 INFO  no build target found for /Users/admin/datastructure/SortInWave/sortInWave.java. Using presentation compiler with project's scala-library version: 3.3.5
2025.02.18 11:45:47 INFO  no build target found for /Users/admin/datastructure/SortInWave/sortInWave.java. Using presentation compiler with project's scala-library version: 3.3.5
Feb 18, 2025 11:45:48 A.M. scala.meta.internal.pc.CompilerAccess handleError
SEVERE: A severe compiler error occurred, full details of the error can be found in the error report /Users/admin/datastructure/.metals/.reports/metals-full/2025-02-18/r_compiler-error_11-45-48-034.md
2025.02.18 11:45:49 INFO  no build target found for /Users/admin/datastructure/SortInWave/sortInWave.java. Using presentation compiler with project's scala-library version: 3.3.5
2025.02.18 11:45:49 INFO  no build target found for /Users/admin/datastructure/SortInWave/sortInWave.java. Using presentation compiler with project's scala-library version: 3.3.5
Feb 18, 2025 11:45:49 A.M. scala.meta.internal.pc.CompilerAccess handleError
SEVERE: A severe compiler error occurred, full details of the error can be found in the error report /Users/admin/datastructure/.metals/.reports/metals-full/2025-02-18/r_compiler-error_11-45-49-871.md
2025.02.18 11:45:50 INFO  no build target found for /Users/admin/datastructure/SortInWave/sortInWave.java. Using presentation compiler with project's scala-library version: 3.3.5
2025.02.18 11:45:50 INFO  no build target found for /Users/admin/datastructure/SortInWave/sortInWave.java. Using presentation compiler with project's scala-library version: 3.3.5
2025.02.18 11:45:50 INFO  no build target found for /Users/admin/datastructure/SortInWave/sortInWave.java. Using presentation compiler with project's scala-library version: 3.3.5
Feb 18, 2025 11:45:50 A.M. scala.meta.internal.pc.CompilerAccess handleError
SEVERE: A severe compiler error occurred, full details of the error can be found in the error report /Users/admin/datastructure/.metals/.reports/metals-full/2025-02-18/r_compiler-error_11-45-50-817.md
2025.02.18 11:45:50 INFO  no build target found for /Users/admin/datastructure/SortInWave/sortInWave.java. Using presentation compiler with project's scala-library version: 3.3.5
2025.02.18 11:45:50 INFO  no build target found for /Users/admin/datastructure/SortInWave/sortInWave.java. Using presentation compiler with project's scala-library version: 3.3.5
2025.02.18 11:45:51 INFO  no build target found for /Users/admin/datastructure/SortInWave/sortInWave.java. Using presentation compiler with project's scala-library version: 3.3.5
Feb 18, 2025 11:45:51 A.M. scala.meta.internal.pc.CompilerAccess handleError
SEVERE: A severe compiler error occurred, full details of the error can be found in the error report /Users/admin/datastructure/.metals/.reports/metals-full/2025-02-18/r_compiler-error_11-45-51-343.md
2025.02.18 11:45:52 INFO  no build target found for /Users/admin/datastructure/SortInWave/sortInWave.java. Using presentation compiler with project's scala-library version: 3.3.5
2025.02.18 11:45:52 INFO  no build target found for /Users/admin/datastructure/SortInWave/sortInWave.java. Using presentation compiler with project's scala-library version: 3.3.5
Feb 18, 2025 11:45:52 A.M. scala.meta.internal.pc.CompilerAccess handleError
SEVERE: A severe compiler error occurred, full details of the error can be found in the error report /Users/admin/datastructure/.metals/.reports/metals-full/2025-02-18/r_compiler-error_11-45-52-310.md
2025.02.18 11:45:54 INFO  no build target found for /Users/admin/datastructure/SortInWave/sortInWave.java. Using presentation compiler with project's scala-library version: 3.3.5
2025.02.18 11:45:54 INFO  no build target found for /Users/admin/datastructure/SortInWave/sortInWave.java. Using presentation compiler with project's scala-library version: 3.3.5
Feb 18, 2025 11:45:54 A.M. scala.meta.internal.pc.CompilerAccess handleError
SEVERE: A severe compiler error occurred, full details of the error can be found in the error report /Users/admin/datastructure/.metals/.reports/metals-full/2025-02-18/r_compiler-error_11-45-54-344.md
2025.02.18 11:45:54 INFO  no build target found for /Users/admin/datastructure/SortInWave/sortInWave.java. Using presentation compiler with project's scala-library version: 3.3.5
2025.02.18 11:45:54 INFO  no build target found for /Users/admin/datastructure/SortInWave/sortInWave.java. Using presentation compiler with project's scala-library version: 3.3.5
2025.02.18 11:45:54 INFO  no build target found for /Users/admin/datastructure/SortInWave/sortInWave.java. Using presentation compiler with project's scala-library version: 3.3.5
Feb 18, 2025 11:45:54 A.M. scala.meta.internal.pc.CompilerAccess handleError
SEVERE: A severe compiler error occurred, full details of the error can be found in the error report /Users/admin/datastructure/.metals/.reports/metals-full/2025-02-18/r_compiler-error_11-45-54-987.md
2025.02.18 11:45:55 INFO  no build target found for /Users/admin/datastructure/SortInWave/sortInWave.java. Using presentation compiler with project's scala-library version: 3.3.5
2025.02.18 11:45:55 INFO  no build target found for /Users/admin/datastructure/SortInWave/sortInWave.java. Using presentation compiler with project's scala-library version: 3.3.5
Feb 18, 2025 11:45:55 A.M. scala.meta.internal.pc.CompilerAccess handleError
SEVERE: A severe compiler error occurred, full details of the error can be found in the error report /Users/admin/datastructure/.metals/.reports/metals-full/2025-02-18/r_compiler-error_11-45-55-626.md
2025.02.18 11:46:06 INFO  no build target found for /Users/admin/datastructure/SortInWave/sortInWave.java. Using presentation compiler with project's scala-library version: 3.3.5
2025.02.18 11:46:06 INFO  no build target found for /Users/admin/datastructure/SortInWave/sortInWave.java. Using presentation compiler with project's scala-library version: 3.3.5
Feb 18, 2025 11:46:06 A.M. scala.meta.internal.pc.CompilerAccess handleError
SEVERE: A severe compiler error occurred, full details of the error can be found in the error report /Users/admin/datastructure/.metals/.reports/metals-full/2025-02-18/r_compiler-error_11-46-06-784.md
2025.02.18 11:46:06 INFO  no build target found for /Users/admin/datastructure/SortInWave/sortInWave.java. Using presentation compiler with project's scala-library version: 3.3.5
2025.02.18 11:46:06 INFO  no build target found for /Users/admin/datastructure/SortInWave/sortInWave.java. Using presentation compiler with project's scala-library version: 3.3.5
Feb 18, 2025 11:46:07 A.M. scala.meta.internal.pc.CompilerAccess handleError
SEVERE: A severe compiler error occurred, full details of the error can be found in the error report /Users/admin/datastructure/.metals/.reports/metals-full/2025-02-18/r_compiler-error_11-46-07-318.md
2025.02.18 11:46:07 INFO  no build target found for /Users/admin/datastructure/SortInWave/sortInWave.java. Using presentation compiler with project's scala-library version: 3.3.5
2025.02.18 11:46:07 INFO  no build target found for /Users/admin/datastructure/SortInWave/sortInWave.java. Using presentation compiler with project's scala-library version: 3.3.5
Feb 18, 2025 11:46:07 A.M. scala.meta.internal.pc.CompilerAccess handleError
SEVERE: A severe compiler error occurred, full details of the error can be found in the error report /Users/admin/datastructure/.metals/.reports/metals-full/2025-02-18/r_compiler-error_11-46-07-812.md
2025.02.18 11:46:11 INFO  no build target found for /Users/admin/datastructure/SortInWave/sortInWave.java. Using presentation compiler with project's scala-library version: 3.3.5
2025.02.18 11:46:11 INFO  no build target found for /Users/admin/datastructure/SortInWave/sortInWave.java. Using presentation compiler with project's scala-library version: 3.3.5
Feb 18, 2025 11:46:12 A.M. scala.meta.internal.pc.CompilerAccess handleError
SEVERE: A severe compiler error occurred, full details of the error can be found in the error report /Users/admin/datastructure/.metals/.reports/metals-full/2025-02-18/r_compiler-error_11-46-12-008.md
2025.02.18 11:46:11 INFO  no build target found for /Users/admin/datastructure/SortInWave/sortInWave.java. Using presentation compiler with project's scala-library version: 3.3.5
2025.02.18 11:46:11 INFO  no build target found for /Users/admin/datastructure/SortInWave/sortInWave.java. Using presentation compiler with project's scala-library version: 3.3.5
2025.02.18 11:46:11 INFO  no build target found for /Users/admin/datastructure/SortInWave/sortInWave.java. Using presentation compiler with project's scala-library version: 3.3.5
2025.02.18 11:46:12 INFO  no build target found for /Users/admin/datastructure/SortInWave/sortInWave.java. Using presentation compiler with project's scala-library version: 3.3.5
Feb 18, 2025 11:46:12 A.M. scala.meta.internal.pc.CompilerAccess handleError
SEVERE: A severe compiler error occurred, full details of the error can be found in the error report /Users/admin/datastructure/.metals/.reports/metals-full/2025-02-18/r_compiler-error_11-46-12-579.md
2025.02.18 11:46:11 INFO  no build target found for /Users/admin/datastructure/SortInWave/sortInWave.java. Using presentation compiler with project's scala-library version: 3.3.5
2025.02.18 11:46:11 INFO  no build target found for /Users/admin/datastructure/SortInWave/sortInWave.java. Using presentation compiler with project's scala-library version: 3.3.5
2025.02.18 11:46:13 INFO  no build target found for /Users/admin/datastructure/SortInWave/sortInWave.java. Using presentation compiler with project's scala-library version: 3.3.5
2025.02.18 11:46:13 INFO  no build target found for /Users/admin/datastructure/SortInWave/sortInWave.java. Using presentation compiler with project's scala-library version: 3.3.5
Feb 18, 2025 11:46:13 A.M. scala.meta.internal.pc.CompilerAccess handleError
SEVERE: A severe compiler error occurred, full details of the error can be found in the error report /Users/admin/datastructure/.metals/.reports/metals-full/2025-02-18/r_compiler-error_11-46-13-177.md
2025.02.18 11:46:13 INFO  no build target found for /Users/admin/datastructure/SortInWave/sortInWave.java. Using presentation compiler with project's scala-library version: 3.3.5
2025.02.18 11:46:13 INFO  no build target found for /Users/admin/datastructure/SortInWave/sortInWave.java. Using presentation compiler with project's scala-library version: 3.3.5
Feb 18, 2025 11:46:13 A.M. scala.meta.internal.pc.CompilerAccess handleError
SEVERE: A severe compiler error occurred, full details of the error can be found in the error report /Users/admin/datastructure/.metals/.reports/metals-full/2025-02-18/r_compiler-error_11-46-13-770.md
2025.02.18 11:46:13 INFO  no build target found for /Users/admin/datastructure/SortInWave/sortInWave.java. Using presentation compiler with project's scala-library version: 3.3.5
2025.02.18 11:46:15 INFO  no build target found for /Users/admin/datastructure/SortInWave/sortInWave.java. Using presentation compiler with project's scala-library version: 3.3.5
2025.02.18 11:46:16 INFO  no build target found for /Users/admin/datastructure/SortInWave/sortInWave.java. Using presentation compiler with project's scala-library version: 3.3.5
Feb 18, 2025 11:46:16 A.M. scala.meta.internal.pc.CompilerAccess handleError
SEVERE: A severe compiler error occurred, full details of the error can be found in the error report /Users/admin/datastructure/.metals/.reports/metals-full/2025-02-18/r_compiler-error_11-46-16-160.md
2025.02.18 11:46:15 INFO  no build target found for /Users/admin/datastructure/SortInWave/sortInWave.java. Using presentation compiler with project's scala-library version: 3.3.5
2025.02.18 11:46:15 INFO  no build target found for /Users/admin/datastructure/SortInWave/sortInWave.java. Using presentation compiler with project's scala-library version: 3.3.5
2025.02.18 11:46:16 INFO  no build target found for /Users/admin/datastructure/SortInWave/sortInWave.java. Using presentation compiler with project's scala-library version: 3.3.5
Feb 18, 2025 11:46:16 A.M. scala.meta.internal.pc.CompilerAccess handleError
SEVERE: A severe compiler error occurred, full details of the error can be found in the error report /Users/admin/datastructure/.metals/.reports/metals-full/2025-02-18/r_compiler-error_11-46-16-933.md
2025.02.18 11:46:21 INFO  no build target found for /Users/admin/datastructure/SortInWave/sortInWave.java. Using presentation compiler with project's scala-library version: 3.3.5
2025.02.18 11:46:21 INFO  no build target found for /Users/admin/datastructure/SortInWave/sortInWave.java. Using presentation compiler with project's scala-library version: 3.3.5
Feb 18, 2025 11:46:21 A.M. scala.meta.internal.pc.CompilerAccess handleError
SEVERE: A severe compiler error occurred, full details of the error can be found in the error report /Users/admin/datastructure/.metals/.reports/metals-full/2025-02-18/r_compiler-error_11-46-21-207.md
2025.02.18 11:46:21 INFO  no build target found for /Users/admin/datastructure/SortInWave/sortInWave.java. Using presentation compiler with project's scala-library version: 3.3.5
2025.02.18 11:46:21 INFO  no build target found for /Users/admin/datastructure/SortInWave/sortInWave.java. Using presentation compiler with project's scala-library version: 3.3.5
2025.02.18 11:46:21 INFO  no build target found for /Users/admin/datastructure/SortInWave/sortInWave.java. Using presentation compiler with project's scala-library version: 3.3.5
Feb 18, 2025 11:46:21 A.M. scala.meta.internal.pc.CompilerAccess handleError
SEVERE: A severe compiler error occurred, full details of the error can be found in the error report /Users/admin/datastructure/.metals/.reports/metals-full/2025-02-18/r_compiler-error_11-46-21-890.md
2025.02.18 11:46:22 INFO  no build target found for /Users/admin/datastructure/SortInWave/sortInWave.java. Using presentation compiler with project's scala-library version: 3.3.5
2025.02.18 11:46:22 INFO  no build target found for /Users/admin/datastructure/SortInWave/sortInWave.java. Using presentation compiler with project's scala-library version: 3.3.5
2025.02.18 11:46:22 INFO  no build target found for /Users/admin/datastructure/SortInWave/sortInWave.java. Using presentation compiler with project's scala-library version: 3.3.5
2025.02.18 11:46:22 INFO  no build target found for /Users/admin/datastructure/SortInWave/sortInWave.java. Using presentation compiler with project's scala-library version: 3.3.5
Feb 18, 2025 11:46:22 A.M. scala.meta.internal.pc.CompilerAccess handleError
SEVERE: A severe compiler error occurred, full details of the error can be found in the error report /Users/admin/datastructure/.metals/.reports/metals-full/2025-02-18/r_compiler-error_11-46-22-482.md
2025.02.18 11:46:22 INFO  no build target found for /Users/admin/datastructure/SortInWave/sortInWave.java. Using presentation compiler with project's scala-library version: 3.3.5
2025.02.18 11:46:23 INFO  no build target found for /Users/admin/datastructure/SortInWave/sortInWave.java. Using presentation compiler with project's scala-library version: 3.3.5
Feb 18, 2025 11:46:23 A.M. scala.meta.internal.pc.CompilerAccess handleError
SEVERE: A severe compiler error occurred, full details of the error can be found in the error report /Users/admin/datastructure/.metals/.reports/metals-full/2025-02-18/r_compiler-error_11-46-23-095.md
2025.02.18 11:46:23 INFO  no build target found for /Users/admin/datastructure/SortInWave/sortInWave.java. Using presentation compiler with project's scala-library version: 3.3.5
2025.02.18 11:46:23 INFO  no build target found for /Users/admin/datastructure/SortInWave/sortInWave.java. Using presentation compiler with project's scala-library version: 3.3.5
2025.02.18 11:46:23 INFO  no build target found for /Users/admin/datastructure/SortInWave/sortInWave.java. Using presentation compiler with project's scala-library version: 3.3.5
Feb 18, 2025 11:46:23 A.M. scala.meta.internal.pc.CompilerAccess handleError
SEVERE: A severe compiler error occurred, full details of the error can be found in the error report /Users/admin/datastructure/.metals/.reports/metals-full/2025-02-18/r_compiler-error_11-46-23-754.md
2025.02.18 11:46:23 INFO  no build target found for /Users/admin/datastructure/SortInWave/sortInWave.java. Using presentation compiler with project's scala-library version: 3.3.5
2025.02.18 11:46:23 INFO  no build target found for /Users/admin/datastructure/SortInWave/sortInWave.java. Using presentation compiler with project's scala-library version: 3.3.5
2025.02.18 11:46:24 INFO  no build target found for /Users/admin/datastructure/SortInWave/sortInWave.java. Using presentation compiler with project's scala-library version: 3.3.5
Feb 18, 2025 11:46:24 A.M. scala.meta.internal.pc.CompilerAccess handleError
SEVERE: A severe compiler error occurred, full details of the error can be found in the error report /Users/admin/datastructure/.metals/.reports/metals-full/2025-02-18/r_compiler-error_11-46-24-180.md
2025.02.18 11:46:24 INFO  no build target found for /Users/admin/datastructure/SortInWave/sortInWave.java. Using presentation compiler with project's scala-library version: 3.3.5
2025.02.18 11:46:24 INFO  no build target found for /Users/admin/datastructure/SortInWave/sortInWave.java. Using presentation compiler with project's scala-library version: 3.3.5
Feb 18, 2025 11:46:24 A.M. scala.meta.internal.pc.CompilerAccess handleError
SEVERE: A severe compiler error occurred, full details of the error can be found in the error report /Users/admin/datastructure/.metals/.reports/metals-full/2025-02-18/r_compiler-error_11-46-24-947.md
2025.02.18 11:46:24 INFO  no build target found for /Users/admin/datastructure/SortInWave/sortInWave.java. Using presentation compiler with project's scala-library version: 3.3.5
2025.02.18 11:46:25 INFO  no build target found for /Users/admin/datastructure/SortInWave/sortInWave.java. Using presentation compiler with project's scala-library version: 3.3.5
Feb 18, 2025 11:46:25 A.M. scala.meta.internal.pc.CompilerAccess handleError
SEVERE: A severe compiler error occurred, full details of the error can be found in the error report /Users/admin/datastructure/.metals/.reports/metals-full/2025-02-18/r_compiler-error_11-46-25-544.md
2025.02.18 11:46:27 INFO  no build target found for /Users/admin/datastructure/SortInWave/sortInWave.java. Using presentation compiler with project's scala-library version: 3.3.5
2025.02.18 11:46:27 INFO  no build target found for /Users/admin/datastructure/SortInWave/sortInWave.java. Using presentation compiler with project's scala-library version: 3.3.5
Feb 18, 2025 11:46:28 A.M. scala.meta.internal.pc.CompilerAccess handleError
SEVERE: A severe compiler error occurred, full details of the error can be found in the error report /Users/admin/datastructure/.metals/.reports/metals-full/2025-02-18/r_compiler-error_11-46-28-040.md
2025.02.18 11:46:27 INFO  no build target found for /Users/admin/datastructure/SortInWave/sortInWave.java. Using presentation compiler with project's scala-library version: 3.3.5
2025.02.18 11:46:27 INFO  no build target found for /Users/admin/datastructure/SortInWave/sortInWave.java. Using presentation compiler with project's scala-library version: 3.3.5
2025.02.18 11:46:28 INFO  no build target found for /Users/admin/datastructure/SortInWave/sortInWave.java. Using presentation compiler with project's scala-library version: 3.3.5
Feb 18, 2025 11:46:28 A.M. scala.meta.internal.pc.CompilerAccess handleError
SEVERE: A severe compiler error occurred, full details of the error can be found in the error report /Users/admin/datastructure/.metals/.reports/metals-full/2025-02-18/r_compiler-error_11-46-28-610.md
2025.02.18 11:46:28 INFO  no build target found for /Users/admin/datastructure/SortInWave/sortInWave.java. Using presentation compiler with project's scala-library version: 3.3.5
2025.02.18 11:46:29 INFO  no build target found for /Users/admin/datastructure/SortInWave/sortInWave.java. Using presentation compiler with project's scala-library version: 3.3.5
Feb 18, 2025 11:46:29 A.M. scala.meta.internal.pc.CompilerAccess handleError
SEVERE: A severe compiler error occurred, full details of the error can be found in the error report /Users/admin/datastructure/.metals/.reports/metals-full/2025-02-18/r_compiler-error_11-46-29-053.md
2025.02.18 11:46:28 INFO  no build target found for /Users/admin/datastructure/SortInWave/sortInWave.java. Using presentation compiler with project's scala-library version: 3.3.5
2025.02.18 11:46:29 INFO  no build target found for /Users/admin/datastructure/SortInWave/sortInWave.java. Using presentation compiler with project's scala-library version: 3.3.5
Feb 18, 2025 11:46:29 A.M. scala.meta.internal.pc.CompilerAccess handleError
SEVERE: A severe compiler error occurred, full details of the error can be found in the error report /Users/admin/datastructure/.metals/.reports/metals-full/2025-02-18/r_compiler-error_11-46-29-921.md
2025.02.18 11:46:30 INFO  no build target found for /Users/admin/datastructure/SortInWave/sortInWave.java. Using presentation compiler with project's scala-library version: 3.3.5
2025.02.18 11:46:30 INFO  no build target found for /Users/admin/datastructure/SortInWave/sortInWave.java. Using presentation compiler with project's scala-library version: 3.3.5
2025.02.18 11:46:30 INFO  no build target found for /Users/admin/datastructure/SortInWave/sortInWave.java. Using presentation compiler with project's scala-library version: 3.3.5
2025.02.18 11:46:30 INFO  no build target found for /Users/admin/datastructure/SortInWave/sortInWave.java. Using presentation compiler with project's scala-library version: 3.3.5
2025.02.18 11:46:30 INFO  no build target found for /Users/admin/datastructure/SortInWave/sortInWave.java. Using presentation compiler with project's scala-library version: 3.3.5
Feb 18, 2025 11:46:30 A.M. scala.meta.internal.pc.CompilerAccess handleError
SEVERE: A severe compiler error occurred, full details of the error can be found in the error report /Users/admin/datastructure/.metals/.reports/metals-full/2025-02-18/r_compiler-error_11-46-30-655.md
2025.02.18 11:46:30 INFO  no build target found for /Users/admin/datastructure/SortInWave/sortInWave.java. Using presentation compiler with project's scala-library version: 3.3.5
2025.02.18 11:46:31 INFO  no build target found for /Users/admin/datastructure/SortInWave/sortInWave.java. Using presentation compiler with project's scala-library version: 3.3.5
2025.02.18 11:46:31 INFO  no build target found for /Users/admin/datastructure/SortInWave/sortInWave.java. Using presentation compiler with project's scala-library version: 3.3.5
2025.02.18 11:46:31 INFO  no build target found for /Users/admin/datastructure/SortInWave/sortInWave.java. Using presentation compiler with project's scala-library version: 3.3.5
Feb 18, 2025 11:46:31 A.M. scala.meta.internal.pc.CompilerAccess handleError
SEVERE: A severe compiler error occurred, full details of the error can be found in the error report /Users/admin/datastructure/.metals/.reports/metals-full/2025-02-18/r_compiler-error_11-46-31-480.md
2025.02.18 11:46:31 INFO  no build target found for /Users/admin/datastructure/SortInWave/sortInWave.java. Using presentation compiler with project's scala-library version: 3.3.5
2025.02.18 11:46:31 INFO  no build target found for /Users/admin/datastructure/SortInWave/sortInWave.java. Using presentation compiler with project's scala-library version: 3.3.5
Feb 18, 2025 11:46:31 A.M. scala.meta.internal.pc.CompilerAccess handleError
SEVERE: A severe compiler error occurred, full details of the error can be found in the error report /Users/admin/datastructure/.metals/.reports/metals-full/2025-02-18/r_compiler-error_11-46-31-940.md
2025.02.18 11:46:32 INFO  no build target found for /Users/admin/datastructure/SortInWave/sortInWave.java. Using presentation compiler with project's scala-library version: 3.3.5
2025.02.18 11:46:32 INFO  no build target found for /Users/admin/datastructure/SortInWave/sortInWave.java. Using presentation compiler with project's scala-library version: 3.3.5
Feb 18, 2025 11:46:32 A.M. scala.meta.internal.pc.CompilerAccess handleError
SEVERE: A severe compiler error occurred, full details of the error can be found in the error report /Users/admin/datastructure/.metals/.reports/metals-full/2025-02-18/r_compiler-error_11-46-32-555.md
2025.02.18 11:46:32 INFO  no build target found for /Users/admin/datastructure/SortInWave/sortInWave.java. Using presentation compiler with project's scala-library version: 3.3.5
2025.02.18 11:46:32 INFO  no build target found for /Users/admin/datastructure/SortInWave/sortInWave.java. Using presentation compiler with project's scala-library version: 3.3.5
Feb 18, 2025 11:46:33 A.M. scala.meta.internal.pc.CompilerAccess handleError
SEVERE: A severe compiler error occurred, full details of the error can be found in the error report /Users/admin/datastructure/.metals/.reports/metals-full/2025-02-18/r_compiler-error_11-46-33-120.md
2025.02.18 11:46:33 INFO  no build target found for /Users/admin/datastructure/SortInWave/sortInWave.java. Using presentation compiler with project's scala-library version: 3.3.5
2025.02.18 11:46:33 INFO  no build target found for /Users/admin/datastructure/SortInWave/sortInWave.java. Using presentation compiler with project's scala-library version: 3.3.5
Feb 18, 2025 11:46:33 A.M. scala.meta.internal.pc.CompilerAccess handleError
SEVERE: A severe compiler error occurred, full details of the error can be found in the error report /Users/admin/datastructure/.metals/.reports/metals-full/2025-02-18/r_compiler-error_11-46-33-954.md
2025.02.18 11:46:33 INFO  no build target found for /Users/admin/datastructure/SortInWave/sortInWave.java. Using presentation compiler with project's scala-library version: 3.3.5
2025.02.18 11:46:33 INFO  no build target found for /Users/admin/datastructure/SortInWave/sortInWave.java. Using presentation compiler with project's scala-library version: 3.3.5
2025.02.18 11:46:34 INFO  no build target found for /Users/admin/datastructure/SortInWave/sortInWave.java. Using presentation compiler with project's scala-library version: 3.3.5
Feb 18, 2025 11:46:34 A.M. scala.meta.internal.pc.CompilerAccess handleError
SEVERE: A severe compiler error occurred, full details of the error can be found in the error report /Users/admin/datastructure/.metals/.reports/metals-full/2025-02-18/r_compiler-error_11-46-34-331.md
2025.02.18 11:46:33 INFO  no build target found for /Users/admin/datastructure/SortInWave/sortInWave.java. Using presentation compiler with project's scala-library version: 3.3.5
2025.02.18 11:46:33 INFO  no build target found for /Users/admin/datastructure/SortInWave/sortInWave.java. Using presentation compiler with project's scala-library version: 3.3.5
2025.02.18 11:46:34 INFO  no build target found for /Users/admin/datastructure/SortInWave/sortInWave.java. Using presentation compiler with project's scala-library version: 3.3.5
Feb 18, 2025 11:46:34 A.M. scala.meta.internal.pc.CompilerAccess handleError
SEVERE: A severe compiler error occurred, full details of the error can be found in the error report /Users/admin/datastructure/.metals/.reports/metals-full/2025-02-18/r_compiler-error_11-46-34-963.md
2025.02.18 11:46:37 INFO  no build target found for /Users/admin/datastructure/SortInWave/sortInWave.java. Using presentation compiler with project's scala-library version: 3.3.5
2025.02.18 11:46:37 INFO  no build target found for /Users/admin/datastructure/SortInWave/sortInWave.java. Using presentation compiler with project's scala-library version: 3.3.5
2025.02.18 11:46:37 INFO  no build target found for /Users/admin/datastructure/SortInWave/sortInWave.java. Using presentation compiler with project's scala-library version: 3.3.5
Feb 18, 2025 11:46:37 A.M. scala.meta.internal.pc.CompilerAccess handleError
SEVERE: A severe compiler error occurred, full details of the error can be found in the error report /Users/admin/datastructure/.metals/.reports/metals-full/2025-02-18/r_compiler-error_11-46-37-390.md
2025.02.18 11:46:37 INFO  no build target found for /Users/admin/datastructure/SortInWave/sortInWave.java. Using presentation compiler with project's scala-library version: 3.3.5
2025.02.18 11:46:37 INFO  no build target found for /Users/admin/datastructure/SortInWave/sortInWave.java. Using presentation compiler with project's scala-library version: 3.3.5
2025.02.18 11:46:38 INFO  no build target found for /Users/admin/datastructure/SortInWave/sortInWave.java. Using presentation compiler with project's scala-library version: 3.3.5
Feb 18, 2025 11:46:38 A.M. scala.meta.internal.pc.CompilerAccess handleError
SEVERE: A severe compiler error occurred, full details of the error can be found in the error report /Users/admin/datastructure/.metals/.reports/metals-full/2025-02-18/r_compiler-error_11-46-38-373.md
2025.02.18 11:46:38 INFO  no build target found for /Users/admin/datastructure/SortInWave/sortInWave.java. Using presentation compiler with project's scala-library version: 3.3.5
2025.02.18 11:46:38 INFO  no build target found for /Users/admin/datastructure/SortInWave/sortInWave.java. Using presentation compiler with project's scala-library version: 3.3.5
2025.02.18 11:46:38 INFO  no build target found for /Users/admin/datastructure/SortInWave/sortInWave.java. Using presentation compiler with project's scala-library version: 3.3.5
2025.02.18 11:46:38 INFO  no build target found for /Users/admin/datastructure/SortInWave/sortInWave.java. Using presentation compiler with project's scala-library version: 3.3.5
Feb 18, 2025 11:46:38 A.M. scala.meta.internal.pc.CompilerAccess handleError
SEVERE: A severe compiler error occurred, full details of the error can be found in the error report /Users/admin/datastructure/.metals/.reports/metals-full/2025-02-18/r_compiler-error_11-46-38-799.md
2025.02.18 11:46:38 INFO  no build target found for /Users/admin/datastructure/SortInWave/sortInWave.java. Using presentation compiler with project's scala-library version: 3.3.5
2025.02.18 11:46:38 INFO  no build target found for /Users/admin/datastructure/SortInWave/sortInWave.java. Using presentation compiler with project's scala-library version: 3.3.5
Feb 18, 2025 11:46:39 A.M. scala.meta.internal.pc.CompilerAccess handleError
SEVERE: A severe compiler error occurred, full details of the error can be found in the error report /Users/admin/datastructure/.metals/.reports/metals-full/2025-02-18/r_compiler-error_11-46-39-337.md
2025.02.18 11:46:39 INFO  no build target found for /Users/admin/datastructure/SortInWave/sortInWave.java. Using presentation compiler with project's scala-library version: 3.3.5
2025.02.18 11:46:39 INFO  no build target found for /Users/admin/datastructure/SortInWave/sortInWave.java. Using presentation compiler with project's scala-library version: 3.3.5
2025.02.18 11:46:39 INFO  no build target found for /Users/admin/datastructure/SortInWave/sortInWave.java. Using presentation compiler with project's scala-library version: 3.3.5
Feb 18, 2025 11:46:40 A.M. scala.meta.internal.pc.CompilerAccess handleError
SEVERE: A severe compiler error occurred, full details of the error can be found in the error report /Users/admin/datastructure/.metals/.reports/metals-full/2025-02-18/r_compiler-error_11-46-40-004.md
2025.02.18 11:46:41 INFO  no build target found for /Users/admin/datastructure/SortInWave/sortInWave.java. Using presentation compiler with project's scala-library version: 3.3.5
2025.02.18 11:46:41 INFO  no build target found for /Users/admin/datastructure/SortInWave/sortInWave.java. Using presentation compiler with project's scala-library version: 3.3.5
2025.02.18 11:46:41 INFO  no build target found for /Users/admin/datastructure/SortInWave/sortInWave.java. Using presentation compiler with project's scala-library version: 3.3.5
Feb 18, 2025 11:46:41 A.M. scala.meta.internal.pc.CompilerAccess handleError
SEVERE: A severe compiler error occurred, full details of the error can be found in the error report /Users/admin/datastructure/.metals/.reports/metals-full/2025-02-18/r_compiler-error_11-46-41-670.md
2025.02.18 11:46:41 INFO  no build target found for /Users/admin/datastructure/SortInWave/sortInWave.java. Using presentation compiler with project's scala-library version: 3.3.5
2025.02.18 11:46:41 INFO  no build target found for /Users/admin/datastructure/SortInWave/sortInWave.java. Using presentation compiler with project's scala-library version: 3.3.5
2025.02.18 11:46:42 INFO  no build target found for /Users/admin/datastructure/SortInWave/sortInWave.java. Using presentation compiler with project's scala-library version: 3.3.5
Feb 18, 2025 11:46:42 A.M. scala.meta.internal.pc.CompilerAccess handleError
SEVERE: A severe compiler error occurred, full details of the error can be found in the error report /Users/admin/datastructure/.metals/.reports/metals-full/2025-02-18/r_compiler-error_11-46-42-228.md
2025.02.18 11:46:42 INFO  no build target found for /Users/admin/datastructure/SortInWave/sortInWave.java. Using presentation compiler with project's scala-library version: 3.3.5
2025.02.18 11:46:42 INFO  no build target found for /Users/admin/datastructure/SortInWave/sortInWave.java. Using presentation compiler with project's scala-library version: 3.3.5
Feb 18, 2025 11:46:42 A.M. scala.meta.internal.pc.CompilerAccess handleError
SEVERE: A severe compiler error occurred, full details of the error can be found in the error report /Users/admin/datastructure/.metals/.reports/metals-full/2025-02-18/r_compiler-error_11-46-42-847.md
2025.02.18 11:46:43 INFO  no build target found for /Users/admin/datastructure/SortInWave/sortInWave.java. Using presentation compiler with project's scala-library version: 3.3.5
2025.02.18 11:46:43 INFO  no build target found for /Users/admin/datastructure/SortInWave/sortInWave.java. Using presentation compiler with project's scala-library version: 3.3.5
2025.02.18 11:46:43 INFO  no build target found for /Users/admin/datastructure/SortInWave/sortInWave.java. Using presentation compiler with project's scala-library version: 3.3.5
Feb 18, 2025 11:46:44 A.M. scala.meta.internal.pc.CompilerAccess handleError
SEVERE: A severe compiler error occurred, full details of the error can be found in the error report /Users/admin/datastructure/.metals/.reports/metals-full/2025-02-18/r_compiler-error_11-46-44-092.md
2025.02.18 11:46:45 INFO  no build target found for /Users/admin/datastructure/SortInWave/sortInWave.java. Using presentation compiler with project's scala-library version: 3.3.5
2025.02.18 11:46:45 INFO  no build target found for /Users/admin/datastructure/SortInWave/sortInWave.java. Using presentation compiler with project's scala-library version: 3.3.5
Feb 18, 2025 11:46:45 A.M. scala.meta.internal.pc.CompilerAccess handleError
SEVERE: A severe compiler error occurred, full details of the error can be found in the error report /Users/admin/datastructure/.metals/.reports/metals-full/2025-02-18/r_compiler-error_11-46-45-213.md
2025.02.18 11:46:45 INFO  no build target found for /Users/admin/datastructure/SortInWave/sortInWave.java. Using presentation compiler with project's scala-library version: 3.3.5
2025.02.18 11:46:45 INFO  no build target found for /Users/admin/datastructure/SortInWave/sortInWave.java. Using presentation compiler with project's scala-library version: 3.3.5
2025.02.18 11:46:45 INFO  no build target found for /Users/admin/datastructure/SortInWave/sortInWave.java. Using presentation compiler with project's scala-library version: 3.3.5
Feb 18, 2025 11:46:45 A.M. scala.meta.internal.pc.CompilerAccess handleError
SEVERE: A severe compiler error occurred, full details of the error can be found in the error report /Users/admin/datastructure/.metals/.reports/metals-full/2025-02-18/r_compiler-error_11-46-45-697.md
2025.02.18 11:46:45 INFO  no build target found for /Users/admin/datastructure/SortInWave/sortInWave.java. Using presentation compiler with project's scala-library version: 3.3.5
2025.02.18 11:46:45 INFO  no build target found for /Users/admin/datastructure/SortInWave/sortInWave.java. Using presentation compiler with project's scala-library version: 3.3.5
2025.02.18 11:46:46 INFO  no build target found for /Users/admin/datastructure/SortInWave/sortInWave.java. Using presentation compiler with project's scala-library version: 3.3.5
Feb 18, 2025 11:46:46 A.M. scala.meta.internal.pc.CompilerAccess handleError
SEVERE: A severe compiler error occurred, full details of the error can be found in the error report /Users/admin/datastructure/.metals/.reports/metals-full/2025-02-18/r_compiler-error_11-46-46-243.md
2025.02.18 11:46:46 INFO  no build target found for /Users/admin/datastructure/SortInWave/sortInWave.java. Using presentation compiler with project's scala-library version: 3.3.5
2025.02.18 11:46:46 INFO  no build target found for /Users/admin/datastructure/SortInWave/sortInWave.java. Using presentation compiler with project's scala-library version: 3.3.5
2025.02.18 11:46:46 INFO  no build target found for /Users/admin/datastructure/SortInWave/sortInWave.java. Using presentation compiler with project's scala-library version: 3.3.5
2025.02.18 11:46:46 INFO  no build target found for /Users/admin/datastructure/SortInWave/sortInWave.java. Using presentation compiler with project's scala-library version: 3.3.5
Feb 18, 2025 11:46:46 A.M. scala.meta.internal.pc.CompilerAccess handleError
SEVERE: A severe compiler error occurred, full details of the error can be found in the error report /Users/admin/datastructure/.metals/.reports/metals-full/2025-02-18/r_compiler-error_11-46-46-709.md
2025.02.18 11:46:46 INFO  no build target found for /Users/admin/datastructure/SortInWave/sortInWave.java. Using presentation compiler with project's scala-library version: 3.3.5
2025.02.18 11:46:48 INFO  no build target found for /Users/admin/datastructure/SortInWave/sortInWave.java. Using presentation compiler with project's scala-library version: 3.3.5
2025.02.18 11:46:48 INFO  no build target found for /Users/admin/datastructure/SortInWave/sortInWave.java. Using presentation compiler with project's scala-library version: 3.3.5
2025.02.18 11:46:49 INFO  no build target found for /Users/admin/datastructure/SortInWave/sortInWave.java. Using presentation compiler with project's scala-library version: 3.3.5
Feb 18, 2025 11:46:49 A.M. scala.meta.internal.pc.CompilerAccess handleError
SEVERE: A severe compiler error occurred, full details of the error can be found in the error report /Users/admin/datastructure/.metals/.reports/metals-full/2025-02-18/r_compiler-error_11-46-49-259.md
2025.02.18 11:46:50 INFO  no build target found for /Users/admin/datastructure/SortInWave/sortInWave.java. Using presentation compiler with project's scala-library version: 3.3.5
2025.02.18 11:46:50 INFO  no build target found for /Users/admin/datastructure/SortInWave/sortInWave.java. Using presentation compiler with project's scala-library version: 3.3.5
Feb 18, 2025 11:46:51 A.M. scala.meta.internal.pc.CompilerAccess handleError
SEVERE: A severe compiler error occurred, full details of the error can be found in the error report /Users/admin/datastructure/.metals/.reports/metals-full/2025-02-18/r_compiler-error_11-46-51-318.md
2025.02.18 11:46:52 INFO  no build target found for /Users/admin/datastructure/SortInWave/sortInWave.java. Using presentation compiler with project's scala-library version: 3.3.5
2025.02.18 11:46:52 INFO  no build target found for /Users/admin/datastructure/SortInWave/sortInWave.java. Using presentation compiler with project's scala-library version: 3.3.5
2025.02.18 11:46:52 INFO  no build target found for /Users/admin/datastructure/SortInWave/sortInWave.java. Using presentation compiler with project's scala-library version: 3.3.5
Feb 18, 2025 11:46:52 A.M. scala.meta.internal.pc.CompilerAccess handleError
SEVERE: A severe compiler error occurred, full details of the error can be found in the error report /Users/admin/datastructure/.metals/.reports/metals-full/2025-02-18/r_compiler-error_11-46-52-739.md
2025.02.18 11:46:53 INFO  no build target found for /Users/admin/datastructure/SortInWave/sortInWave.java. Using presentation compiler with project's scala-library version: 3.3.5
2025.02.18 11:46:53 INFO  no build target found for /Users/admin/datastructure/SortInWave/sortInWave.java. Using presentation compiler with project's scala-library version: 3.3.5
Feb 18, 2025 11:46:53 A.M. scala.meta.internal.pc.CompilerAccess handleError
SEVERE: A severe compiler error occurred, full details of the error can be found in the error report /Users/admin/datastructure/.metals/.reports/metals-full/2025-02-18/r_compiler-error_11-46-53-252.md
2025.02.18 11:46:53 INFO  no build target found for /Users/admin/datastructure/SortInWave/sortInWave.java. Using presentation compiler with project's scala-library version: 3.3.5
2025.02.18 11:46:53 INFO  no build target found for /Users/admin/datastructure/SortInWave/sortInWave.java. Using presentation compiler with project's scala-library version: 3.3.5
2025.02.18 11:46:53 INFO  no build target found for /Users/admin/datastructure/SortInWave/sortInWave.java. Using presentation compiler with project's scala-library version: 3.3.5
2025.02.18 11:46:53 INFO  no build target found for /Users/admin/datastructure/SortInWave/sortInWave.java. Using presentation compiler with project's scala-library version: 3.3.5
Feb 18, 2025 11:46:53 A.M. scala.meta.internal.pc.CompilerAccess handleError
SEVERE: A severe compiler error occurred, full details of the error can be found in the error report /Users/admin/datastructure/.metals/.reports/metals-full/2025-02-18/r_compiler-error_11-46-53-915.md
2025.02.18 11:46:54 INFO  no build target found for /Users/admin/datastructure/SortInWave/sortInWave.java. Using presentation compiler with project's scala-library version: 3.3.5
2025.02.18 11:46:54 INFO  no build target found for /Users/admin/datastructure/SortInWave/sortInWave.java. Using presentation compiler with project's scala-library version: 3.3.5
2025.02.18 11:46:54 INFO  no build target found for /Users/admin/datastructure/SortInWave/sortInWave.java. Using presentation compiler with project's scala-library version: 3.3.5
Feb 18, 2025 11:46:54 A.M. scala.meta.internal.pc.CompilerAccess handleError
SEVERE: A severe compiler error occurred, full details of the error can be found in the error report /Users/admin/datastructure/.metals/.reports/metals-full/2025-02-18/r_compiler-error_11-46-54-607.md
2025.02.18 11:46:54 INFO  no build target found for /Users/admin/datastructure/SortInWave/sortInWave.java. Using presentation compiler with project's scala-library version: 3.3.5
2025.02.18 11:46:54 INFO  no build target found for /Users/admin/datastructure/SortInWave/sortInWave.java. Using presentation compiler with project's scala-library version: 3.3.5
2025.02.18 11:46:54 INFO  no build target found for /Users/admin/datastructure/SortInWave/sortInWave.java. Using presentation compiler with project's scala-library version: 3.3.5
2025.02.18 11:46:55 INFO  no build target found for /Users/admin/datastructure/SortInWave/sortInWave.java. Using presentation compiler with project's scala-library version: 3.3.5
Feb 18, 2025 11:46:55 A.M. scala.meta.internal.pc.CompilerAccess handleError
SEVERE: A severe compiler error occurred, full details of the error can be found in the error report /Users/admin/datastructure/.metals/.reports/metals-full/2025-02-18/r_compiler-error_11-46-55-173.md
2025.02.18 11:46:55 INFO  no build target found for /Users/admin/datastructure/SortInWave/sortInWave.java. Using presentation compiler with project's scala-library version: 3.3.5
2025.02.18 11:46:55 INFO  no build target found for /Users/admin/datastructure/SortInWave/sortInWave.java. Using presentation compiler with project's scala-library version: 3.3.5
Feb 18, 2025 11:46:55 A.M. scala.meta.internal.pc.CompilerAccess handleError
SEVERE: A severe compiler error occurred, full details of the error can be found in the error report /Users/admin/datastructure/.metals/.reports/metals-full/2025-02-18/r_compiler-error_11-46-55-772.md
2025.02.18 11:46:55 INFO  no build target found for /Users/admin/datastructure/SortInWave/sortInWave.java. Using presentation compiler with project's scala-library version: 3.3.5
2025.02.18 11:46:56 INFO  no build target found for /Users/admin/datastructure/SortInWave/sortInWave.java. Using presentation compiler with project's scala-library version: 3.3.5
Feb 18, 2025 11:46:56 A.M. scala.meta.internal.pc.CompilerAccess handleError
SEVERE: A severe compiler error occurred, full details of the error can be found in the error report /Users/admin/datastructure/.metals/.reports/metals-full/2025-02-18/r_compiler-error_11-46-56-601.md
2025.02.18 11:46:56 INFO  no build target found for /Users/admin/datastructure/SortInWave/sortInWave.java. Using presentation compiler with project's scala-library version: 3.3.5
2025.02.18 11:46:56 INFO  no build target found for /Users/admin/datastructure/SortInWave/sortInWave.java. Using presentation compiler with project's scala-library version: 3.3.5
Feb 18, 2025 11:46:57 A.M. scala.meta.internal.pc.CompilerAccess handleError
SEVERE: A severe compiler error occurred, full details of the error can be found in the error report /Users/admin/datastructure/.metals/.reports/metals-full/2025-02-18/r_compiler-error_11-46-57-033.md
2025.02.18 11:46:56 INFO  no build target found for /Users/admin/datastructure/SortInWave/sortInWave.java. Using presentation compiler with project's scala-library version: 3.3.5
2025.02.18 11:46:56 INFO  no build target found for /Users/admin/datastructure/SortInWave/sortInWave.java. Using presentation compiler with project's scala-library version: 3.3.5
2025.02.18 11:46:57 INFO  no build target found for /Users/admin/datastructure/SortInWave/sortInWave.java. Using presentation compiler with project's scala-library version: 3.3.5
Feb 18, 2025 11:46:57 A.M. scala.meta.internal.pc.CompilerAccess handleError
SEVERE: A severe compiler error occurred, full details of the error can be found in the error report /Users/admin/datastructure/.metals/.reports/metals-full/2025-02-18/r_compiler-error_11-46-57-597.md
2025.02.18 11:46:56 INFO  no build target found for /Users/admin/datastructure/SortInWave/sortInWave.java. Using presentation compiler with project's scala-library version: 3.3.5
2025.02.18 11:46:56 INFO  no build target found for /Users/admin/datastructure/SortInWave/sortInWave.java. Using presentation compiler with project's scala-library version: 3.3.5
2025.02.18 11:46:57 INFO  no build target found for /Users/admin/datastructure/SortInWave/sortInWave.java. Using presentation compiler with project's scala-library version: 3.3.5
Feb 18, 2025 11:46:58 A.M. scala.meta.internal.pc.CompilerAccess handleError
SEVERE: A severe compiler error occurred, full details of the error can be found in the error report /Users/admin/datastructure/.metals/.reports/metals-full/2025-02-18/r_compiler-error_11-46-58-089.md
2025.02.18 11:46:59 INFO  no build target found for /Users/admin/datastructure/SortInWave/sortInWave.java. Using presentation compiler with project's scala-library version: 3.3.5
2025.02.18 11:46:59 INFO  no build target found for /Users/admin/datastructure/SortInWave/sortInWave.java. Using presentation compiler with project's scala-library version: 3.3.5
Feb 18, 2025 11:46:59 A.M. scala.meta.internal.pc.CompilerAccess handleError
SEVERE: A severe compiler error occurred, full details of the error can be found in the error report /Users/admin/datastructure/.metals/.reports/metals-full/2025-02-18/r_compiler-error_11-46-59-575.md
2025.02.18 11:47:00 INFO  no build target found for /Users/admin/datastructure/SortInWave/sortInWave.java. Using presentation compiler with project's scala-library version: 3.3.5
Feb 18, 2025 11:47:00 A.M. scala.meta.internal.pc.CompilerAccess handleError
SEVERE: A severe compiler error occurred, full details of the error can be found in the error report /Users/admin/datastructure/.metals/.reports/metals-full/2025-02-18/r_compiler-error_11-47-00-919.md
2025.02.18 11:47:01 INFO  no build target found for /Users/admin/datastructure/SortInWave/sortInWave.java. Using presentation compiler with project's scala-library version: 3.3.5
2025.02.18 11:47:02 INFO  no build target found for /Users/admin/datastructure/SortInWave/sortInWave.java. Using presentation compiler with project's scala-library version: 3.3.5
Feb 18, 2025 11:47:03 A.M. scala.meta.internal.pc.CompilerAccess handleError
SEVERE: A severe compiler error occurred, full details of the error can be found in the error report /Users/admin/datastructure/.metals/.reports/metals-full/2025-02-18/r_compiler-error_11-47-03-055.md
2025.02.18 11:47:02 INFO  no build target found for /Users/admin/datastructure/SortInWave/sortInWave.java. Using presentation compiler with project's scala-library version: 3.3.5
Feb 18, 2025 11:47:03 A.M. scala.meta.internal.pc.CompilerAccess handleError
SEVERE: A severe compiler error occurred, full details of the error can be found in the error report /Users/admin/datastructure/.metals/.reports/metals-full/2025-02-18/r_compiler-error_11-47-03-744.md
2025.02.18 11:47:05 INFO  no build target found for /Users/admin/datastructure/SortInWave/sortInWave.java. Using presentation compiler with project's scala-library version: 3.3.5
Feb 18, 2025 11:47:05 A.M. scala.meta.internal.pc.CompilerAccess handleError
SEVERE: A severe compiler error occurred, full details of the error can be found in the error report /Users/admin/datastructure/.metals/.reports/metals-full/2025-02-18/r_compiler-error_11-47-05-313.md
2025.02.18 11:47:05 INFO  no build target found for /Users/admin/datastructure/SortInWave/sortInWave.java. Using presentation compiler with project's scala-library version: 3.3.5
2025.02.18 11:47:05 INFO  no build target found for /Users/admin/datastructure/SortInWave/sortInWave.java. Using presentation compiler with project's scala-library version: 3.3.5
2025.02.18 11:47:05 INFO  no build target found for /Users/admin/datastructure/SortInWave/sortInWave.java. Using presentation compiler with project's scala-library version: 3.3.5
2025.02.18 11:47:06 INFO  no build target found for /Users/admin/datastructure/SortInWave/sortInWave.java. Using presentation compiler with project's scala-library version: 3.3.5
Feb 18, 2025 11:47:06 A.M. scala.meta.internal.pc.CompilerAccess handleError
SEVERE: A severe compiler error occurred, full details of the error can be found in the error report /Users/admin/datastructure/.metals/.reports/metals-full/2025-02-18/r_compiler-error_11-47-06-244.md
2025.02.18 11:47:06 INFO  no build target found for /Users/admin/datastructure/SortInWave/sortInWave.java. Using presentation compiler with project's scala-library version: 3.3.5
2025.02.18 11:47:06 INFO  no build target found for /Users/admin/datastructure/SortInWave/sortInWave.java. Using presentation compiler with project's scala-library version: 3.3.5
Feb 18, 2025 11:47:06 A.M. org.eclipse.lsp4j.jsonrpc.RemoteEndpoint handleCancellation
WARNING: Unmatched cancel notification for request id 622
2025.02.18 11:47:06 INFO  no build target found for /Users/admin/datastructure/SortInWave/sortInWave.java. Using presentation compiler with project's scala-library version: 3.3.5
2025.02.18 11:47:06 INFO  no build target found for /Users/admin/datastructure/SortInWave/sortInWave.java. Using presentation compiler with project's scala-library version: 3.3.5
2025.02.18 11:47:06 INFO  no build target found for /Users/admin/datastructure/SortInWave/sortInWave.java. Using presentation compiler with project's scala-library version: 3.3.5
Feb 18, 2025 11:47:06 A.M. scala.meta.internal.pc.CompilerAccess handleError
SEVERE: A severe compiler error occurred, full details of the error can be found in the error report /Users/admin/datastructure/.metals/.reports/metals-full/2025-02-18/r_compiler-error_11-47-06-740.md
2025.02.18 11:47:06 INFO  no build target found for /Users/admin/datastructure/SortInWave/sortInWave.java. Using presentation compiler with project's scala-library version: 3.3.5
2025.02.18 11:47:07 INFO  no build target found for /Users/admin/datastructure/SortInWave/sortInWave.java. Using presentation compiler with project's scala-library version: 3.3.5
Feb 18, 2025 11:47:07 A.M. scala.meta.internal.pc.CompilerAccess handleError
SEVERE: A severe compiler error occurred, full details of the error can be found in the error report /Users/admin/datastructure/.metals/.reports/metals-full/2025-02-18/r_compiler-error_11-47-07-330.md
2025.02.18 11:47:07 INFO  no build target found for /Users/admin/datastructure/SortInWave/sortInWave.java. Using presentation compiler with project's scala-library version: 3.3.5
2025.02.18 11:47:07 INFO  no build target found for /Users/admin/datastructure/SortInWave/sortInWave.java. Using presentation compiler with project's scala-library version: 3.3.5
Feb 18, 2025 11:47:07 A.M. scala.meta.internal.pc.CompilerAccess handleError
SEVERE: A severe compiler error occurred, full details of the error can be found in the error report /Users/admin/datastructure/.metals/.reports/metals-full/2025-02-18/r_compiler-error_11-47-07-835.md
2025.02.18 11:47:10 INFO  no build target found for /Users/admin/datastructure/SortInWave/sortInWave.java. Using presentation compiler with project's scala-library version: 3.3.5
2025.02.18 11:47:10 INFO  no build target found for /Users/admin/datastructure/SortInWave/sortInWave.java. Using presentation compiler with project's scala-library version: 3.3.5
Feb 18, 2025 11:47:10 A.M. scala.meta.internal.pc.CompilerAccess handleError
SEVERE: A severe compiler error occurred, full details of the error can be found in the error report /Users/admin/datastructure/.metals/.reports/metals-full/2025-02-18/r_compiler-error_11-47-10-694.md
2025.02.18 11:47:10 INFO  no build target found for /Users/admin/datastructure/SortInWave/sortInWave.java. Using presentation compiler with project's scala-library version: 3.3.5
2025.02.18 11:47:10 INFO  no build target found for /Users/admin/datastructure/SortInWave/sortInWave.java. Using presentation compiler with project's scala-library version: 3.3.5
2025.02.18 11:47:10 INFO  no build target found for /Users/admin/datastructure/SortInWave/sortInWave.java. Using presentation compiler with project's scala-library version: 3.3.5
Feb 18, 2025 11:47:11 A.M. scala.meta.internal.pc.CompilerAccess handleError
SEVERE: A severe compiler error occurred, full details of the error can be found in the error report /Users/admin/datastructure/.metals/.reports/metals-full/2025-02-18/r_compiler-error_11-47-11-159.md
2025.02.18 11:47:25 INFO  Started: Metals version 1.5.1+61-4442b038-SNAPSHOT in folders '/Users/admin/datastructure' for client Visual Studio Code 1.85.1.
2025.02.18 11:47:37 WARN  no build tool detected in workspace '/Users/admin/datastructure'. The most common cause for this problem is that the editor was opened in the wrong working directory, for example if you use sbt then the workspace directory should contain build.sbt. 
2025.02.18 11:47:37 INFO  no build target found for /Users/admin/datastructure/SortInWave/sortInWave.java. Using presentation compiler with project's scala-library version: 3.3.5
2025.02.18 11:47:37 WARN  Build server is not auto-connectable.
2025.02.18 11:47:37 INFO  no build target found for /Users/admin/datastructure/SortInWave/sortInWave.scala. Using presentation compiler with project's scala-library version: 3.3.5
2025.02.18 11:47:37 WARN  no build target for: /Users/admin/datastructure/SortInWave/sortInWave.scala
2025.02.18 11:47:37 WARN  no build target for: /Users/admin/datastructure/SortInWave/sortInWave.java
Feb 18, 2025 11:47:42 A.M. org.eclipse.lsp4j.jsonrpc.RemoteEndpoint handleCancellation
WARNING: Unmatched cancel notification for request id 3
2025.02.18 11:47:42 INFO  no build target found for /Users/admin/datastructure/SortInWave/sortInWave.java. Using presentation compiler with project's scala-library version: 3.3.5
Feb 18, 2025 11:47:42 A.M. org.eclipse.lsp4j.jsonrpc.services.GenericEndpoint notify
WARNING: Unsupported notification method: metals/windowStateDidChange
Feb 18, 2025 11:47:42 A.M. org.eclipse.lsp4j.jsonrpc.RemoteEndpoint handleCancellation
WARNING: Unmatched cancel notification for request id 2
2025.02.18 11:47:42 INFO  no build target found for /Users/admin/datastructure/SortInWave/sortInWave.java. Using presentation compiler with project's scala-library version: 3.3.5
2025.02.18 11:47:43 INFO  no build target found for /Users/admin/datastructure/SortInWave/sortInWave.java. Using presentation compiler with project's scala-library version: 3.3.5
2025.02.18 11:47:48 INFO  no build target found for /Users/admin/datastructure/SortInWave/sortInWave.java. Using presentation compiler with project's scala-library version: 3.3.5
2025.02.18 11:47:48 INFO  no build target found for /Users/admin/datastructure/SortInWave/sortInWave.java. Using presentation compiler with project's scala-library version: 3.3.5
Feb 18, 2025 11:47:49 A.M. org.eclipse.lsp4j.jsonrpc.RemoteEndpoint handleCancellation
WARNING: Unmatched cancel notification for request id 11
2025.02.18 11:47:48 INFO  no build target found for /Users/admin/datastructure/SortInWave/sortInWave.java. Using presentation compiler with project's scala-library version: 3.3.5
2025.02.18 11:47:48 INFO  no build target found for /Users/admin/datastructure/SortInWave/sortInWave.java. Using presentation compiler with project's scala-library version: 3.3.5
Feb 18, 2025 11:47:49 A.M. org.eclipse.lsp4j.jsonrpc.RemoteEndpoint handleCancellation
WARNING: Unmatched cancel notification for request id 13
2025.02.18 11:47:52 INFO  no build target found for /Users/admin/datastructure/SortInWave/sortInWave.java. Using presentation compiler with project's scala-library version: 3.3.5
Feb 18, 2025 11:47:52 A.M. scala.meta.internal.pc.CompilerAccess handleError
SEVERE: A severe compiler error occurred, full details of the error can be found in the error report /Users/admin/datastructure/.metals/.reports/metals-full/2025-02-18/r_compiler-error_11-47-52-823.md
Feb 18, 2025 11:47:54 A.M. org.eclipse.lsp4j.jsonrpc.services.GenericEndpoint notify
WARNING: Unsupported notification method: metals/windowStateDidChange
2025.02.18 11:47:54 INFO  no build target found for /Users/admin/datastructure/SortInWave/sortInWave.java. Using presentation compiler with project's scala-library version: 3.3.5
2025.02.18 11:47:55 INFO  no build target found for /Users/admin/datastructure/SortInWave/sortInWave.java. Using presentation compiler with project's scala-library version: 3.3.5
Feb 18, 2025 11:47:56 A.M. scala.meta.internal.pc.CompilerAccess handleError
SEVERE: A severe compiler error occurred, full details of the error can be found in the error report /Users/admin/datastructure/.metals/.reports/metals-full/2025-02-18/r_compiler-error_11-47-56-237.md
2025.02.18 11:47:57 INFO  time: code lens generation in 2.63s
2025.02.18 11:47:57 INFO  time: code lens generation in 14s
2025.02.18 11:47:59 INFO  no build target found for /Users/admin/datastructure/SortInWave/sortInWave.java. Using presentation compiler with project's scala-library version: 3.3.5
2025.02.18 11:47:59 INFO  no build target found for /Users/admin/datastructure/SortInWave/sortInWave.java. Using presentation compiler with project's scala-library version: 3.3.5
Feb 18, 2025 11:48:00 A.M. scala.meta.internal.pc.CompilerAccess handleError
SEVERE: A severe compiler error occurred, full details of the error can be found in the error report /Users/admin/datastructure/.metals/.reports/metals-full/2025-02-18/r_compiler-error_11-48-00-444.md
2025.02.18 11:48:00 INFO  no build target found for /Users/admin/datastructure/SortInWave/sortInWave.java. Using presentation compiler with project's scala-library version: 3.3.5
2025.02.18 11:48:00 INFO  no build target found for /Users/admin/datastructure/SortInWave/sortInWave.java. Using presentation compiler with project's scala-library version: 3.3.5
Feb 18, 2025 11:48:01 A.M. scala.meta.internal.pc.CompilerAccess handleError
SEVERE: A severe compiler error occurred, full details of the error can be found in the error report /Users/admin/datastructure/.metals/.reports/metals-full/2025-02-18/r_compiler-error_11-48-01-395.md
2025.02.18 11:48:00 INFO  no build target found for /Users/admin/datastructure/SortInWave/sortInWave.java. Using presentation compiler with project's scala-library version: 3.3.5
Feb 18, 2025 11:48:01 A.M. scala.meta.internal.pc.CompilerAccess handleError
SEVERE: A severe compiler error occurred, full details of the error can be found in the error report /Users/admin/datastructure/.metals/.reports/metals-full/2025-02-18/r_compiler-error_11-48-01-684.md
Feb 18, 2025 11:48:01 A.M. scala.meta.internal.pc.CompilerAccess handleError
SEVERE: A severe compiler error occurred, full details of the error can be found in the error report /Users/admin/datastructure/.metals/.reports/metals-full/2025-02-18/r_compiler-error_11-48-01-989.md
2025.02.18 11:48:02 INFO  no build target found for /Users/admin/datastructure/SortInWave/sortInWave.java. Using presentation compiler with project's scala-library version: 3.3.5
2025.02.18 11:48:05 INFO  no build target found for /Users/admin/datastructure/SortInWave/sortInWave.java. Using presentation compiler with project's scala-library version: 3.3.5
2025.02.18 11:48:05 INFO  no build target found for /Users/admin/datastructure/SortInWave/sortInWave.java. Using presentation compiler with project's scala-library version: 3.3.5
Feb 18, 2025 11:48:06 A.M. scala.meta.internal.pc.CompilerAccess handleError
SEVERE: A severe compiler error occurred, full details of the error can be found in the error report /Users/admin/datastructure/.metals/.reports/metals-full/2025-02-18/r_compiler-error_11-48-06-512.md
Feb 18, 2025 11:48:06 A.M. scala.meta.internal.pc.CompilerAccess handleError
SEVERE: A severe compiler error occurred, full details of the error can be found in the error report /Users/admin/datastructure/.metals/.reports/metals-full/2025-02-18/r_compiler-error_11-48-06-646.md
2025.02.18 11:48:05 INFO  no build target found for /Users/admin/datastructure/SortInWave/sortInWave.java. Using presentation compiler with project's scala-library version: 3.3.5
2025.02.18 11:48:09 INFO  no build target found for /Users/admin/datastructure/SortInWave/sortInWave.java. Using presentation compiler with project's scala-library version: 3.3.5
Feb 18, 2025 11:48:09 A.M. scala.meta.internal.pc.CompilerAccess handleError
SEVERE: A severe compiler error occurred, full details of the error can be found in the error report /Users/admin/datastructure/.metals/.reports/metals-full/2025-02-18/r_compiler-error_11-48-09-338.md
2025.02.18 11:48:12 INFO  no build target found for /Users/admin/datastructure/SortInWave/sortInWave.java. Using presentation compiler with project's scala-library version: 3.3.5
Feb 18, 2025 11:48:12 A.M. scala.meta.internal.pc.CompilerAccess handleError
SEVERE: A severe compiler error occurred, full details of the error can be found in the error report /Users/admin/datastructure/.metals/.reports/metals-full/2025-02-18/r_compiler-error_11-48-12-930.md
2025.02.18 11:48:12 INFO  no build target found for /Users/admin/datastructure/SortInWave/sortInWave.java. Using presentation compiler with project's scala-library version: 3.3.5
Feb 18, 2025 11:48:13 A.M. scala.meta.internal.pc.CompilerAccess handleError
SEVERE: A severe compiler error occurred, full details of the error can be found in the error report /Users/admin/datastructure/.metals/.reports/metals-full/2025-02-18/r_compiler-error_11-48-13-343.md
2025.02.18 11:48:13 INFO  no build target found for /Users/admin/datastructure/SortInWave/sortInWave.java. Using presentation compiler with project's scala-library version: 3.3.5
2025.02.18 11:48:13 INFO  no build target found for /Users/admin/datastructure/SortInWave/sortInWave.java. Using presentation compiler with project's scala-library version: 3.3.5
Feb 18, 2025 11:48:14 A.M. scala.meta.internal.pc.CompilerAccess handleError
SEVERE: A severe compiler error occurred, full details of the error can be found in the error report /Users/admin/datastructure/.metals/.reports/metals-full/2025-02-18/r_compiler-error_11-48-14-064.md
2025.02.18 11:48:13 INFO  no build target found for /Users/admin/datastructure/SortInWave/sortInWave.java. Using presentation compiler with project's scala-library version: 3.3.5
2025.02.18 11:48:13 INFO  no build target found for /Users/admin/datastructure/SortInWave/sortInWave.java. Using presentation compiler with project's scala-library version: 3.3.5
2025.02.18 11:48:13 INFO  no build target found for /Users/admin/datastructure/SortInWave/sortInWave.java. Using presentation compiler with project's scala-library version: 3.3.5
2025.02.18 11:48:14 INFO  no build target found for /Users/admin/datastructure/SortInWave/sortInWave.java. Using presentation compiler with project's scala-library version: 3.3.5
2025.02.18 11:48:15 INFO  no build target found for /Users/admin/datastructure/SortInWave/sortInWave.java. Using presentation compiler with project's scala-library version: 3.3.5
Feb 18, 2025 11:48:15 A.M. scala.meta.internal.pc.CompilerAccess handleError
SEVERE: A severe compiler error occurred, full details of the error can be found in the error report /Users/admin/datastructure/.metals/.reports/metals-full/2025-02-18/r_compiler-error_11-48-15-053.md
2025.02.18 11:48:15 INFO  no build target found for /Users/admin/datastructure/SortInWave/sortInWave.java. Using presentation compiler with project's scala-library version: 3.3.5
2025.02.18 11:48:15 INFO  no build target found for /Users/admin/datastructure/SortInWave/sortInWave.java. Using presentation compiler with project's scala-library version: 3.3.5
Feb 18, 2025 11:48:15 A.M. scala.meta.internal.pc.CompilerAccess handleError
SEVERE: A severe compiler error occurred, full details of the error can be found in the error report /Users/admin/datastructure/.metals/.reports/metals-full/2025-02-18/r_compiler-error_11-48-15-588.md
2025.02.18 11:48:25 INFO  no build target found for /Users/admin/datastructure/SortInWave/sortInWave.java. Using presentation compiler with project's scala-library version: 3.3.5
Feb 18, 2025 11:48:26 A.M. scala.meta.internal.pc.CompilerAccess handleError
SEVERE: A severe compiler error occurred, full details of the error can be found in the error report /Users/admin/datastructure/.metals/.reports/metals-full/2025-02-18/r_compiler-error_11-48-26-100.md
2025.02.18 11:48:28 INFO  no build target found for /Users/admin/datastructure/SortInWave/sortInWave.java. Using presentation compiler with project's scala-library version: 3.3.5
Feb 18, 2025 11:48:28 A.M. scala.meta.internal.pc.CompilerAccess handleError
SEVERE: A severe compiler error occurred, full details of the error can be found in the error report /Users/admin/datastructure/.metals/.reports/metals-full/2025-02-18/r_compiler-error_11-48-28-333.md
2025.02.18 11:48:28 INFO  no build target found for /Users/admin/datastructure/SortInWave/sortInWave.java. Using presentation compiler with project's scala-library version: 3.3.5
Feb 18, 2025 11:48:28 A.M. scala.meta.internal.pc.CompilerAccess handleError
SEVERE: A severe compiler error occurred, full details of the error can be found in the error report /Users/admin/datastructure/.metals/.reports/metals-full/2025-02-18/r_compiler-error_11-48-28-604.md
2025.02.18 11:48:29 INFO  no build target found for /Users/admin/datastructure/SortInWave/sortInWave.java. Using presentation compiler with project's scala-library version: 3.3.5
2025.02.18 11:48:29 INFO  no build target found for /Users/admin/datastructure/SortInWave/sortInWave.java. Using presentation compiler with project's scala-library version: 3.3.5
2025.02.18 11:48:31 INFO  no build target found for /Users/admin/datastructure/SortInWave/sortInWave.java. Using presentation compiler with project's scala-library version: 3.3.5
Feb 18, 2025 11:48:31 A.M. scala.meta.internal.pc.CompilerAccess handleError
SEVERE: A severe compiler error occurred, full details of the error can be found in the error report /Users/admin/datastructure/.metals/.reports/metals-full/2025-02-18/r_compiler-error_11-48-31-917.md
2025.02.18 11:48:31 INFO  no build target found for /Users/admin/datastructure/SortInWave/sortInWave.java. Using presentation compiler with project's scala-library version: 3.3.5
Feb 18, 2025 11:48:32 A.M. scala.meta.internal.pc.CompilerAccess handleError
SEVERE: A severe compiler error occurred, full details of the error can be found in the error report /Users/admin/datastructure/.metals/.reports/metals-full/2025-02-18/r_compiler-error_11-48-32-235.md
2025.02.18 11:48:31 INFO  no build target found for /Users/admin/datastructure/SortInWave/sortInWave.java. Using presentation compiler with project's scala-library version: 3.3.5
2025.02.18 11:48:32 INFO  no build target found for /Users/admin/datastructure/SortInWave/sortInWave.java. Using presentation compiler with project's scala-library version: 3.3.5
2025.02.18 11:48:36 INFO  no build target found for /Users/admin/datastructure/SortInWave/sortInWave.java. Using presentation compiler with project's scala-library version: 3.3.5
Feb 18, 2025 11:48:36 A.M. scala.meta.internal.pc.CompilerAccess handleError
SEVERE: A severe compiler error occurred, full details of the error can be found in the error report /Users/admin/datastructure/.metals/.reports/metals-full/2025-02-18/r_compiler-error_11-48-36-354.md
2025.02.18 11:48:38 INFO  no build target found for /Users/admin/datastructure/SortInWave/sortInWave.scala. Using presentation compiler with project's scala-library version: 3.3.5
2025.02.18 11:48:38 WARN  no build target for: /Users/admin/datastructure/SortInWave/sortInWave.scala
2025.02.18 11:48:38 INFO  no build target found for /Users/admin/datastructure/SortInWave/sortInWave.scala. Using presentation compiler with project's scala-library version: 3.3.5
2025.02.18 11:48:38 INFO  no build target found for /Users/admin/datastructure/SortInWave/sortInWave.scala. Using presentation compiler with project's scala-library version: 3.3.5
2025.02.18 11:48:38 INFO  no build target found for /Users/admin/datastructure/SortInWave/sortInWave.scala. Using presentation compiler with project's scala-library version: 3.3.5
2025.02.18 11:48:40 INFO  no build target found for /Users/admin/datastructure/SortInWave/sortInWave.java. Using presentation compiler with project's scala-library version: 3.3.5
2025.02.18 11:48:40 WARN  no build target for: /Users/admin/datastructure/SortInWave/sortInWave.java
2025.02.18 11:48:41 INFO  no build target found for /Users/admin/datastructure/SortInWave/sortInWave.java. Using presentation compiler with project's scala-library version: 3.3.5
2025.02.18 11:48:40 INFO  no build target found for /Users/admin/datastructure/SortInWave/sortInWave.java. Using presentation compiler with project's scala-library version: 3.3.5
Feb 18, 2025 11:48:41 A.M. scala.meta.internal.pc.CompilerAccess handleError
SEVERE: A severe compiler error occurred, full details of the error can be found in the error report /Users/admin/datastructure/.metals/.reports/metals-full/2025-02-18/r_compiler-error_11-48-41-550.md
2025.02.18 11:48:40 INFO  no build target found for /Users/admin/datastructure/SortInWave/sortInWave.java. Using presentation compiler with project's scala-library version: 3.3.5
2025.02.18 11:48:42 WARN  no build target for: /Users/admin/datastructure/SortInWave/sortInWave.java
2025.02.18 11:48:42 INFO  no build target found for /Users/admin/datastructure/SortInWave/sortInWave.java. Using presentation compiler with project's scala-library version: 3.3.5
Feb 18, 2025 11:48:42 A.M. scala.meta.internal.pc.CompilerAccess handleError
SEVERE: A severe compiler error occurred, full details of the error can be found in the error report /Users/admin/datastructure/.metals/.reports/metals-full/2025-02-18/r_compiler-error_11-48-42-462.md
Feb 18, 2025 11:48:44 A.M. org.eclipse.lsp4j.jsonrpc.services.GenericEndpoint notify
INFO: Unsupported notification method: $/setTrace
2025.02.18 11:48:45 INFO  no build target found for /Users/admin/datastructure/SortInWave/sortInWave.java. Using presentation compiler with project's scala-library version: 3.3.5
Feb 18, 2025 11:48:46 A.M. scala.meta.internal.pc.CompilerAccess handleError
SEVERE: A severe compiler error occurred, full details of the error can be found in the error report /Users/admin/datastructure/.metals/.reports/metals-full/2025-02-18/r_compiler-error_11-48-46-610.md
Feb 18, 2025 11:48:46 A.M. org.eclipse.lsp4j.jsonrpc.services.GenericEndpoint notify
WARNING: Unsupported notification method: metals/windowStateDidChange
Feb 18, 2025 11:48:55 A.M. org.eclipse.lsp4j.jsonrpc.services.GenericEndpoint notify
WARNING: Unsupported notification method: metals/windowStateDidChange
2025.02.18 11:48:55 INFO  no build target found for /Users/admin/datastructure/SortInWave/sortInWave.java. Using presentation compiler with project's scala-library version: 3.3.5
Feb 18, 2025 11:48:55 A.M. scala.meta.internal.pc.CompilerAccess handleError
SEVERE: A severe compiler error occurred, full details of the error can be found in the error report /Users/admin/datastructure/.metals/.reports/metals-full/2025-02-18/r_compiler-error_11-48-55-690.md
2025.02.18 11:48:57 INFO  no build target found for /Users/admin/datastructure/SortInWave/sortInWave.java. Using presentation compiler with project's scala-library version: 3.3.5
2025.02.18 11:48:57 INFO  no build target found for /Users/admin/datastructure/SortInWave/sortInWave.java. Using presentation compiler with project's scala-library version: 3.3.5
2025.02.18 11:48:57 INFO  no build target found for /Users/admin/datastructure/SortInWave/sortInWave.java. Using presentation compiler with project's scala-library version: 3.3.5
Feb 18, 2025 11:48:57 A.M. scala.meta.internal.pc.CompilerAccess handleError
SEVERE: A severe compiler error occurred, full details of the error can be found in the error report /Users/admin/datastructure/.metals/.reports/metals-full/2025-02-18/r_compiler-error_11-48-57-595.md
2025.02.18 11:48:57 INFO  no build target found for /Users/admin/datastructure/SortInWave/sortInWave.java. Using presentation compiler with project's scala-library version: 3.3.5
2025.02.18 11:48:57 INFO  no build target found for /Users/admin/datastructure/SortInWave/sortInWave.java. Using presentation compiler with project's scala-library version: 3.3.5
2025.02.18 11:48:57 INFO  no build target found for /Users/admin/datastructure/SortInWave/sortInWave.java. Using presentation compiler with project's scala-library version: 3.3.5
Feb 18, 2025 11:48:58 A.M. scala.meta.internal.pc.CompilerAccess handleError
SEVERE: A severe compiler error occurred, full details of the error can be found in the error report /Users/admin/datastructure/.metals/.reports/metals-full/2025-02-18/r_compiler-error_11-48-58-243.md
2025.02.18 11:48:58 INFO  time: code lens generation in 1.08s
2025.02.18 11:48:58 INFO  no build target found for /Users/admin/datastructure/SortInWave/sortInWave.java. Using presentation compiler with project's scala-library version: 3.3.5
2025.02.18 11:48:58 INFO  no build target found for /Users/admin/datastructure/SortInWave/sortInWave.java. Using presentation compiler with project's scala-library version: 3.3.5
Feb 18, 2025 11:48:58 A.M. scala.meta.internal.pc.CompilerAccess handleError
SEVERE: A severe compiler error occurred, full details of the error can be found in the error report /Users/admin/datastructure/.metals/.reports/metals-full/2025-02-18/r_compiler-error_11-48-58-687.md
2025.02.18 11:48:58 INFO  no build target found for /Users/admin/datastructure/SortInWave/sortInWave.java. Using presentation compiler with project's scala-library version: 3.3.5
Feb 18, 2025 11:48:58 A.M. scala.meta.internal.pc.CompilerAccess handleError
SEVERE: A severe compiler error occurred, full details of the error can be found in the error report /Users/admin/datastructure/.metals/.reports/metals-full/2025-02-18/r_compiler-error_11-48-58-978.md
Feb 18, 2025 11:48:59 A.M. scala.meta.internal.pc.CompilerAccess handleError
SEVERE: A severe compiler error occurred, full details of the error can be found in the error report /Users/admin/datastructure/.metals/.reports/metals-full/2025-02-18/r_compiler-error_11-48-59-060.md
2025.02.18 11:48:58 INFO  no build target found for /Users/admin/datastructure/SortInWave/sortInWave.java. Using presentation compiler with project's scala-library version: 3.3.5
2025.02.18 11:48:59 INFO  no build target found for /Users/admin/datastructure/SortInWave/sortInWave.java. Using presentation compiler with project's scala-library version: 3.3.5
2025.02.18 11:48:59 INFO  no build target found for /Users/admin/datastructure/SortInWave/sortInWave.java. Using presentation compiler with project's scala-library version: 3.3.5
2025.02.18 11:48:59 INFO  no build target found for /Users/admin/datastructure/SortInWave/sortInWave.java. Using presentation compiler with project's scala-library version: 3.3.5
2025.02.18 11:48:59 INFO  no build target found for /Users/admin/datastructure/SortInWave/sortInWave.java. Using presentation compiler with project's scala-library version: 3.3.5
2025.02.18 11:48:59 INFO  no build target found for /Users/admin/datastructure/SortInWave/sortInWave.java. Using presentation compiler with project's scala-library version: 3.3.5
Feb 18, 2025 11:49:00 A.M. scala.meta.internal.pc.CompilerAccess handleError
SEVERE: A severe compiler error occurred, full details of the error can be found in the error report /Users/admin/datastructure/.metals/.reports/metals-full/2025-02-18/r_compiler-error_11-49-00-031.md
2025.02.18 11:49:00 INFO  no build target found for /Users/admin/datastructure/SortInWave/sortInWave.java. Using presentation compiler with project's scala-library version: 3.3.5
2025.02.18 11:49:00 INFO  no build target found for /Users/admin/datastructure/SortInWave/sortInWave.java. Using presentation compiler with project's scala-library version: 3.3.5
2025.02.18 11:49:00 INFO  no build target found for /Users/admin/datastructure/SortInWave/sortInWave.java. Using presentation compiler with project's scala-library version: 3.3.5
Feb 18, 2025 11:49:01 A.M. scala.meta.internal.pc.CompilerAccess handleError
SEVERE: A severe compiler error occurred, full details of the error can be found in the error report /Users/admin/datastructure/.metals/.reports/metals-full/2025-02-18/r_compiler-error_11-49-01-020.md
2025.02.18 11:49:01 WARN  no build target for: /Users/admin/datastructure/SortInWave/sortInWave.java
2025.02.18 11:49:01 INFO  no build target found for /Users/admin/datastructure/SortInWave/sortInWave.java. Using presentation compiler with project's scala-library version: 3.3.5
Feb 18, 2025 11:49:02 A.M. scala.meta.internal.pc.CompilerAccess handleError
SEVERE: A severe compiler error occurred, full details of the error can be found in the error report /Users/admin/datastructure/.metals/.reports/metals-full/2025-02-18/r_compiler-error_11-49-02-166.md
2025.02.18 11:49:20 INFO  Started: Metals version 1.5.1+61-4442b038-SNAPSHOT in folders '/Users/admin/datastructure' for client Visual Studio Code 1.85.1.
2025.02.18 11:49:24 INFO  no build target found for /Users/admin/datastructure/SortInWave/sortInWave.scala. Using presentation compiler with project's scala-library version: 3.3.5
2025.02.18 11:49:25 WARN  no build tool detected in workspace '/Users/admin/datastructure'. The most common cause for this problem is that the editor was opened in the wrong working directory, for example if you use sbt then the workspace directory should contain build.sbt. 
2025.02.18 11:49:25 WARN  Build server is not auto-connectable.
2025.02.18 11:49:25 INFO  no build target found for /Users/admin/datastructure/SortInWave/sortInWave.scala. Using presentation compiler with project's scala-library version: 3.3.5
2025.02.18 11:49:25 WARN  no build target for: /Users/admin/datastructure/SortInWave/sortInWave.scala
2025.02.18 11:49:25 WARN  no build target for: /Users/admin/datastructure/SortInWave/sortInWave.java
Feb 18, 2025 11:49:27 A.M. org.eclipse.lsp4j.jsonrpc.RemoteEndpoint handleCancellation
WARNING: Unmatched cancel notification for request id 1
2025.02.18 11:49:27 INFO  no build target found for /Users/admin/datastructure/SortInWave/sortInWave.scala. Using presentation compiler with project's scala-library version: 3.3.5
2025.02.18 11:49:34 INFO  no build target found for /Users/admin/datastructure/SortInWave/sortInWave.scala. Using presentation compiler with project's scala-library version: 3.3.5
java.util.concurrent.RejectedExecutionException: Task Future(<not completed>) rejected from java.util.concurrent.ThreadPoolExecutor@2344fc66[Shutting down, pool size = 2, active threads = 2, queued tasks = 0, completed tasks = 160]
	at java.base/java.util.concurrent.ThreadPoolExecutor$AbortPolicy.rejectedExecution(ThreadPoolExecutor.java:2081)
	at java.base/java.util.concurrent.ThreadPoolExecutor.reject(ThreadPoolExecutor.java:841)
	at java.base/java.util.concurrent.ThreadPoolExecutor.execute(ThreadPoolExecutor.java:1376)
	at scala.concurrent.impl.ExecutionContextImpl.execute(ExecutionContextImpl.scala:21)
	at scala.concurrent.impl.Promise$Transformation.submitWithValue(Promise.scala:429)
	at scala.concurrent.impl.Promise$DefaultPromise.submitWithValue(Promise.scala:338)
	at scala.concurrent.impl.Promise$DefaultPromise.tryComplete0(Promise.scala:285)
	at scala.concurrent.impl.Promise$Transformation.handleFailure(Promise.scala:444)
	at scala.concurrent.impl.Promise$Transformation.run(Promise.scala:506)
	at java.base/java.util.concurrent.ThreadPoolExecutor.runWorker(ThreadPoolExecutor.java:1144)
	at java.base/java.util.concurrent.ThreadPoolExecutor$Worker.run(ThreadPoolExecutor.java:642)
	at java.base/java.lang.Thread.run(Thread.java:1589)
2025.02.18 20:47:59 INFO  Started: Metals version 1.5.1+61-4442b038-SNAPSHOT in folders '/Users/admin/datastructure' for client Visual Studio Code 1.85.1.
2025.02.18 20:48:00 INFO  no build target found for /Users/admin/datastructure/subarraysum/sortInWave.scala. Using presentation compiler with project's scala-library version: 3.3.5
2025.02.18 20:48:00 INFO  no build target found for /Users/admin/datastructure/subarraysum/sortInWave.scala. Using presentation compiler with project's scala-library version: 3.3.5
2025.02.18 20:48:00 WARN  no build target for: /Users/admin/datastructure/subarraysum/sortInWave.scala
2025.02.18 20:48:00 WARN  no build target for: /Users/admin/datastructure/subarraysum/sortInWave.scala
2025.02.18 20:48:01 WARN  scala-cli >= 0.1.3 not found in PATH, fetching and starting a JVM-based Scala CLI
2025.02.18 20:48:02 INFO  no build target found for /Users/admin/datastructure/subarraysum/sortInWave.scala. Using presentation compiler with project's scala-library version: 3.3.5
2025.02.18 20:48:05 INFO  Running List(/Library/Java/JavaVirtualMachines/jdk-19.jdk/Contents/Home/bin/java, -cp, /Users/admin/Library/Caches/Coursier/v1/https/repo1.maven.org/maven2/org/virtuslab/scala-cli/cli_3/1.6.1/cli_3-1.6.1.jar:/Users/admin/Library/Caches/Coursier/v1/https/repo1.maven.org/maven2/com/github/alexarchambault/case-app_3/2.1.0-M29/case-app_3-2.1.0-M29.jar:/Users/admin/Library/Caches/Coursier/v1/https/repo1.maven.org/maven2/io/get-coursier/coursier-launcher_2.13/2.1.24/coursier-launcher_2.13-2.1.24.jar:/Users/admin/Library/Caches/Coursier/v1/https/repo1.maven.org/maven2/io/get-coursier/coursier-proxy-setup/2.1.24/coursier-proxy-setup-2.1.24.jar:/Users/admin/Library/Caches/Coursier/v1/https/repo1.maven.org/maven2/io/get-coursier/publish/publish_2.13/0.2.0/publish_2.13-0.2.0.jar:/Users/admin/Library/Caches/Coursier/v1/https/repo1.maven.org/maven2/com/google/jimfs/jimfs/1.3.0/jimfs-1.3.0.jar:/Users/admin/Library/Caches/Coursier/v1/https/repo1.maven.org/maven2/io/get-coursier/jniutils/windows-jni-utils/0.3.3/windows-jni-utils-0.3.3.jar:/Users/admin/Library/Caches/Coursier/v1/https/repo1.maven.org/maven2/com/github/plokhotnyuk/jsoniter-scala/jsoniter-scala-core_3/2.13.5.2/jsoniter-scala-core_3-2.13.5.2.jar:/Users/admin/Library/Caches/Coursier/v1/https/repo1.maven.org/maven2/org/virtuslab/scala-cli/libsodiumjni/0.0.4/libsodiumjni-0.0.4.jar:/Users/admin/Library/Caches/Coursier/v1/https/repo1.maven.org/maven2/org/scalameta/metaconfig-typesafe-config_3/0.14.0/metaconfig-typesafe-config_3-0.14.0.jar:/Users/admin/Library/Caches/Coursier/v1/https/repo1.maven.org/maven2/ai/kien/python-native-libs_3/0.2.4/python-native-libs_3-0.2.4.jar:/Users/admin/Library/Caches/Coursier/v1/https/repo1.maven.org/maven2/org/virtuslab/scala-packager_2.13/0.1.31/scala-packager_2.13-0.1.31.jar:/Users/admin/Library/Caches/Coursier/v1/https/repo1.maven.org/maven2/org/virtuslab/scala-cli-signing/cli_3/0.2.4/cli_3-0.2.4.jar:/Users/admin/Library/Caches/Coursier/v1/https/repo1.maven.org/maven2/org/slf4j/slf4j-nop/2.0.16/slf4j-nop-2.0.16.jar:/Users/admin/Library/Caches/Coursier/v1/https/repo1.maven.org/maven2/com/softwaremill/sttp/client3/core_2.13/3.10.2/core_2.13-3.10.2.jar:/Users/admin/Library/Caches/Coursier/v1/https/repo1.maven.org/maven2/ch/epfl/scala/scalafix-interfaces/0.14.0/scalafix-interfaces-0.14.0.jar:/Users/admin/Library/Caches/Coursier/v1/https/repo1.maven.org/maven2/org/scala-lang/scala3-library_3/3.3.4/scala3-library_3-3.3.4.jar:/Users/admin/Library/Caches/Coursier/v1/https/repo1.maven.org/maven2/org/virtuslab/scala-cli/build-module_3/1.6.1/build-module_3-1.6.1.jar:/Users/admin/Library/Caches/Coursier/v1/https/repo1.maven.org/maven2/org/virtuslab/scala-cli/config_3/1.6.1/config_3-1.6.1.jar:/Users/admin/Library/Caches/Coursier/v1/https/repo1.maven.org/maven2/org/virtuslab/scala-cli/scala3-graal_3/1.6.1/scala3-graal_3-1.6.1.jar:/Users/admin/Library/Caches/Coursier/v1/https/repo1.maven.org/maven2/org/virtuslab/scala-cli/specification-level_3/1.6.1/specification-level_3-1.6.1.jar:/Users/admin/Library/Caches/Coursier/v1/https/repo1.maven.org/maven2/com/lihaoyi/sourcecode_3/0.4.2/sourcecode_3-0.4.2.jar:/Users/admin/Library/Caches/Coursier/v1/https/repo1.maven.org/maven2/com/github/alexarchambault/case-app-annotations_3/2.1.0-M29/case-app-annotations_3-2.1.0-M29.jar:/Users/admin/Library/Caches/Coursier/v1/https/repo1.maven.org/maven2/com/github/alexarchambault/case-app-util_3/2.1.0-M29/case-app-util_3-2.1.0-M29.jar:/Users/admin/Library/Caches/Coursier/v1/https/repo1.maven.org/maven2/io/github/alexarchambault/scala-cli/tmp/zip-input-stream/0.1.1/zip-input-stream-0.1.1.jar:/Users/admin/Library/Caches/Coursier/v1/https/repo1.maven.org/maven2/org/scala-lang/scala-library/2.13.16/scala-library-2.13.16.jar:/Users/admin/Library/Caches/Coursier/v1/https/repo1.maven.org/maven2/io/get-coursier/coursier-cache_2.13/2.1.24/coursier-cache_2.13-2.1.24.jar:/Users/admin/Library/Caches/Coursier/v1/https/repo1.maven.org/maven2/io/get-coursier/coursier-core_2.13/2.1.24/coursier-core_2.13-2.1.24.jar:/Users/admin/Library/Caches/Coursier/v1/https/repo1.maven.org/maven2/com/google/guava/guava/33.4.0-jre/guava-33.4.0-jre.jar:/Users/admin/Library/Caches/Coursier/v1/https/repo1.maven.org/maven2/net/java/dev/jna/jna/5.13.0/jna-5.13.0.jar:/Users/admin/Library/Caches/Coursier/v1/https/repo1.maven.org/maven2/net/java/dev/jna/jna-platform/5.12.1/jna-platform-5.12.1.jar:/Users/admin/Library/Caches/Coursier/v1/https/repo1.maven.org/maven2/org/scalameta/metaconfig-core_3/0.14.0/metaconfig-core_3-0.14.0.jar:/Users/admin/Library/Caches/Coursier/v1/https/repo1.maven.org/maven2/com/typesafe/config/1.4.3/config-1.4.3.jar:/Users/admin/Library/Caches/Coursier/v1/https/repo1.maven.org/maven2/org/scala-lang/modules/scala-collection-compat_3/2.12.0/scala-collection-compat_3-2.12.0.jar:/Users/admin/Library/Caches/Coursier/v1/https/repo1.maven.org/maven2/commons-io/commons-io/2.18.0/commons-io-2.18.0.jar:/Users/admin/Library/Caches/Coursier/v1/https/repo1.maven.org/maven2/com/google/cloud/tools/jib-core/0.27.2/jib-core-0.27.2.jar:/Users/admin/Library/Caches/Coursier/v1/https/repo1.maven.org/maven2/org/bouncycastle/bcpg-jdk18on/1.78.1/bcpg-jdk18on-1.78.1.jar:/Users/admin/Library/Caches/Coursier/v1/https/repo1.maven.org/maven2/org/virtuslab/scala-cli-signing/shared_3/0.2.4/shared_3-0.2.4.jar:/Users/admin/Library/Caches/Coursier/v1/https/repo1.maven.org/maven2/org/slf4j/slf4j-api/2.0.16/slf4j-api-2.0.16.jar:/Users/admin/Library/Caches/Coursier/v1/https/repo1.maven.org/maven2/com/softwaremill/sttp/model/core_2.13/1.7.11/core_2.13-1.7.11.jar:/Users/admin/Library/Caches/Coursier/v1/https/repo1.maven.org/maven2/com/softwaremill/sttp/shared/core_2.13/1.3.22/core_2.13-1.3.22.jar:/Users/admin/Library/Caches/Coursier/v1/https/repo1.maven.org/maven2/com/softwaremill/sttp/shared/ws_2.13/1.3.22/ws_2.13-1.3.22.jar:/Users/admin/Library/Caches/Coursier/v1/https/repo1.maven.org/maven2/io/get-coursier/interface/1.0.26/interface-1.0.26.jar:/Users/admin/Library/Caches/Coursier/v1/https/repo1.maven.org/maven2/org/ow2/asm/asm/9.7.1/asm-9.7.1.jar:/Users/admin/Library/Caches/Coursier/v1/https/repo1.maven.org/maven2/org/virtuslab/scala-cli/java-class-name/java-class-name_3/0.1.4/java-class-name_3-0.1.4.jar:/Users/admin/Library/Caches/Coursier/v1/https/repo1.maven.org/maven2/org/scalameta/semanticdb-shared_2.13.16/4.9.9/semanticdb-shared_2.13.16-4.9.9.jar:/Users/admin/Library/Caches/Coursier/v1/https/repo1.maven.org/maven2/org/scala-native/test-runner_3/0.5.6/test-runner_3-0.5.6.jar:/Users/admin/Library/Caches/Coursier/v1/https/repo1.maven.org/maven2/com/lihaoyi/os-lib_3/0.11.3/os-lib_3-0.11.3.jar:/Users/admin/Library/Caches/Coursier/v1/https/repo1.maven.org/maven2/com/lihaoyi/pprint_3/0.9.0/pprint_3-0.9.0.jar:/Users/admin/Library/Caches/Coursier/v1/https/repo1.maven.org/maven2/org/scala-js/scalajs-env-nodejs_2.13/1.4.0/scalajs-env-nodejs_2.13-1.4.0.jar:/Users/admin/Library/Caches/Coursier/v1/https/repo1.maven.org/maven2/org/scala-js/scalajs-sbt-test-adapter_2.13/1.18.1/scalajs-sbt-test-adapter_2.13-1.18.1.jar:/Users/admin/Library/Caches/Coursier/v1/https/repo1.maven.org/maven2/com/swoval/file-tree-views/2.1.12/file-tree-views-2.1.12.jar:/Users/admin/Library/Caches/Coursier/v1/https/repo1.maven.org/maven2/org/virtuslab/scala-cli/zip-input-stream/zip-input-stream/0.1.2/zip-input-stream-0.1.2.jar:/Users/admin/Library/Caches/Coursier/v1/https/repo1.maven.org/maven2/org/virtuslab/scala-cli/options_3/1.6.1/options_3-1.6.1.jar:/Users/admin/Library/Caches/Coursier/v1/https/repo1.maven.org/maven2/org/virtuslab/scala-cli/directives_3/1.6.1/directives_3-1.6.1.jar:/Users/admin/Library/Caches/Coursier/v1/https/repo1.maven.org/maven2/org/virtuslab/scala-cli/scala-cli-bsp/1.6.1/scala-cli-bsp-1.6.1.jar:/Users/admin/Library/Caches/Coursier/v1/https/repo1.maven.org/maven2/org/virtuslab/scala-cli/test-runner_3/1.6.1/test-runner_3-1.6.1.jar:/Users/admin/Library/Caches/Coursier/v1/https/repo1.maven.org/maven2/org/virtuslab/scala-cli/tasty-lib_3/1.6.1/tasty-lib_3-1.6.1.jar:/Users/admin/Library/Caches/Coursier/v1/https/repo1.maven.org/maven2/io/github/alexarchambault/is-terminal/0.1.1/is-terminal-0.1.1.jar:/Users/admin/Library/Caches/Coursier/v1/https/repo1.maven.org/maven2/org/codehaus/plexus/plexus-archiver/4.10.0/plexus-archiver-4.10.0.jar:/Users/admin/Library/Caches/Coursier/v1/https/repo1.maven.org/maven2/org/codehaus/plexus/plexus-container-default/2.1.1/plexus-container-default-2.1.1.jar:/Users/admin/Library/Caches/Coursier/v1/https/repo1.maven.org/maven2/io/github/alexarchambault/windows-ansi/windows-ansi/0.0.6/windows-ansi-0.0.6.jar:/Users/admin/Library/Caches/Coursier/v1/https/repo1.maven.org/maven2/io/get-coursier/cache-util/2.1.24/cache-util-2.1.24.jar:/Users/admin/Library/Caches/Coursier/v1/https/repo1.maven.org/maven2/io/get-coursier/coursier-util_2.13/2.1.24/coursier-util_2.13-2.1.24.jar:/Users/admin/Library/Caches/Coursier/v1/https/repo1.maven.org/maven2/io/github/alexarchambault/concurrent-reference-hash-map/1.1.0/concurrent-reference-hash-map-1.1.0.jar:/Users/admin/Library/Caches/Coursier/v1/https/repo1.maven.org/maven2/org/scala-lang/modules/scala-xml_2.13/2.3.0/scala-xml_2.13-2.3.0.jar:/Users/admin/Library/Caches/Coursier/v1/https/repo1.maven.org/maven2/com/google/guava/failureaccess/1.0.2/failureaccess-1.0.2.jar:/Users/admin/Library/Caches/Coursier/v1/https/repo1.maven.org/maven2/com/google/guava/listenablefuture/9999.0-empty-to-avoid-conflict-with-guava/listenablefuture-9999.0-empty-to-avoid-conflict-with-guava.jar:/Users/admin/Library/Caches/Coursier/v1/https/repo1.maven.org/maven2/com/google/code/findbugs/jsr305/3.0.2/jsr305-3.0.2.jar:/Users/admin/Library/Caches/Coursier/v1/https/repo1.maven.org/maven2/org/checkerframework/checker-qual/3.43.0/checker-qual-3.43.0.jar:/Users/admin/Library/Caches/Coursier/v1/https/repo1.maven.org/maven2/com/google/errorprone/error_prone_annotations/2.36.0/error_prone_annotations-2.36.0.jar:/Users/admin/Library/Caches/Coursier/v1/https/repo1.maven.org/maven2/com/google/j2objc/j2objc-annotations/3.0.0/j2objc-annotations-3.0.0.jar:/Users/admin/Library/Caches/Coursier/v1/https/repo1.maven.org/maven2/org/scalameta/metaconfig-pprint_3/0.14.0/metaconfig-pprint_3-0.14.0.jar:/Users/admin/Library/Caches/Coursier/v1/https/repo1.maven.org/maven2/org/typelevel/paiges-core_3/0.4.4/paiges-core_3-0.4.4.jar:/Users/admin/Library/Caches/Coursier/v1/https/repo1.maven.org/maven2/org/scala-lang/scala-reflect/2.13.15/scala-reflect-2.13.15.jar:/Users/admin/Library/Caches/Coursier/v1/https/repo1.maven.org/maven2/com/google/cloud/tools/jib-build-plan/0.4.0/jib-build-plan-0.4.0.jar:/Users/admin/Library/Caches/Coursier/v1/https/repo1.maven.org/maven2/com/google/http-client/google-http-client/1.42.2/google-http-client-1.42.2.jar:/Users/admin/Library/Caches/Coursier/v1/https/repo1.maven.org/maven2/com/google/http-client/google-http-client-apache-v2/1.42.2/google-http-client-apache-v2-1.42.2.jar:/Users/admin/Library/Caches/Coursier/v1/https/repo1.maven.org/maven2/com/google/auth/google-auth-library-oauth2-http/1.10.0/google-auth-library-oauth2-http-1.10.0.jar:/Users/admin/Library/Caches/Coursier/v1/https/repo1.maven.org/maven2/org/apache/commons/commons-compress/1.26.2/commons-compress-1.26.2.jar:/Users/admin/Library/Caches/Coursier/v1/https/repo1.maven.org/maven2/com/fasterxml/jackson/core/jackson-databind/2.15.2/jackson-databind-2.15.2.jar:/Users/admin/Library/Caches/Coursier/v1/https/repo1.maven.org/maven2/com/fasterxml/jackson/datatype/jackson-datatype-jsr310/2.15.2/jackson-datatype-jsr310-2.15.2.jar:/Users/admin/Library/Caches/Coursier/v1/https/repo1.maven.org/maven2/org/bouncycastle/bcprov-jdk18on/1.78.1/bcprov-jdk18on-1.78.1.jar:/Users/admin/Library/Caches/Coursier/v1/https/repo1.maven.org/maven2/org/bouncycastle/bcutil-jdk18on/1.78.1/bcutil-jdk18on-1.78.1.jar:/Users/admin/Library/Caches/Coursier/v1/https/repo1.maven.org/maven2/org/scala-lang/scala3-compiler_3/3.3.4/scala3-compiler_3-3.3.4.jar:/Users/admin/Library/Caches/Coursier/v1/https/repo1.maven.org/maven2/org/scalameta/scalameta_2.13/4.9.9/scalameta_2.13-4.9.9.jar:/Users/admin/Library/Caches/Coursier/v1/https/repo1.maven.org/maven2/com/thesamet/scalapb/scalapb-runtime_2.13/0.11.17/scalapb-runtime_2.13-0.11.17.jar:/Users/admin/Library/Caches/Coursier/v1/https/repo1.maven.org/maven2/org/scala-native/tools_3/0.5.6/tools_3-0.5.6.jar:/Users/admin/Library/Caches/Coursier/v1/https/repo1.maven.org/maven2/org/scala-sbt/test-interface/1.0/test-interface-1.0.jar:/Users/admin/Library/Caches/Coursier/v1/https/repo1.maven.org/maven2/com/github/sbt/junit-interface/0.13.3/junit-interface-0.13.3.jar:/Users/admin/Library/Caches/Coursier/v1/https/repo1.maven.org/maven2/junit/junit/4.13.2/junit-4.13.2.jar:/Users/admin/Library/Caches/Coursier/v1/https/repo1.maven.org/maven2/com/lihaoyi/geny_3/1.1.1/geny_3-1.1.1.jar:/Users/admin/Library/Caches/Coursier/v1/https/repo1.maven.org/maven2/com/lihaoyi/fansi_3/0.5.0/fansi_3-0.5.0.jar:/Users/admin/Library/Caches/Coursier/v1/https/repo1.maven.org/maven2/org/scala-js/scalajs-js-envs_2.13/1.4.0/scalajs-js-envs_2.13-1.4.0.jar:/Users/admin/Library/Caches/Coursier/v1/https/repo1.maven.org/maven2/ch/epfl/scala/bloop-config_2.13/2.3.1/bloop-config_2.13-2.3.1.jar:/Users/admin/Library/Caches/Coursier/v1/https/repo1.maven.org/maven2/org/virtuslab/scala-cli/core_3/1.6.1/core_3-1.6.1.jar:/Users/admin/Library/Caches/Coursier/v1/https/repo1.maven.org/maven2/org/virtuslab/using_directives/1.1.4/using_directives-1.1.4.jar:/Users/admin/Library/Caches/Coursier/v1/https/repo1.maven.org/maven2/org/virtuslab/scala-cli/build-macros_3/1.6.1/build-macros_3-1.6.1.jar:/Users/admin/Library/Caches/Coursier/v1/https/repo1.maven.org/maven2/ch/epfl/scala/bsp4j/2.1.1/bsp4j-2.1.1.jar:/Users/admin/Library/Caches/Coursier/v1/https/repo1.maven.org/maven2/javax/inject/javax.inject/1/javax.inject-1.jar:/Users/admin/Library/Caches/Coursier/v1/https/repo1.maven.org/maven2/org/codehaus/plexus/plexus-utils/4.0.1/plexus-utils-4.0.1.jar:/Users/admin/Library/Caches/Coursier/v1/https/repo1.maven.org/maven2/org/codehaus/plexus/plexus-io/3.5.0/plexus-io-3.5.0.jar:/Users/admin/Library/Caches/Coursier/v1/https/repo1.maven.org/maven2/io/airlift/aircompressor/0.27/aircompressor-0.27.jar:/Users/admin/Library/Caches/Coursier/v1/https/repo1.maven.org/maven2/org/tukaani/xz/1.9/xz-1.9.jar:/Users/admin/Library/Caches/Coursier/v1/https/repo1.maven.org/maven2/com/github/luben/zstd-jni/1.5.6-3/zstd-jni-1.5.6-3.jar:/Users/admin/Library/Caches/Coursier/v1/https/repo1.maven.org/maven2/org/codehaus/plexus/plexus-classworlds/2.6.0/plexus-classworlds-2.6.0.jar:/Users/admin/Library/Caches/Coursier/v1/https/repo1.maven.org/maven2/org/apache/xbean/xbean-reflect/3.7/xbean-reflect-3.7.jar:/Users/admin/Library/Caches/Coursier/v1/https/repo1.maven.org/maven2/org/fusesource/jansi/jansi/2.4.1/jansi-2.4.1.jar:/Users/admin/Library/Caches/Coursier/v1/https/repo1.maven.org/maven2/org/apache/httpcomponents/httpclient/4.5.13/httpclient-4.5.13.jar:/Users/admin/Library/Caches/Coursier/v1/https/repo1.maven.org/maven2/org/apache/httpcomponents/httpcore/4.4.15/httpcore-4.4.15.jar:/Users/admin/Library/Caches/Coursier/v1/https/repo1.maven.org/maven2/io/opencensus/opencensus-api/0.31.1/opencensus-api-0.31.1.jar:/Users/admin/Library/Caches/Coursier/v1/https/repo1.maven.org/maven2/io/opencensus/opencensus-contrib-http-util/0.31.1/opencensus-contrib-http-util-0.31.1.jar:/Users/admin/Library/Caches/Coursier/v1/https/repo1.maven.org/maven2/com/google/auto/value/auto-value-annotations/1.9/auto-value-annotations-1.9.jar:/Users/admin/Library/Caches/Coursier/v1/https/repo1.maven.org/maven2/com/google/auth/google-auth-library-credentials/1.10.0/google-auth-library-credentials-1.10.0.jar:/Users/admin/Library/Caches/Coursier/v1/https/repo1.maven.org/maven2/com/google/http-client/google-http-client-gson/1.42.2/google-http-client-gson-1.42.2.jar:/Users/admin/Library/Caches/Coursier/v1/https/repo1.maven.org/maven2/commons-codec/commons-codec/1.17.0/commons-codec-1.17.0.jar:/Users/admin/Library/Caches/Coursier/v1/https/repo1.maven.org/maven2/org/apache/commons/commons-lang3/3.14.0/commons-lang3-3.14.0.jar:/Users/admin/Library/Caches/Coursier/v1/https/repo1.maven.org/maven2/com/fasterxml/jackson/core/jackson-annotations/2.15.2/jackson-annotations-2.15.2.jar:/Users/admin/Library/Caches/Coursier/v1/https/repo1.maven.org/maven2/com/fasterxml/jackson/core/jackson-core/2.15.2/jackson-core-2.15.2.jar:/Users/admin/Library/Caches/Coursier/v1/https/repo1.maven.org/maven2/org/scala-lang/scala3-interfaces/3.3.4/scala3-interfaces-3.3.4.jar:/Users/admin/Library/Caches/Coursier/v1/https/repo1.maven.org/maven2/org/scala-lang/tasty-core_3/3.3.4/tasty-core_3-3.3.4.jar:/Users/admin/Library/Caches/Coursier/v1/https/repo1.maven.org/maven2/org/scala-lang/modules/scala-asm/9.6.0-scala-1/scala-asm-9.6.0-scala-1.jar:/Users/admin/Library/Caches/Coursier/v1/https/repo1.maven.org/maven2/org/scala-sbt/compiler-interface/1.9.6/compiler-interface-1.9.6.jar:/Users/admin/Library/Caches/Coursier/v1/https/repo1.maven.org/maven2/org/scalameta/parsers_2.13/4.9.9/parsers_2.13-4.9.9.jar:/Users/admin/Library/Caches/Coursier/v1/https/repo1.maven.org/maven2/org/scala-lang/scalap/2.13.11/scalap-2.13.11.jar:/Users/admin/Library/Caches/Coursier/v1/https/repo1.maven.org/maven2/com/thesamet/scalapb/lenses_2.13/0.11.17/lenses_2.13-0.11.17.jar:/Users/admin/Library/Caches/Coursier/v1/https/repo1.maven.org/maven2/com/google/protobuf/protobuf-java/3.19.6/protobuf-java-3.19.6.jar:/Users/admin/Library/Caches/Coursier/v1/https/repo1.maven.org/maven2/org/scala-native/nir_3/0.5.6/nir_3-0.5.6.jar:/Users/admin/Library/Caches/Coursier/v1/https/repo1.maven.org/maven2/org/scala-native/util_3/0.5.6/util_3-0.5.6.jar:/Users/admin/Library/Caches/Coursier/v1/https/repo1.maven.org/maven2/org/hamcrest/hamcrest-core/1.3/hamcrest-core-1.3.jar:/Users/admin/Library/Caches/Coursier/v1/https/repo1.maven.org/maven2/org/scala-js/scalajs-logging_2.13/1.1.1/scalajs-logging_2.13-1.1.1.jar:/Users/admin/Library/Caches/Coursier/v1/https/repo1.maven.org/maven2/com/lihaoyi/unroll-annotation_2.13/0.1.12/unroll-annotation_2.13-0.1.12.jar:/Users/admin/Library/Caches/Coursier/v1/https/repo1.maven.org/maven2/ch/epfl/scala/bloop-rifle_2.13/2.0.8/bloop-rifle_2.13-2.0.8.jar:/Users/admin/Library/Caches/Coursier/v1/https/repo1.maven.org/maven2/io/get-coursier/coursier-jvm_2.13/2.1.24/coursier-jvm_2.13-2.1.24.jar:/Users/admin/Library/Caches/Coursier/v1/https/repo1.maven.org/maven2/io/get-coursier/dependency_3/0.3.2/dependency_3-0.3.2.jar:/Users/admin/Library/Caches/Coursier/v1/https/repo1.maven.org/maven2/org/eclipse/jgit/org.eclipse.jgit/6.8.0.202311291450-r/org.eclipse.jgit-6.8.0.202311291450-r.jar:/Users/admin/Library/Caches/Coursier/v1/https/repo1.maven.org/maven2/org/scala-js/scalajs-env-jsdom-nodejs_2.13/1.1.0/scalajs-env-jsdom-nodejs_2.13-1.1.0.jar:/Users/admin/Library/Caches/Coursier/v1/https/repo1.maven.org/maven2/org/eclipse/lsp4j/org.eclipse.lsp4j.generator/0.20.1/org.eclipse.lsp4j.generator-0.20.1.jar:/Users/admin/Library/Caches/Coursier/v1/https/repo1.maven.org/maven2/org/eclipse/lsp4j/org.eclipse.lsp4j.jsonrpc/0.20.1/org.eclipse.lsp4j.jsonrpc-0.20.1.jar:/Users/admin/Library/Caches/Coursier/v1/https/repo1.maven.org/maven2/commons-logging/commons-logging/1.2/commons-logging-1.2.jar:/Users/admin/Library/Caches/Coursier/v1/https/repo1.maven.org/maven2/io/grpc/grpc-context/1.27.2/grpc-context-1.27.2.jar:/Users/admin/Library/Caches/Coursier/v1/https/repo1.maven.org/maven2/com/google/code/gson/gson/2.10.1/gson-2.10.1.jar:/Users/admin/Library/Caches/Coursier/v1/https/repo1.maven.org/maven2/org/scala-sbt/util-interface/1.9.8/util-interface-1.9.8.jar:/Users/admin/Library/Caches/Coursier/v1/https/repo1.maven.org/maven2/org/scalameta/trees_2.13/4.9.9/trees_2.13-4.9.9.jar:/Users/admin/Library/Caches/Coursier/v1/https/repo1.maven.org/maven2/org/scala-lang/scala-compiler/2.13.11/scala-compiler-2.13.11.jar:/Users/admin/Library/Caches/Coursier/v1/https/repo1.maven.org/maven2/ch/epfl/scala/libdaemon_2.13/0.0.12/libdaemon_2.13-0.0.12.jar:/Users/admin/Library/Caches/Coursier/v1/https/repo1.maven.org/maven2/io/github/alexarchambault/scala-cli/snailgun/snailgun-core_2.13/0.4.1-sc2/snailgun-core_2.13-0.4.1-sc2.jar:/Users/admin/Library/Caches/Coursier/v1/https/repo1.maven.org/maven2/io/get-coursier/coursier_2.13/2.1.24/coursier_2.13-2.1.24.jar:/Users/admin/Library/Caches/Coursier/v1/https/repo1.maven.org/maven2/io/get-coursier/coursier-env_2.13/2.1.24/coursier-env_2.13-2.1.24.jar:/Users/admin/Library/Caches/Coursier/v1/https/repo1.maven.org/maven2/com/googlecode/javaewah/JavaEWAH/1.2.3/JavaEWAH-1.2.3.jar:/Users/admin/Library/Caches/Coursier/v1/https/repo1.maven.org/maven2/org/eclipse/xtend/org.eclipse.xtend.lib/2.28.0/org.eclipse.xtend.lib-2.28.0.jar:/Users/admin/Library/Caches/Coursier/v1/https/repo1.maven.org/maven2/org/scalameta/common_2.13/4.9.9/common_2.13-4.9.9.jar:/Users/admin/Library/Caches/Coursier/v1/https/repo1.maven.org/maven2/io/github/java-diff-utils/java-diff-utils/4.12/java-diff-utils-4.12.jar:/Users/admin/Library/Caches/Coursier/v1/https/repo1.maven.org/maven2/io/get-coursier/dependency_2.13/0.3.2/dependency_2.13-0.3.2.jar:/Users/admin/Library/Caches/Coursier/v1/https/repo1.maven.org/maven2/org/eclipse/xtext/org.eclipse.xtext.xbase.lib/2.28.0/org.eclipse.xtext.xbase.lib-2.28.0.jar:/Users/admin/Library/Caches/Coursier/v1/https/repo1.maven.org/maven2/org/eclipse/xtend/org.eclipse.xtend.lib.macro/2.28.0/org.eclipse.xtend.lib.macro-2.28.0.jar, scala.cli.ScalaCli, bsp, /Users/admin/datastructure)
2025.02.18 20:48:05 INFO  tracing is disabled for protocol BSP, to enable tracing of incoming and outgoing JSON messages create an empty file at /Users/admin/datastructure/.metals/bsp.trace.json or /Users/admin/Library/Caches/org.scalameta.metals/bsp.trace.json
2025.02.18 20:48:06 INFO  no build target found for /Users/admin/datastructure/subarraysum/sortInWave.scala. Using presentation compiler with project's scala-library version: 3.3.5
2025.02.18 20:48:06 INFO  no build target found for /Users/admin/datastructure/subarraysum/sortInWave.scala. Using presentation compiler with project's scala-library version: 3.3.5
2025.02.18 20:48:08 INFO  Scala CLI: Starting compilation server
2025.02.18 20:48:09 INFO  no build target found for /Users/admin/datastructure/subarraysum/sortInWave.scala. Using presentation compiler with project's scala-library version: 3.3.5
2025.02.18 20:48:09 INFO  no build target found for /Users/admin/datastructure/subarraysum/sortInWave.scala. Using presentation compiler with project's scala-library version: 3.3.5
2025.02.18 20:48:11 INFO  no build target found for /Users/admin/datastructure/subarraysum/sortInWave.scala. Using presentation compiler with project's scala-library version: 3.3.5
2025.02.18 20:48:11 INFO  no build target found for /Users/admin/datastructure/subarraysum/sortInWave.scala. Using presentation compiler with project's scala-library version: 3.3.5
2025.02.18 20:48:11 INFO  no build target found for /Users/admin/datastructure/subarraysum/sortInWave.scala. Using presentation compiler with project's scala-library version: 3.3.5
2025.02.18 20:48:11 INFO  Connected to Scala CLI server v1.6.1
2025.02.18 20:48:12 INFO  compiling datastructure_d5c0a6989e (2 scala sources and 2 java sources)
Feb 18, 2025 8:48:14 P.M. org.eclipse.lsp4j.jsonrpc.RemoteEndpoint handleNotification
WARNING: Notification threw an exception: {
  "jsonrpc": "2.0",
  "method": "textDocument/didChange",
  "params": {
    "textDocument": {
      "version": 5,
      "uri": "file:///Users/admin/datastructure/subarraysum/sortInWave.scala"
    },
    "contentChanges": [
      {
        "text": "object SubArraySum extends App {\n  val arr \u003d Array(10, 90, 49, 2, 1, 5, 23)\n                //90 ,10 ,49 ,1 ,5 ,2 ,23 \n  // Traverse all even indices and print the elements at even indices\n  SortInWav(arr)\n  arr.foreach(println)\n}\n//o(n)\ndef sas(arr:Array[Int])\u003d{\n   for (i \u003c- 0 until arr.length-1 by 2) {\n    if(i\u003e0 \u0026\u0026 arr(i)\u003c arr(i-1)){ \n        val temp\u003darr(i)\n        arr(i)\u003darr(i-1)\n        arr(i-1)\u003dtemp\n    }\n    if(i\u003carr.length-1 \u0026\u0026 arr(i)\u003c arr(i+1)){ \n        val temp\u003darr(i)\n        arr(i)\u003darr(i+1)\n        arr(i+1)\u003dtemp\n    }\n  }\n}"
      }
    ]
  }
}
java.lang.IllegalArgumentException: -1 is not a valid offset, allowed [0..542]
	at scala.meta.internal.inputs.InternalInput.offsetToLine(InternalInput.scala:54)
	at scala.meta.internal.inputs.InternalInput.offsetToLine$(InternalInput.scala:48)
	at scala.meta.inputs.Input$VirtualFile.offsetToLine(Input.scala:105)
	at scala.meta.inputs.Position$Range.startLine$lzycompute(Position.scala:45)
	at scala.meta.inputs.Position$Range.startLine(Position.scala:45)
	at scala.meta.internal.mtags.ScalametaCommonEnrichments$XtensionMetaPosition.toLsp(ScalametaCommonEnrichments.scala:80)
	at scala.meta.internal.parsing.TokenEditDistance$Diff.$anonfun$toRevised$8(TokenEditDistance.scala:310)
	at scala.Option.flatMap(Option.scala:283)
	at scala.meta.internal.parsing.TokenEditDistance$Diff.toRevised(TokenEditDistance.scala:241)
	at scala.meta.internal.metals.Diagnostics.toFreshDiagnostic(Diagnostics.scala:320)
	at scala.meta.internal.metals.Diagnostics.$anonfun$publishDiagnostics$2(Diagnostics.scala:276)
	at scala.meta.internal.metals.Diagnostics.$anonfun$publishDiagnostics$2$adapted(Diagnostics.scala:275)
	at scala.collection.IterableOnceOps.foreach(IterableOnce.scala:619)
	at scala.collection.IterableOnceOps.foreach$(IterableOnce.scala:617)
	at scala.collection.AbstractIterable.foreach(Iterable.scala:935)
	at scala.meta.internal.metals.Diagnostics.publishDiagnostics(Diagnostics.scala:275)
	at scala.meta.internal.metals.Diagnostics.publishDiagnostics(Diagnostics.scala:240)
	at scala.meta.internal.metals.Diagnostics.didChange(Diagnostics.scala:153)
	at scala.meta.internal.metals.MetalsLspService.didChange(MetalsLspService.scala:833)
	at scala.meta.internal.metals.ProjectMetalsLspService.didChange(ProjectMetalsLspService.scala:208)
	at scala.meta.internal.metals.WorkspaceLspService.didChange(WorkspaceLspService.scala:442)
	at scala.meta.metals.lsp.DelegatingScalaService.didChange(DelegatingScalaService.scala:46)
	at java.base/jdk.internal.reflect.DirectMethodHandleAccessor.invoke(DirectMethodHandleAccessor.java:104)
	at java.base/java.lang.reflect.Method.invoke(Method.java:578)
	at org.eclipse.lsp4j.jsonrpc.services.GenericEndpoint.lambda$recursiveFindRpcMethods$0(GenericEndpoint.java:65)
	at org.eclipse.lsp4j.jsonrpc.services.GenericEndpoint.notify(GenericEndpoint.java:160)
	at org.eclipse.lsp4j.jsonrpc.RemoteEndpoint.handleNotification(RemoteEndpoint.java:231)
	at org.eclipse.lsp4j.jsonrpc.RemoteEndpoint.consume(RemoteEndpoint.java:198)
	at org.eclipse.lsp4j.jsonrpc.json.StreamMessageProducer.handleMessage(StreamMessageProducer.java:185)
	at org.eclipse.lsp4j.jsonrpc.json.StreamMessageProducer.listen(StreamMessageProducer.java:97)
	at org.eclipse.lsp4j.jsonrpc.json.ConcurrentMessageProcessor.run(ConcurrentMessageProcessor.java:114)
	at java.base/java.util.concurrent.Executors$RunnableAdapter.call(Executors.java:577)
	at java.base/java.util.concurrent.FutureTask.run(FutureTask.java:317)
	at java.base/java.util.concurrent.ThreadPoolExecutor.runWorker(ThreadPoolExecutor.java:1144)
	at java.base/java.util.concurrent.ThreadPoolExecutor$Worker.run(ThreadPoolExecutor.java:642)
	at java.base/java.lang.Thread.run(Thread.java:1589)

2025.02.18 20:48:14 INFO  time: indexed workspace in 3.08s
2025.02.18 20:48:15 INFO  time: compiled datastructure_d5c0a6989e in 2.88s
2025.02.18 20:48:15 INFO  compiling datastructure_d5c0a6989e (2 scala sources and 2 java sources)
2025.02.18 20:48:15 INFO  time: compiled datastructure_d5c0a6989e in 0.57s
2025.02.18 20:48:16 INFO  compiling datastructure_d5c0a6989e (2 scala sources and 2 java sources)
2025.02.18 20:48:16 INFO  Deduplicating compilation of datastructure_d5c0a6989e from bsp client 'scala-cli 1.6.1' (since 6.58s)
2025.02.18 20:48:16 INFO  compiling datastructure_d5c0a6989e (2 scala sources and 2 java sources)
2025.02.18 20:48:16 INFO  time: compiled datastructure_d5c0a6989e in 31ms
2025.02.18 20:48:17 INFO  Scala CLI started for /Users/admin/datastructure
2025.02.18 20:48:17 WARN  no build tool detected in workspace '/Users/admin/datastructure'. The most common cause for this problem is that the editor was opened in the wrong working directory, for example if you use sbt then the workspace directory should contain build.sbt. 
2025.02.18 20:48:17 WARN  Build server is not auto-connectable.
Feb 18, 2025 8:48:27 P.M. org.eclipse.lsp4j.jsonrpc.services.GenericEndpoint notify
WARNING: Unsupported notification method: metals/windowStateDidChange
Feb 18, 2025 8:49:01 P.M. org.eclipse.lsp4j.jsonrpc.services.GenericEndpoint notify
WARNING: Unsupported notification method: metals/windowStateDidChange
Feb 18, 2025 8:49:03 P.M. org.eclipse.lsp4j.jsonrpc.services.GenericEndpoint notify
WARNING: Unsupported notification method: metals/windowStateDidChange
Feb 18, 2025 8:49:25 P.M. org.eclipse.lsp4j.jsonrpc.services.GenericEndpoint notify
WARNING: Unsupported notification method: metals/windowStateDidChange
Feb 18, 2025 8:49:29 P.M. org.eclipse.lsp4j.jsonrpc.services.GenericEndpoint notify
WARNING: Unsupported notification method: metals/windowStateDidChange
Feb 18, 2025 8:49:48 P.M. org.eclipse.lsp4j.jsonrpc.services.GenericEndpoint notify
WARNING: Unsupported notification method: metals/windowStateDidChange
2025.02.18 20:49:59 WARN  Could not find semantic tokens for: file:///Users/admin/datastructure/subarraysum/sortInWave.scala
Feb 18, 2025 8:50:00 P.M. org.eclipse.lsp4j.jsonrpc.RemoteEndpoint handleCancellation
WARNING: Unmatched cancel notification for request id 67
Feb 18, 2025 8:50:02 P.M. scala.meta.internal.metals.StdReporter $anonfun$create$1
SEVERE: empty definition using pc, found symbol in pc:  (full report at: /Users/admin/datastructure/.metals/.reports/metals-full/2025-02-18/r_empty-definition_(datastructure_d5c0a6989e)_20-50-02-405.md)
2025.02.18 20:50:03 INFO  compiling datastructure_d5c0a6989e (2 scala sources and 2 java sources)
2025.02.18 20:50:03 INFO  time: compiled datastructure_d5c0a6989e in 0.25s
Feb 18, 2025 8:51:06 P.M. org.eclipse.lsp4j.jsonrpc.services.GenericEndpoint notify
WARNING: Unsupported notification method: metals/windowStateDidChange
Feb 18, 2025 9:00:34 P.M. org.eclipse.lsp4j.jsonrpc.services.GenericEndpoint notify
WARNING: Unsupported notification method: metals/windowStateDidChange
Feb 18, 2025 9:01:44 P.M. org.eclipse.lsp4j.jsonrpc.services.GenericEndpoint notify
WARNING: Unsupported notification method: metals/windowStateDidChange
Feb 18, 2025 9:10:45 P.M. org.eclipse.lsp4j.jsonrpc.services.GenericEndpoint notify
WARNING: Unsupported notification method: metals/windowStateDidChange
Feb 18, 2025 9:38:51 P.M. org.eclipse.lsp4j.jsonrpc.services.GenericEndpoint notify
WARNING: Unsupported notification method: metals/windowStateDidChange
Feb 18, 2025 9:39:07 P.M. org.eclipse.lsp4j.jsonrpc.services.GenericEndpoint notify
WARNING: Unsupported notification method: metals/windowStateDidChange
Feb 18, 2025 9:39:13 P.M. org.eclipse.lsp4j.jsonrpc.services.GenericEndpoint notify
WARNING: Unsupported notification method: metals/windowStateDidChange
Feb 18, 2025 9:39:30 P.M. org.eclipse.lsp4j.jsonrpc.services.GenericEndpoint notify
WARNING: Unsupported notification method: metals/windowStateDidChange
2025.02.18 21:39:34 INFO  compiling datastructure_d5c0a6989e (2 scala sources and 2 java sources)
2025.02.18 21:39:34 INFO  time: compiled datastructure_d5c0a6989e in 0.25s
Feb 18, 2025 9:39:39 P.M. scala.meta.internal.metals.StdReporter $anonfun$create$1
SEVERE: empty definition using pc, found symbol in pc: `<none>`. (full report at: /Users/admin/datastructure/.metals/.reports/metals-full/2025-02-18/r_empty-definition_(datastructure_d5c0a6989e)_21-39-39-741.md)
2025.02.18 21:39:48 INFO  compiling datastructure_d5c0a6989e (2 scala sources and 2 java sources)
2025.02.18 21:39:48 INFO  time: compiled datastructure_d5c0a6989e in 0.2s
2025.02.18 21:40:07 INFO  compiling datastructure_d5c0a6989e (2 scala sources and 2 java sources)
2025.02.18 21:40:07 INFO  time: compiled datastructure_d5c0a6989e in 0.15s
Feb 18, 2025 9:40:08 P.M. org.eclipse.lsp4j.jsonrpc.services.GenericEndpoint notify
WARNING: Unsupported notification method: metals/windowStateDidChange
Feb 18, 2025 9:40:12 P.M. org.eclipse.lsp4j.jsonrpc.services.GenericEndpoint notify
WARNING: Unsupported notification method: metals/windowStateDidChange
2025.02.18 21:40:22 INFO  compiling datastructure_d5c0a6989e (2 scala sources and 2 java sources)
2025.02.18 21:40:22 INFO  time: compiled datastructure_d5c0a6989e in 0.15s
2025.02.18 21:40:29 INFO  compiling datastructure_d5c0a6989e (2 scala sources and 2 java sources)
2025.02.18 21:40:29 INFO  time: compiled datastructure_d5c0a6989e in 0.13s
2025.02.18 21:40:39 INFO  compiling datastructure_d5c0a6989e (2 scala sources and 2 java sources)
2025.02.18 21:40:39 INFO  time: compiled datastructure_d5c0a6989e in 0.15s
2025.02.18 21:41:08 INFO  compiling datastructure_d5c0a6989e (2 scala sources and 2 java sources)
2025.02.18 21:41:08 INFO  time: compiled datastructure_d5c0a6989e in 0.14s
2025.02.18 21:41:29 INFO  compiling datastructure_d5c0a6989e (2 scala sources and 2 java sources)
2025.02.18 21:41:29 INFO  time: compiled datastructure_d5c0a6989e in 0.12s
2025.02.18 21:42:01 INFO  compiling datastructure_d5c0a6989e (2 scala sources and 2 java sources)
2025.02.18 21:42:01 INFO  time: compiled datastructure_d5c0a6989e in 0.14s
2025.02.18 21:42:22 INFO  compiling datastructure_d5c0a6989e (2 scala sources and 2 java sources)
2025.02.18 21:42:22 INFO  time: compiled datastructure_d5c0a6989e in 0.11s
2025.02.18 21:42:39 INFO  compiling datastructure_d5c0a6989e (2 scala sources and 2 java sources)
2025.02.18 21:42:39 INFO  time: compiled datastructure_d5c0a6989e in 0.12s
2025.02.18 21:42:58 INFO  compiling datastructure_d5c0a6989e (2 scala sources and 2 java sources)
2025.02.18 21:42:58 INFO  time: compiled datastructure_d5c0a6989e in 0.52s
2025.02.18 21:43:03 INFO  compiling datastructure_d5c0a6989e (2 scala sources and 2 java sources)
2025.02.18 21:43:03 INFO  time: compiled datastructure_d5c0a6989e in 0.31s
2025.02.18 21:43:20 INFO  compiling datastructure_d5c0a6989e (2 scala sources and 2 java sources)
2025.02.18 21:43:20 INFO  time: compiled datastructure_d5c0a6989e in 0.11s
2025.02.18 21:43:24 INFO  compiling datastructure_d5c0a6989e (2 scala sources and 2 java sources)
2025.02.18 21:43:24 INFO  time: compiled datastructure_d5c0a6989e in 0.11s
2025.02.18 21:43:29 INFO  compiling datastructure_d5c0a6989e (2 scala sources and 2 java sources)
2025.02.18 21:43:29 INFO  time: compiled datastructure_d5c0a6989e in 0.11s
2025.02.18 21:43:41 INFO  compiling datastructure_d5c0a6989e (2 scala sources and 2 java sources)
2025.02.18 21:43:41 INFO  time: compiled datastructure_d5c0a6989e in 0.11s
2025.02.18 21:43:53 INFO  compiling datastructure_d5c0a6989e (2 scala sources and 2 java sources)
2025.02.18 21:43:53 INFO  time: compiled datastructure_d5c0a6989e in 0.29s
2025.02.18 21:44:02 INFO  compiling datastructure_d5c0a6989e (2 scala sources and 2 java sources)
2025.02.18 21:44:02 INFO  time: compiled datastructure_d5c0a6989e in 0.12s
Feb 18, 2025 9:44:47 P.M. org.eclipse.lsp4j.jsonrpc.services.GenericEndpoint notify
WARNING: Unsupported notification method: metals/windowStateDidChange
Feb 18, 2025 9:45:47 P.M. org.eclipse.lsp4j.jsonrpc.services.GenericEndpoint notify
WARNING: Unsupported notification method: metals/windowStateDidChange
2025.02.18 21:46:05 INFO  compiling datastructure_d5c0a6989e (2 scala sources and 2 java sources)
2025.02.18 21:46:05 INFO  time: compiled datastructure_d5c0a6989e in 0.12s
Feb 18, 2025 9:47:04 P.M. org.eclipse.lsp4j.jsonrpc.services.GenericEndpoint notify
WARNING: Unsupported notification method: metals/windowStateDidChange
Feb 18, 2025 9:47:27 P.M. org.eclipse.lsp4j.jsonrpc.services.GenericEndpoint notify
WARNING: Unsupported notification method: metals/windowStateDidChange
Feb 18, 2025 9:49:21 P.M. org.eclipse.lsp4j.jsonrpc.services.GenericEndpoint notify
WARNING: Unsupported notification method: metals/windowStateDidChange
Feb 18, 2025 9:49:23 P.M. org.eclipse.lsp4j.jsonrpc.services.GenericEndpoint notify
WARNING: Unsupported notification method: metals/windowStateDidChange
2025.02.18 21:49:24 INFO  compiling datastructure_d5c0a6989e (2 scala sources and 2 java sources)
2025.02.18 21:49:24 INFO  time: compiled datastructure_d5c0a6989e in 0.15s
2025.02.18 21:49:46 INFO  compiling datastructure_d5c0a6989e (2 scala sources and 2 java sources)
2025.02.18 21:49:46 INFO  time: compiled datastructure_d5c0a6989e in 0.31s
2025.02.18 21:50:27 INFO  Shut down connection with build server.
java.util.concurrent.RejectedExecutionException: Task Future(<not completed>) rejected from java.util.concurrent.ThreadPoolExecutor@2344fc66[Shutting down, pool size = 1, active threads = 1, queued tasks = 0, completed tasks = 23811]
	at java.base/java.util.concurrent.ThreadPoolExecutor$AbortPolicy.rejectedExecution(ThreadPoolExecutor.java:2081)
	at java.base/java.util.concurrent.ThreadPoolExecutor.reject(ThreadPoolExecutor.java:841)
	at java.base/java.util.concurrent.ThreadPoolExecutor.execute(ThreadPoolExecutor.java:1376)
	at scala.concurrent.impl.ExecutionContextImpl.execute(ExecutionContextImpl.scala:21)
	at scala.concurrent.impl.Promise$Transformation.submitWithValue(Promise.scala:429)
	at scala.concurrent.impl.Promise$DefaultPromise.submitWithValue(Promise.scala:338)
	at scala.concurrent.impl.Promise$DefaultPromise.tryComplete0(Promise.scala:285)
	at scala.concurrent.impl.Promise$Transformation.handleFailure(Promise.scala:444)
	at scala.concurrent.impl.Promise$Transformation.submitWithValue(Promise.scala:435)
	at scala.concurrent.impl.Promise$DefaultPromise.submitWithValue(Promise.scala:338)
	at scala.concurrent.impl.Promise$DefaultPromise.tryComplete0(Promise.scala:285)
	at scala.concurrent.impl.Promise$Transformation.handleFailure(Promise.scala:444)
	at scala.concurrent.impl.Promise$Transformation.run(Promise.scala:506)
	at java.base/java.util.concurrent.ThreadPoolExecutor.runWorker(ThreadPoolExecutor.java:1144)
	at java.base/java.util.concurrent.ThreadPoolExecutor$Worker.run(ThreadPoolExecutor.java:642)
	at java.base/java.lang.Thread.run(Thread.java:1589)
2025.02.18 21:50:30 INFO  Started: Metals version 1.5.1+61-4442b038-SNAPSHOT in folders '/Users/admin/datastructure' for client Visual Studio Code 1.85.1.
2025.02.18 21:50:30 INFO  no build target found for /Users/admin/datastructure/subarraysum/sortInWave.scala. Using presentation compiler with project's scala-library version: 3.3.5
2025.02.18 21:50:32 INFO  no build target found for /Users/admin/datastructure/subarraysum/sortInWave.scala. Using presentation compiler with project's scala-library version: 3.3.5
2025.02.18 21:50:32 WARN  scala-cli >= 0.1.3 not found in PATH, fetching and starting a JVM-based Scala CLI
2025.02.18 21:50:32 INFO  Running List(/Library/Java/JavaVirtualMachines/jdk-19.jdk/Contents/Home/bin/java, -cp, /Users/admin/Library/Caches/Coursier/v1/https/repo1.maven.org/maven2/org/virtuslab/scala-cli/cli_3/1.6.1/cli_3-1.6.1.jar:/Users/admin/Library/Caches/Coursier/v1/https/repo1.maven.org/maven2/com/github/alexarchambault/case-app_3/2.1.0-M29/case-app_3-2.1.0-M29.jar:/Users/admin/Library/Caches/Coursier/v1/https/repo1.maven.org/maven2/io/get-coursier/coursier-launcher_2.13/2.1.24/coursier-launcher_2.13-2.1.24.jar:/Users/admin/Library/Caches/Coursier/v1/https/repo1.maven.org/maven2/io/get-coursier/coursier-proxy-setup/2.1.24/coursier-proxy-setup-2.1.24.jar:/Users/admin/Library/Caches/Coursier/v1/https/repo1.maven.org/maven2/io/get-coursier/publish/publish_2.13/0.2.0/publish_2.13-0.2.0.jar:/Users/admin/Library/Caches/Coursier/v1/https/repo1.maven.org/maven2/com/google/jimfs/jimfs/1.3.0/jimfs-1.3.0.jar:/Users/admin/Library/Caches/Coursier/v1/https/repo1.maven.org/maven2/io/get-coursier/jniutils/windows-jni-utils/0.3.3/windows-jni-utils-0.3.3.jar:/Users/admin/Library/Caches/Coursier/v1/https/repo1.maven.org/maven2/com/github/plokhotnyuk/jsoniter-scala/jsoniter-scala-core_3/2.13.5.2/jsoniter-scala-core_3-2.13.5.2.jar:/Users/admin/Library/Caches/Coursier/v1/https/repo1.maven.org/maven2/org/virtuslab/scala-cli/libsodiumjni/0.0.4/libsodiumjni-0.0.4.jar:/Users/admin/Library/Caches/Coursier/v1/https/repo1.maven.org/maven2/org/scalameta/metaconfig-typesafe-config_3/0.14.0/metaconfig-typesafe-config_3-0.14.0.jar:/Users/admin/Library/Caches/Coursier/v1/https/repo1.maven.org/maven2/ai/kien/python-native-libs_3/0.2.4/python-native-libs_3-0.2.4.jar:/Users/admin/Library/Caches/Coursier/v1/https/repo1.maven.org/maven2/org/virtuslab/scala-packager_2.13/0.1.31/scala-packager_2.13-0.1.31.jar:/Users/admin/Library/Caches/Coursier/v1/https/repo1.maven.org/maven2/org/virtuslab/scala-cli-signing/cli_3/0.2.4/cli_3-0.2.4.jar:/Users/admin/Library/Caches/Coursier/v1/https/repo1.maven.org/maven2/org/slf4j/slf4j-nop/2.0.16/slf4j-nop-2.0.16.jar:/Users/admin/Library/Caches/Coursier/v1/https/repo1.maven.org/maven2/com/softwaremill/sttp/client3/core_2.13/3.10.2/core_2.13-3.10.2.jar:/Users/admin/Library/Caches/Coursier/v1/https/repo1.maven.org/maven2/ch/epfl/scala/scalafix-interfaces/0.14.0/scalafix-interfaces-0.14.0.jar:/Users/admin/Library/Caches/Coursier/v1/https/repo1.maven.org/maven2/org/scala-lang/scala3-library_3/3.3.4/scala3-library_3-3.3.4.jar:/Users/admin/Library/Caches/Coursier/v1/https/repo1.maven.org/maven2/org/virtuslab/scala-cli/build-module_3/1.6.1/build-module_3-1.6.1.jar:/Users/admin/Library/Caches/Coursier/v1/https/repo1.maven.org/maven2/org/virtuslab/scala-cli/config_3/1.6.1/config_3-1.6.1.jar:/Users/admin/Library/Caches/Coursier/v1/https/repo1.maven.org/maven2/org/virtuslab/scala-cli/scala3-graal_3/1.6.1/scala3-graal_3-1.6.1.jar:/Users/admin/Library/Caches/Coursier/v1/https/repo1.maven.org/maven2/org/virtuslab/scala-cli/specification-level_3/1.6.1/specification-level_3-1.6.1.jar:/Users/admin/Library/Caches/Coursier/v1/https/repo1.maven.org/maven2/com/lihaoyi/sourcecode_3/0.4.2/sourcecode_3-0.4.2.jar:/Users/admin/Library/Caches/Coursier/v1/https/repo1.maven.org/maven2/com/github/alexarchambault/case-app-annotations_3/2.1.0-M29/case-app-annotations_3-2.1.0-M29.jar:/Users/admin/Library/Caches/Coursier/v1/https/repo1.maven.org/maven2/com/github/alexarchambault/case-app-util_3/2.1.0-M29/case-app-util_3-2.1.0-M29.jar:/Users/admin/Library/Caches/Coursier/v1/https/repo1.maven.org/maven2/io/github/alexarchambault/scala-cli/tmp/zip-input-stream/0.1.1/zip-input-stream-0.1.1.jar:/Users/admin/Library/Caches/Coursier/v1/https/repo1.maven.org/maven2/org/scala-lang/scala-library/2.13.16/scala-library-2.13.16.jar:/Users/admin/Library/Caches/Coursier/v1/https/repo1.maven.org/maven2/io/get-coursier/coursier-cache_2.13/2.1.24/coursier-cache_2.13-2.1.24.jar:/Users/admin/Library/Caches/Coursier/v1/https/repo1.maven.org/maven2/io/get-coursier/coursier-core_2.13/2.1.24/coursier-core_2.13-2.1.24.jar:/Users/admin/Library/Caches/Coursier/v1/https/repo1.maven.org/maven2/com/google/guava/guava/33.4.0-jre/guava-33.4.0-jre.jar:/Users/admin/Library/Caches/Coursier/v1/https/repo1.maven.org/maven2/net/java/dev/jna/jna/5.13.0/jna-5.13.0.jar:/Users/admin/Library/Caches/Coursier/v1/https/repo1.maven.org/maven2/net/java/dev/jna/jna-platform/5.12.1/jna-platform-5.12.1.jar:/Users/admin/Library/Caches/Coursier/v1/https/repo1.maven.org/maven2/org/scalameta/metaconfig-core_3/0.14.0/metaconfig-core_3-0.14.0.jar:/Users/admin/Library/Caches/Coursier/v1/https/repo1.maven.org/maven2/com/typesafe/config/1.4.3/config-1.4.3.jar:/Users/admin/Library/Caches/Coursier/v1/https/repo1.maven.org/maven2/org/scala-lang/modules/scala-collection-compat_3/2.12.0/scala-collection-compat_3-2.12.0.jar:/Users/admin/Library/Caches/Coursier/v1/https/repo1.maven.org/maven2/commons-io/commons-io/2.18.0/commons-io-2.18.0.jar:/Users/admin/Library/Caches/Coursier/v1/https/repo1.maven.org/maven2/com/google/cloud/tools/jib-core/0.27.2/jib-core-0.27.2.jar:/Users/admin/Library/Caches/Coursier/v1/https/repo1.maven.org/maven2/org/bouncycastle/bcpg-jdk18on/1.78.1/bcpg-jdk18on-1.78.1.jar:/Users/admin/Library/Caches/Coursier/v1/https/repo1.maven.org/maven2/org/virtuslab/scala-cli-signing/shared_3/0.2.4/shared_3-0.2.4.jar:/Users/admin/Library/Caches/Coursier/v1/https/repo1.maven.org/maven2/org/slf4j/slf4j-api/2.0.16/slf4j-api-2.0.16.jar:/Users/admin/Library/Caches/Coursier/v1/https/repo1.maven.org/maven2/com/softwaremill/sttp/model/core_2.13/1.7.11/core_2.13-1.7.11.jar:/Users/admin/Library/Caches/Coursier/v1/https/repo1.maven.org/maven2/com/softwaremill/sttp/shared/core_2.13/1.3.22/core_2.13-1.3.22.jar:/Users/admin/Library/Caches/Coursier/v1/https/repo1.maven.org/maven2/com/softwaremill/sttp/shared/ws_2.13/1.3.22/ws_2.13-1.3.22.jar:/Users/admin/Library/Caches/Coursier/v1/https/repo1.maven.org/maven2/io/get-coursier/interface/1.0.26/interface-1.0.26.jar:/Users/admin/Library/Caches/Coursier/v1/https/repo1.maven.org/maven2/org/ow2/asm/asm/9.7.1/asm-9.7.1.jar:/Users/admin/Library/Caches/Coursier/v1/https/repo1.maven.org/maven2/org/virtuslab/scala-cli/java-class-name/java-class-name_3/0.1.4/java-class-name_3-0.1.4.jar:/Users/admin/Library/Caches/Coursier/v1/https/repo1.maven.org/maven2/org/scalameta/semanticdb-shared_2.13.16/4.9.9/semanticdb-shared_2.13.16-4.9.9.jar:/Users/admin/Library/Caches/Coursier/v1/https/repo1.maven.org/maven2/org/scala-native/test-runner_3/0.5.6/test-runner_3-0.5.6.jar:/Users/admin/Library/Caches/Coursier/v1/https/repo1.maven.org/maven2/com/lihaoyi/os-lib_3/0.11.3/os-lib_3-0.11.3.jar:/Users/admin/Library/Caches/Coursier/v1/https/repo1.maven.org/maven2/com/lihaoyi/pprint_3/0.9.0/pprint_3-0.9.0.jar:/Users/admin/Library/Caches/Coursier/v1/https/repo1.maven.org/maven2/org/scala-js/scalajs-env-nodejs_2.13/1.4.0/scalajs-env-nodejs_2.13-1.4.0.jar:/Users/admin/Library/Caches/Coursier/v1/https/repo1.maven.org/maven2/org/scala-js/scalajs-sbt-test-adapter_2.13/1.18.1/scalajs-sbt-test-adapter_2.13-1.18.1.jar:/Users/admin/Library/Caches/Coursier/v1/https/repo1.maven.org/maven2/com/swoval/file-tree-views/2.1.12/file-tree-views-2.1.12.jar:/Users/admin/Library/Caches/Coursier/v1/https/repo1.maven.org/maven2/org/virtuslab/scala-cli/zip-input-stream/zip-input-stream/0.1.2/zip-input-stream-0.1.2.jar:/Users/admin/Library/Caches/Coursier/v1/https/repo1.maven.org/maven2/org/virtuslab/scala-cli/options_3/1.6.1/options_3-1.6.1.jar:/Users/admin/Library/Caches/Coursier/v1/https/repo1.maven.org/maven2/org/virtuslab/scala-cli/directives_3/1.6.1/directives_3-1.6.1.jar:/Users/admin/Library/Caches/Coursier/v1/https/repo1.maven.org/maven2/org/virtuslab/scala-cli/scala-cli-bsp/1.6.1/scala-cli-bsp-1.6.1.jar:/Users/admin/Library/Caches/Coursier/v1/https/repo1.maven.org/maven2/org/virtuslab/scala-cli/test-runner_3/1.6.1/test-runner_3-1.6.1.jar:/Users/admin/Library/Caches/Coursier/v1/https/repo1.maven.org/maven2/org/virtuslab/scala-cli/tasty-lib_3/1.6.1/tasty-lib_3-1.6.1.jar:/Users/admin/Library/Caches/Coursier/v1/https/repo1.maven.org/maven2/io/github/alexarchambault/is-terminal/0.1.1/is-terminal-0.1.1.jar:/Users/admin/Library/Caches/Coursier/v1/https/repo1.maven.org/maven2/org/codehaus/plexus/plexus-archiver/4.10.0/plexus-archiver-4.10.0.jar:/Users/admin/Library/Caches/Coursier/v1/https/repo1.maven.org/maven2/org/codehaus/plexus/plexus-container-default/2.1.1/plexus-container-default-2.1.1.jar:/Users/admin/Library/Caches/Coursier/v1/https/repo1.maven.org/maven2/io/github/alexarchambault/windows-ansi/windows-ansi/0.0.6/windows-ansi-0.0.6.jar:/Users/admin/Library/Caches/Coursier/v1/https/repo1.maven.org/maven2/io/get-coursier/cache-util/2.1.24/cache-util-2.1.24.jar:/Users/admin/Library/Caches/Coursier/v1/https/repo1.maven.org/maven2/io/get-coursier/coursier-util_2.13/2.1.24/coursier-util_2.13-2.1.24.jar:/Users/admin/Library/Caches/Coursier/v1/https/repo1.maven.org/maven2/io/github/alexarchambault/concurrent-reference-hash-map/1.1.0/concurrent-reference-hash-map-1.1.0.jar:/Users/admin/Library/Caches/Coursier/v1/https/repo1.maven.org/maven2/org/scala-lang/modules/scala-xml_2.13/2.3.0/scala-xml_2.13-2.3.0.jar:/Users/admin/Library/Caches/Coursier/v1/https/repo1.maven.org/maven2/com/google/guava/failureaccess/1.0.2/failureaccess-1.0.2.jar:/Users/admin/Library/Caches/Coursier/v1/https/repo1.maven.org/maven2/com/google/guava/listenablefuture/9999.0-empty-to-avoid-conflict-with-guava/listenablefuture-9999.0-empty-to-avoid-conflict-with-guava.jar:/Users/admin/Library/Caches/Coursier/v1/https/repo1.maven.org/maven2/com/google/code/findbugs/jsr305/3.0.2/jsr305-3.0.2.jar:/Users/admin/Library/Caches/Coursier/v1/https/repo1.maven.org/maven2/org/checkerframework/checker-qual/3.43.0/checker-qual-3.43.0.jar:/Users/admin/Library/Caches/Coursier/v1/https/repo1.maven.org/maven2/com/google/errorprone/error_prone_annotations/2.36.0/error_prone_annotations-2.36.0.jar:/Users/admin/Library/Caches/Coursier/v1/https/repo1.maven.org/maven2/com/google/j2objc/j2objc-annotations/3.0.0/j2objc-annotations-3.0.0.jar:/Users/admin/Library/Caches/Coursier/v1/https/repo1.maven.org/maven2/org/scalameta/metaconfig-pprint_3/0.14.0/metaconfig-pprint_3-0.14.0.jar:/Users/admin/Library/Caches/Coursier/v1/https/repo1.maven.org/maven2/org/typelevel/paiges-core_3/0.4.4/paiges-core_3-0.4.4.jar:/Users/admin/Library/Caches/Coursier/v1/https/repo1.maven.org/maven2/org/scala-lang/scala-reflect/2.13.15/scala-reflect-2.13.15.jar:/Users/admin/Library/Caches/Coursier/v1/https/repo1.maven.org/maven2/com/google/cloud/tools/jib-build-plan/0.4.0/jib-build-plan-0.4.0.jar:/Users/admin/Library/Caches/Coursier/v1/https/repo1.maven.org/maven2/com/google/http-client/google-http-client/1.42.2/google-http-client-1.42.2.jar:/Users/admin/Library/Caches/Coursier/v1/https/repo1.maven.org/maven2/com/google/http-client/google-http-client-apache-v2/1.42.2/google-http-client-apache-v2-1.42.2.jar:/Users/admin/Library/Caches/Coursier/v1/https/repo1.maven.org/maven2/com/google/auth/google-auth-library-oauth2-http/1.10.0/google-auth-library-oauth2-http-1.10.0.jar:/Users/admin/Library/Caches/Coursier/v1/https/repo1.maven.org/maven2/org/apache/commons/commons-compress/1.26.2/commons-compress-1.26.2.jar:/Users/admin/Library/Caches/Coursier/v1/https/repo1.maven.org/maven2/com/fasterxml/jackson/core/jackson-databind/2.15.2/jackson-databind-2.15.2.jar:/Users/admin/Library/Caches/Coursier/v1/https/repo1.maven.org/maven2/com/fasterxml/jackson/datatype/jackson-datatype-jsr310/2.15.2/jackson-datatype-jsr310-2.15.2.jar:/Users/admin/Library/Caches/Coursier/v1/https/repo1.maven.org/maven2/org/bouncycastle/bcprov-jdk18on/1.78.1/bcprov-jdk18on-1.78.1.jar:/Users/admin/Library/Caches/Coursier/v1/https/repo1.maven.org/maven2/org/bouncycastle/bcutil-jdk18on/1.78.1/bcutil-jdk18on-1.78.1.jar:/Users/admin/Library/Caches/Coursier/v1/https/repo1.maven.org/maven2/org/scala-lang/scala3-compiler_3/3.3.4/scala3-compiler_3-3.3.4.jar:/Users/admin/Library/Caches/Coursier/v1/https/repo1.maven.org/maven2/org/scalameta/scalameta_2.13/4.9.9/scalameta_2.13-4.9.9.jar:/Users/admin/Library/Caches/Coursier/v1/https/repo1.maven.org/maven2/com/thesamet/scalapb/scalapb-runtime_2.13/0.11.17/scalapb-runtime_2.13-0.11.17.jar:/Users/admin/Library/Caches/Coursier/v1/https/repo1.maven.org/maven2/org/scala-native/tools_3/0.5.6/tools_3-0.5.6.jar:/Users/admin/Library/Caches/Coursier/v1/https/repo1.maven.org/maven2/org/scala-sbt/test-interface/1.0/test-interface-1.0.jar:/Users/admin/Library/Caches/Coursier/v1/https/repo1.maven.org/maven2/com/github/sbt/junit-interface/0.13.3/junit-interface-0.13.3.jar:/Users/admin/Library/Caches/Coursier/v1/https/repo1.maven.org/maven2/junit/junit/4.13.2/junit-4.13.2.jar:/Users/admin/Library/Caches/Coursier/v1/https/repo1.maven.org/maven2/com/lihaoyi/geny_3/1.1.1/geny_3-1.1.1.jar:/Users/admin/Library/Caches/Coursier/v1/https/repo1.maven.org/maven2/com/lihaoyi/fansi_3/0.5.0/fansi_3-0.5.0.jar:/Users/admin/Library/Caches/Coursier/v1/https/repo1.maven.org/maven2/org/scala-js/scalajs-js-envs_2.13/1.4.0/scalajs-js-envs_2.13-1.4.0.jar:/Users/admin/Library/Caches/Coursier/v1/https/repo1.maven.org/maven2/ch/epfl/scala/bloop-config_2.13/2.3.1/bloop-config_2.13-2.3.1.jar:/Users/admin/Library/Caches/Coursier/v1/https/repo1.maven.org/maven2/org/virtuslab/scala-cli/core_3/1.6.1/core_3-1.6.1.jar:/Users/admin/Library/Caches/Coursier/v1/https/repo1.maven.org/maven2/org/virtuslab/using_directives/1.1.4/using_directives-1.1.4.jar:/Users/admin/Library/Caches/Coursier/v1/https/repo1.maven.org/maven2/org/virtuslab/scala-cli/build-macros_3/1.6.1/build-macros_3-1.6.1.jar:/Users/admin/Library/Caches/Coursier/v1/https/repo1.maven.org/maven2/ch/epfl/scala/bsp4j/2.1.1/bsp4j-2.1.1.jar:/Users/admin/Library/Caches/Coursier/v1/https/repo1.maven.org/maven2/javax/inject/javax.inject/1/javax.inject-1.jar:/Users/admin/Library/Caches/Coursier/v1/https/repo1.maven.org/maven2/org/codehaus/plexus/plexus-utils/4.0.1/plexus-utils-4.0.1.jar:/Users/admin/Library/Caches/Coursier/v1/https/repo1.maven.org/maven2/org/codehaus/plexus/plexus-io/3.5.0/plexus-io-3.5.0.jar:/Users/admin/Library/Caches/Coursier/v1/https/repo1.maven.org/maven2/io/airlift/aircompressor/0.27/aircompressor-0.27.jar:/Users/admin/Library/Caches/Coursier/v1/https/repo1.maven.org/maven2/org/tukaani/xz/1.9/xz-1.9.jar:/Users/admin/Library/Caches/Coursier/v1/https/repo1.maven.org/maven2/com/github/luben/zstd-jni/1.5.6-3/zstd-jni-1.5.6-3.jar:/Users/admin/Library/Caches/Coursier/v1/https/repo1.maven.org/maven2/org/codehaus/plexus/plexus-classworlds/2.6.0/plexus-classworlds-2.6.0.jar:/Users/admin/Library/Caches/Coursier/v1/https/repo1.maven.org/maven2/org/apache/xbean/xbean-reflect/3.7/xbean-reflect-3.7.jar:/Users/admin/Library/Caches/Coursier/v1/https/repo1.maven.org/maven2/org/fusesource/jansi/jansi/2.4.1/jansi-2.4.1.jar:/Users/admin/Library/Caches/Coursier/v1/https/repo1.maven.org/maven2/org/apache/httpcomponents/httpclient/4.5.13/httpclient-4.5.13.jar:/Users/admin/Library/Caches/Coursier/v1/https/repo1.maven.org/maven2/org/apache/httpcomponents/httpcore/4.4.15/httpcore-4.4.15.jar:/Users/admin/Library/Caches/Coursier/v1/https/repo1.maven.org/maven2/io/opencensus/opencensus-api/0.31.1/opencensus-api-0.31.1.jar:/Users/admin/Library/Caches/Coursier/v1/https/repo1.maven.org/maven2/io/opencensus/opencensus-contrib-http-util/0.31.1/opencensus-contrib-http-util-0.31.1.jar:/Users/admin/Library/Caches/Coursier/v1/https/repo1.maven.org/maven2/com/google/auto/value/auto-value-annotations/1.9/auto-value-annotations-1.9.jar:/Users/admin/Library/Caches/Coursier/v1/https/repo1.maven.org/maven2/com/google/auth/google-auth-library-credentials/1.10.0/google-auth-library-credentials-1.10.0.jar:/Users/admin/Library/Caches/Coursier/v1/https/repo1.maven.org/maven2/com/google/http-client/google-http-client-gson/1.42.2/google-http-client-gson-1.42.2.jar:/Users/admin/Library/Caches/Coursier/v1/https/repo1.maven.org/maven2/commons-codec/commons-codec/1.17.0/commons-codec-1.17.0.jar:/Users/admin/Library/Caches/Coursier/v1/https/repo1.maven.org/maven2/org/apache/commons/commons-lang3/3.14.0/commons-lang3-3.14.0.jar:/Users/admin/Library/Caches/Coursier/v1/https/repo1.maven.org/maven2/com/fasterxml/jackson/core/jackson-annotations/2.15.2/jackson-annotations-2.15.2.jar:/Users/admin/Library/Caches/Coursier/v1/https/repo1.maven.org/maven2/com/fasterxml/jackson/core/jackson-core/2.15.2/jackson-core-2.15.2.jar:/Users/admin/Library/Caches/Coursier/v1/https/repo1.maven.org/maven2/org/scala-lang/scala3-interfaces/3.3.4/scala3-interfaces-3.3.4.jar:/Users/admin/Library/Caches/Coursier/v1/https/repo1.maven.org/maven2/org/scala-lang/tasty-core_3/3.3.4/tasty-core_3-3.3.4.jar:/Users/admin/Library/Caches/Coursier/v1/https/repo1.maven.org/maven2/org/scala-lang/modules/scala-asm/9.6.0-scala-1/scala-asm-9.6.0-scala-1.jar:/Users/admin/Library/Caches/Coursier/v1/https/repo1.maven.org/maven2/org/scala-sbt/compiler-interface/1.9.6/compiler-interface-1.9.6.jar:/Users/admin/Library/Caches/Coursier/v1/https/repo1.maven.org/maven2/org/scalameta/parsers_2.13/4.9.9/parsers_2.13-4.9.9.jar:/Users/admin/Library/Caches/Coursier/v1/https/repo1.maven.org/maven2/org/scala-lang/scalap/2.13.11/scalap-2.13.11.jar:/Users/admin/Library/Caches/Coursier/v1/https/repo1.maven.org/maven2/com/thesamet/scalapb/lenses_2.13/0.11.17/lenses_2.13-0.11.17.jar:/Users/admin/Library/Caches/Coursier/v1/https/repo1.maven.org/maven2/com/google/protobuf/protobuf-java/3.19.6/protobuf-java-3.19.6.jar:/Users/admin/Library/Caches/Coursier/v1/https/repo1.maven.org/maven2/org/scala-native/nir_3/0.5.6/nir_3-0.5.6.jar:/Users/admin/Library/Caches/Coursier/v1/https/repo1.maven.org/maven2/org/scala-native/util_3/0.5.6/util_3-0.5.6.jar:/Users/admin/Library/Caches/Coursier/v1/https/repo1.maven.org/maven2/org/hamcrest/hamcrest-core/1.3/hamcrest-core-1.3.jar:/Users/admin/Library/Caches/Coursier/v1/https/repo1.maven.org/maven2/org/scala-js/scalajs-logging_2.13/1.1.1/scalajs-logging_2.13-1.1.1.jar:/Users/admin/Library/Caches/Coursier/v1/https/repo1.maven.org/maven2/com/lihaoyi/unroll-annotation_2.13/0.1.12/unroll-annotation_2.13-0.1.12.jar:/Users/admin/Library/Caches/Coursier/v1/https/repo1.maven.org/maven2/ch/epfl/scala/bloop-rifle_2.13/2.0.8/bloop-rifle_2.13-2.0.8.jar:/Users/admin/Library/Caches/Coursier/v1/https/repo1.maven.org/maven2/io/get-coursier/coursier-jvm_2.13/2.1.24/coursier-jvm_2.13-2.1.24.jar:/Users/admin/Library/Caches/Coursier/v1/https/repo1.maven.org/maven2/io/get-coursier/dependency_3/0.3.2/dependency_3-0.3.2.jar:/Users/admin/Library/Caches/Coursier/v1/https/repo1.maven.org/maven2/org/eclipse/jgit/org.eclipse.jgit/6.8.0.202311291450-r/org.eclipse.jgit-6.8.0.202311291450-r.jar:/Users/admin/Library/Caches/Coursier/v1/https/repo1.maven.org/maven2/org/scala-js/scalajs-env-jsdom-nodejs_2.13/1.1.0/scalajs-env-jsdom-nodejs_2.13-1.1.0.jar:/Users/admin/Library/Caches/Coursier/v1/https/repo1.maven.org/maven2/org/eclipse/lsp4j/org.eclipse.lsp4j.generator/0.20.1/org.eclipse.lsp4j.generator-0.20.1.jar:/Users/admin/Library/Caches/Coursier/v1/https/repo1.maven.org/maven2/org/eclipse/lsp4j/org.eclipse.lsp4j.jsonrpc/0.20.1/org.eclipse.lsp4j.jsonrpc-0.20.1.jar:/Users/admin/Library/Caches/Coursier/v1/https/repo1.maven.org/maven2/commons-logging/commons-logging/1.2/commons-logging-1.2.jar:/Users/admin/Library/Caches/Coursier/v1/https/repo1.maven.org/maven2/io/grpc/grpc-context/1.27.2/grpc-context-1.27.2.jar:/Users/admin/Library/Caches/Coursier/v1/https/repo1.maven.org/maven2/com/google/code/gson/gson/2.10.1/gson-2.10.1.jar:/Users/admin/Library/Caches/Coursier/v1/https/repo1.maven.org/maven2/org/scala-sbt/util-interface/1.9.8/util-interface-1.9.8.jar:/Users/admin/Library/Caches/Coursier/v1/https/repo1.maven.org/maven2/org/scalameta/trees_2.13/4.9.9/trees_2.13-4.9.9.jar:/Users/admin/Library/Caches/Coursier/v1/https/repo1.maven.org/maven2/org/scala-lang/scala-compiler/2.13.11/scala-compiler-2.13.11.jar:/Users/admin/Library/Caches/Coursier/v1/https/repo1.maven.org/maven2/ch/epfl/scala/libdaemon_2.13/0.0.12/libdaemon_2.13-0.0.12.jar:/Users/admin/Library/Caches/Coursier/v1/https/repo1.maven.org/maven2/io/github/alexarchambault/scala-cli/snailgun/snailgun-core_2.13/0.4.1-sc2/snailgun-core_2.13-0.4.1-sc2.jar:/Users/admin/Library/Caches/Coursier/v1/https/repo1.maven.org/maven2/io/get-coursier/coursier_2.13/2.1.24/coursier_2.13-2.1.24.jar:/Users/admin/Library/Caches/Coursier/v1/https/repo1.maven.org/maven2/io/get-coursier/coursier-env_2.13/2.1.24/coursier-env_2.13-2.1.24.jar:/Users/admin/Library/Caches/Coursier/v1/https/repo1.maven.org/maven2/com/googlecode/javaewah/JavaEWAH/1.2.3/JavaEWAH-1.2.3.jar:/Users/admin/Library/Caches/Coursier/v1/https/repo1.maven.org/maven2/org/eclipse/xtend/org.eclipse.xtend.lib/2.28.0/org.eclipse.xtend.lib-2.28.0.jar:/Users/admin/Library/Caches/Coursier/v1/https/repo1.maven.org/maven2/org/scalameta/common_2.13/4.9.9/common_2.13-4.9.9.jar:/Users/admin/Library/Caches/Coursier/v1/https/repo1.maven.org/maven2/io/github/java-diff-utils/java-diff-utils/4.12/java-diff-utils-4.12.jar:/Users/admin/Library/Caches/Coursier/v1/https/repo1.maven.org/maven2/io/get-coursier/dependency_2.13/0.3.2/dependency_2.13-0.3.2.jar:/Users/admin/Library/Caches/Coursier/v1/https/repo1.maven.org/maven2/org/eclipse/xtext/org.eclipse.xtext.xbase.lib/2.28.0/org.eclipse.xtext.xbase.lib-2.28.0.jar:/Users/admin/Library/Caches/Coursier/v1/https/repo1.maven.org/maven2/org/eclipse/xtend/org.eclipse.xtend.lib.macro/2.28.0/org.eclipse.xtend.lib.macro-2.28.0.jar, scala.cli.ScalaCli, bsp, /Users/admin/datastructure)
2025.02.18 21:50:33 INFO  tracing is disabled for protocol BSP, to enable tracing of incoming and outgoing JSON messages create an empty file at /Users/admin/datastructure/.metals/bsp.trace.json or /Users/admin/Library/Caches/org.scalameta.metals/bsp.trace.json
2025.02.18 21:50:33 INFO  no build target found for /Users/admin/datastructure/subarraysum/sortInWave.scala. Using presentation compiler with project's scala-library version: 3.3.5
2025.02.18 21:50:37 INFO  Connected to Scala CLI server v1.6.1
2025.02.18 21:50:37 INFO  compiling datastructure_d5c0a6989e (2 scala sources and 2 java sources)
2025.02.18 21:50:37 INFO  time: compiled datastructure_d5c0a6989e in 0.33s
2025.02.18 21:50:37 INFO  compiling datastructure_d5c0a6989e (2 scala sources and 2 java sources)
2025.02.18 21:50:37 INFO  time: compiled datastructure_d5c0a6989e in 0.26s
2025.02.18 21:50:39 INFO  time: indexed workspace in 2.15s
2025.02.18 21:50:39 INFO  compiling datastructure_d5c0a6989e (2 scala sources and 2 java sources)
2025.02.18 21:50:39 INFO  time: compiled datastructure_d5c0a6989e in 0.39s
2025.02.18 21:50:40 INFO  Scala CLI started for /Users/admin/datastructure
2025.02.18 21:50:40 WARN  no build tool detected in workspace '/Users/admin/datastructure'. The most common cause for this problem is that the editor was opened in the wrong working directory, for example if you use sbt then the workspace directory should contain build.sbt. 
2025.02.18 21:50:40 WARN  Build server is not auto-connectable.
2025.02.18 21:50:46 INFO  compiling datastructure_d5c0a6989e (2 scala sources and 2 java sources)
2025.02.18 21:50:46 INFO  time: compiled datastructure_d5c0a6989e in 0.23s
2025.02.18 21:51:48 INFO  compiling datastructure_d5c0a6989e (2 scala sources and 2 java sources)
2025.02.18 21:51:48 INFO  time: compiled datastructure_d5c0a6989e in 0.39s
2025.02.18 21:51:57 INFO  Shut down connection with build server.
2025.02.18 21:52:00 INFO  Started: Metals version 1.5.1+61-4442b038-SNAPSHOT in folders '/Users/admin/datastructure' for client Visual Studio Code 1.85.1.
2025.02.18 21:52:02 INFO  no build target found for /Users/admin/datastructure/subarraysum/sortInWave.scala. Using presentation compiler with project's scala-library version: 3.3.5
2025.02.18 21:52:03 WARN  no build target for: /Users/admin/datastructure/subarraysum/sortInWave.scala
2025.02.18 21:52:03 INFO  no build target found for /Users/admin/datastructure/subarraysum/sortInWave.scala. Using presentation compiler with project's scala-library version: 3.3.5
Feb 18, 2025 9:52:03 P.M. org.eclipse.lsp4j.jsonrpc.RemoteEndpoint handleCancellation
WARNING: Unmatched cancel notification for request id 2
2025.02.18 21:52:02 INFO  no build target found for /Users/admin/datastructure/subarraysum/sortInWave.scala. Using presentation compiler with project's scala-library version: 3.3.5
2025.02.18 21:52:04 WARN  scala-cli >= 0.1.3 not found in PATH, fetching and starting a JVM-based Scala CLI
2025.02.18 21:52:04 INFO  no build target found for /Users/admin/datastructure/subarraysum/sortInWave.scala. Using presentation compiler with project's scala-library version: 3.3.5
2025.02.18 21:52:04 INFO  Running List(/Library/Java/JavaVirtualMachines/jdk-19.jdk/Contents/Home/bin/java, -cp, /Users/admin/Library/Caches/Coursier/v1/https/repo1.maven.org/maven2/org/virtuslab/scala-cli/cli_3/1.6.1/cli_3-1.6.1.jar:/Users/admin/Library/Caches/Coursier/v1/https/repo1.maven.org/maven2/com/github/alexarchambault/case-app_3/2.1.0-M29/case-app_3-2.1.0-M29.jar:/Users/admin/Library/Caches/Coursier/v1/https/repo1.maven.org/maven2/io/get-coursier/coursier-launcher_2.13/2.1.24/coursier-launcher_2.13-2.1.24.jar:/Users/admin/Library/Caches/Coursier/v1/https/repo1.maven.org/maven2/io/get-coursier/coursier-proxy-setup/2.1.24/coursier-proxy-setup-2.1.24.jar:/Users/admin/Library/Caches/Coursier/v1/https/repo1.maven.org/maven2/io/get-coursier/publish/publish_2.13/0.2.0/publish_2.13-0.2.0.jar:/Users/admin/Library/Caches/Coursier/v1/https/repo1.maven.org/maven2/com/google/jimfs/jimfs/1.3.0/jimfs-1.3.0.jar:/Users/admin/Library/Caches/Coursier/v1/https/repo1.maven.org/maven2/io/get-coursier/jniutils/windows-jni-utils/0.3.3/windows-jni-utils-0.3.3.jar:/Users/admin/Library/Caches/Coursier/v1/https/repo1.maven.org/maven2/com/github/plokhotnyuk/jsoniter-scala/jsoniter-scala-core_3/2.13.5.2/jsoniter-scala-core_3-2.13.5.2.jar:/Users/admin/Library/Caches/Coursier/v1/https/repo1.maven.org/maven2/org/virtuslab/scala-cli/libsodiumjni/0.0.4/libsodiumjni-0.0.4.jar:/Users/admin/Library/Caches/Coursier/v1/https/repo1.maven.org/maven2/org/scalameta/metaconfig-typesafe-config_3/0.14.0/metaconfig-typesafe-config_3-0.14.0.jar:/Users/admin/Library/Caches/Coursier/v1/https/repo1.maven.org/maven2/ai/kien/python-native-libs_3/0.2.4/python-native-libs_3-0.2.4.jar:/Users/admin/Library/Caches/Coursier/v1/https/repo1.maven.org/maven2/org/virtuslab/scala-packager_2.13/0.1.31/scala-packager_2.13-0.1.31.jar:/Users/admin/Library/Caches/Coursier/v1/https/repo1.maven.org/maven2/org/virtuslab/scala-cli-signing/cli_3/0.2.4/cli_3-0.2.4.jar:/Users/admin/Library/Caches/Coursier/v1/https/repo1.maven.org/maven2/org/slf4j/slf4j-nop/2.0.16/slf4j-nop-2.0.16.jar:/Users/admin/Library/Caches/Coursier/v1/https/repo1.maven.org/maven2/com/softwaremill/sttp/client3/core_2.13/3.10.2/core_2.13-3.10.2.jar:/Users/admin/Library/Caches/Coursier/v1/https/repo1.maven.org/maven2/ch/epfl/scala/scalafix-interfaces/0.14.0/scalafix-interfaces-0.14.0.jar:/Users/admin/Library/Caches/Coursier/v1/https/repo1.maven.org/maven2/org/scala-lang/scala3-library_3/3.3.4/scala3-library_3-3.3.4.jar:/Users/admin/Library/Caches/Coursier/v1/https/repo1.maven.org/maven2/org/virtuslab/scala-cli/build-module_3/1.6.1/build-module_3-1.6.1.jar:/Users/admin/Library/Caches/Coursier/v1/https/repo1.maven.org/maven2/org/virtuslab/scala-cli/config_3/1.6.1/config_3-1.6.1.jar:/Users/admin/Library/Caches/Coursier/v1/https/repo1.maven.org/maven2/org/virtuslab/scala-cli/scala3-graal_3/1.6.1/scala3-graal_3-1.6.1.jar:/Users/admin/Library/Caches/Coursier/v1/https/repo1.maven.org/maven2/org/virtuslab/scala-cli/specification-level_3/1.6.1/specification-level_3-1.6.1.jar:/Users/admin/Library/Caches/Coursier/v1/https/repo1.maven.org/maven2/com/lihaoyi/sourcecode_3/0.4.2/sourcecode_3-0.4.2.jar:/Users/admin/Library/Caches/Coursier/v1/https/repo1.maven.org/maven2/com/github/alexarchambault/case-app-annotations_3/2.1.0-M29/case-app-annotations_3-2.1.0-M29.jar:/Users/admin/Library/Caches/Coursier/v1/https/repo1.maven.org/maven2/com/github/alexarchambault/case-app-util_3/2.1.0-M29/case-app-util_3-2.1.0-M29.jar:/Users/admin/Library/Caches/Coursier/v1/https/repo1.maven.org/maven2/io/github/alexarchambault/scala-cli/tmp/zip-input-stream/0.1.1/zip-input-stream-0.1.1.jar:/Users/admin/Library/Caches/Coursier/v1/https/repo1.maven.org/maven2/org/scala-lang/scala-library/2.13.16/scala-library-2.13.16.jar:/Users/admin/Library/Caches/Coursier/v1/https/repo1.maven.org/maven2/io/get-coursier/coursier-cache_2.13/2.1.24/coursier-cache_2.13-2.1.24.jar:/Users/admin/Library/Caches/Coursier/v1/https/repo1.maven.org/maven2/io/get-coursier/coursier-core_2.13/2.1.24/coursier-core_2.13-2.1.24.jar:/Users/admin/Library/Caches/Coursier/v1/https/repo1.maven.org/maven2/com/google/guava/guava/33.4.0-jre/guava-33.4.0-jre.jar:/Users/admin/Library/Caches/Coursier/v1/https/repo1.maven.org/maven2/net/java/dev/jna/jna/5.13.0/jna-5.13.0.jar:/Users/admin/Library/Caches/Coursier/v1/https/repo1.maven.org/maven2/net/java/dev/jna/jna-platform/5.12.1/jna-platform-5.12.1.jar:/Users/admin/Library/Caches/Coursier/v1/https/repo1.maven.org/maven2/org/scalameta/metaconfig-core_3/0.14.0/metaconfig-core_3-0.14.0.jar:/Users/admin/Library/Caches/Coursier/v1/https/repo1.maven.org/maven2/com/typesafe/config/1.4.3/config-1.4.3.jar:/Users/admin/Library/Caches/Coursier/v1/https/repo1.maven.org/maven2/org/scala-lang/modules/scala-collection-compat_3/2.12.0/scala-collection-compat_3-2.12.0.jar:/Users/admin/Library/Caches/Coursier/v1/https/repo1.maven.org/maven2/commons-io/commons-io/2.18.0/commons-io-2.18.0.jar:/Users/admin/Library/Caches/Coursier/v1/https/repo1.maven.org/maven2/com/google/cloud/tools/jib-core/0.27.2/jib-core-0.27.2.jar:/Users/admin/Library/Caches/Coursier/v1/https/repo1.maven.org/maven2/org/bouncycastle/bcpg-jdk18on/1.78.1/bcpg-jdk18on-1.78.1.jar:/Users/admin/Library/Caches/Coursier/v1/https/repo1.maven.org/maven2/org/virtuslab/scala-cli-signing/shared_3/0.2.4/shared_3-0.2.4.jar:/Users/admin/Library/Caches/Coursier/v1/https/repo1.maven.org/maven2/org/slf4j/slf4j-api/2.0.16/slf4j-api-2.0.16.jar:/Users/admin/Library/Caches/Coursier/v1/https/repo1.maven.org/maven2/com/softwaremill/sttp/model/core_2.13/1.7.11/core_2.13-1.7.11.jar:/Users/admin/Library/Caches/Coursier/v1/https/repo1.maven.org/maven2/com/softwaremill/sttp/shared/core_2.13/1.3.22/core_2.13-1.3.22.jar:/Users/admin/Library/Caches/Coursier/v1/https/repo1.maven.org/maven2/com/softwaremill/sttp/shared/ws_2.13/1.3.22/ws_2.13-1.3.22.jar:/Users/admin/Library/Caches/Coursier/v1/https/repo1.maven.org/maven2/io/get-coursier/interface/1.0.26/interface-1.0.26.jar:/Users/admin/Library/Caches/Coursier/v1/https/repo1.maven.org/maven2/org/ow2/asm/asm/9.7.1/asm-9.7.1.jar:/Users/admin/Library/Caches/Coursier/v1/https/repo1.maven.org/maven2/org/virtuslab/scala-cli/java-class-name/java-class-name_3/0.1.4/java-class-name_3-0.1.4.jar:/Users/admin/Library/Caches/Coursier/v1/https/repo1.maven.org/maven2/org/scalameta/semanticdb-shared_2.13.16/4.9.9/semanticdb-shared_2.13.16-4.9.9.jar:/Users/admin/Library/Caches/Coursier/v1/https/repo1.maven.org/maven2/org/scala-native/test-runner_3/0.5.6/test-runner_3-0.5.6.jar:/Users/admin/Library/Caches/Coursier/v1/https/repo1.maven.org/maven2/com/lihaoyi/os-lib_3/0.11.3/os-lib_3-0.11.3.jar:/Users/admin/Library/Caches/Coursier/v1/https/repo1.maven.org/maven2/com/lihaoyi/pprint_3/0.9.0/pprint_3-0.9.0.jar:/Users/admin/Library/Caches/Coursier/v1/https/repo1.maven.org/maven2/org/scala-js/scalajs-env-nodejs_2.13/1.4.0/scalajs-env-nodejs_2.13-1.4.0.jar:/Users/admin/Library/Caches/Coursier/v1/https/repo1.maven.org/maven2/org/scala-js/scalajs-sbt-test-adapter_2.13/1.18.1/scalajs-sbt-test-adapter_2.13-1.18.1.jar:/Users/admin/Library/Caches/Coursier/v1/https/repo1.maven.org/maven2/com/swoval/file-tree-views/2.1.12/file-tree-views-2.1.12.jar:/Users/admin/Library/Caches/Coursier/v1/https/repo1.maven.org/maven2/org/virtuslab/scala-cli/zip-input-stream/zip-input-stream/0.1.2/zip-input-stream-0.1.2.jar:/Users/admin/Library/Caches/Coursier/v1/https/repo1.maven.org/maven2/org/virtuslab/scala-cli/options_3/1.6.1/options_3-1.6.1.jar:/Users/admin/Library/Caches/Coursier/v1/https/repo1.maven.org/maven2/org/virtuslab/scala-cli/directives_3/1.6.1/directives_3-1.6.1.jar:/Users/admin/Library/Caches/Coursier/v1/https/repo1.maven.org/maven2/org/virtuslab/scala-cli/scala-cli-bsp/1.6.1/scala-cli-bsp-1.6.1.jar:/Users/admin/Library/Caches/Coursier/v1/https/repo1.maven.org/maven2/org/virtuslab/scala-cli/test-runner_3/1.6.1/test-runner_3-1.6.1.jar:/Users/admin/Library/Caches/Coursier/v1/https/repo1.maven.org/maven2/org/virtuslab/scala-cli/tasty-lib_3/1.6.1/tasty-lib_3-1.6.1.jar:/Users/admin/Library/Caches/Coursier/v1/https/repo1.maven.org/maven2/io/github/alexarchambault/is-terminal/0.1.1/is-terminal-0.1.1.jar:/Users/admin/Library/Caches/Coursier/v1/https/repo1.maven.org/maven2/org/codehaus/plexus/plexus-archiver/4.10.0/plexus-archiver-4.10.0.jar:/Users/admin/Library/Caches/Coursier/v1/https/repo1.maven.org/maven2/org/codehaus/plexus/plexus-container-default/2.1.1/plexus-container-default-2.1.1.jar:/Users/admin/Library/Caches/Coursier/v1/https/repo1.maven.org/maven2/io/github/alexarchambault/windows-ansi/windows-ansi/0.0.6/windows-ansi-0.0.6.jar:/Users/admin/Library/Caches/Coursier/v1/https/repo1.maven.org/maven2/io/get-coursier/cache-util/2.1.24/cache-util-2.1.24.jar:/Users/admin/Library/Caches/Coursier/v1/https/repo1.maven.org/maven2/io/get-coursier/coursier-util_2.13/2.1.24/coursier-util_2.13-2.1.24.jar:/Users/admin/Library/Caches/Coursier/v1/https/repo1.maven.org/maven2/io/github/alexarchambault/concurrent-reference-hash-map/1.1.0/concurrent-reference-hash-map-1.1.0.jar:/Users/admin/Library/Caches/Coursier/v1/https/repo1.maven.org/maven2/org/scala-lang/modules/scala-xml_2.13/2.3.0/scala-xml_2.13-2.3.0.jar:/Users/admin/Library/Caches/Coursier/v1/https/repo1.maven.org/maven2/com/google/guava/failureaccess/1.0.2/failureaccess-1.0.2.jar:/Users/admin/Library/Caches/Coursier/v1/https/repo1.maven.org/maven2/com/google/guava/listenablefuture/9999.0-empty-to-avoid-conflict-with-guava/listenablefuture-9999.0-empty-to-avoid-conflict-with-guava.jar:/Users/admin/Library/Caches/Coursier/v1/https/repo1.maven.org/maven2/com/google/code/findbugs/jsr305/3.0.2/jsr305-3.0.2.jar:/Users/admin/Library/Caches/Coursier/v1/https/repo1.maven.org/maven2/org/checkerframework/checker-qual/3.43.0/checker-qual-3.43.0.jar:/Users/admin/Library/Caches/Coursier/v1/https/repo1.maven.org/maven2/com/google/errorprone/error_prone_annotations/2.36.0/error_prone_annotations-2.36.0.jar:/Users/admin/Library/Caches/Coursier/v1/https/repo1.maven.org/maven2/com/google/j2objc/j2objc-annotations/3.0.0/j2objc-annotations-3.0.0.jar:/Users/admin/Library/Caches/Coursier/v1/https/repo1.maven.org/maven2/org/scalameta/metaconfig-pprint_3/0.14.0/metaconfig-pprint_3-0.14.0.jar:/Users/admin/Library/Caches/Coursier/v1/https/repo1.maven.org/maven2/org/typelevel/paiges-core_3/0.4.4/paiges-core_3-0.4.4.jar:/Users/admin/Library/Caches/Coursier/v1/https/repo1.maven.org/maven2/org/scala-lang/scala-reflect/2.13.15/scala-reflect-2.13.15.jar:/Users/admin/Library/Caches/Coursier/v1/https/repo1.maven.org/maven2/com/google/cloud/tools/jib-build-plan/0.4.0/jib-build-plan-0.4.0.jar:/Users/admin/Library/Caches/Coursier/v1/https/repo1.maven.org/maven2/com/google/http-client/google-http-client/1.42.2/google-http-client-1.42.2.jar:/Users/admin/Library/Caches/Coursier/v1/https/repo1.maven.org/maven2/com/google/http-client/google-http-client-apache-v2/1.42.2/google-http-client-apache-v2-1.42.2.jar:/Users/admin/Library/Caches/Coursier/v1/https/repo1.maven.org/maven2/com/google/auth/google-auth-library-oauth2-http/1.10.0/google-auth-library-oauth2-http-1.10.0.jar:/Users/admin/Library/Caches/Coursier/v1/https/repo1.maven.org/maven2/org/apache/commons/commons-compress/1.26.2/commons-compress-1.26.2.jar:/Users/admin/Library/Caches/Coursier/v1/https/repo1.maven.org/maven2/com/fasterxml/jackson/core/jackson-databind/2.15.2/jackson-databind-2.15.2.jar:/Users/admin/Library/Caches/Coursier/v1/https/repo1.maven.org/maven2/com/fasterxml/jackson/datatype/jackson-datatype-jsr310/2.15.2/jackson-datatype-jsr310-2.15.2.jar:/Users/admin/Library/Caches/Coursier/v1/https/repo1.maven.org/maven2/org/bouncycastle/bcprov-jdk18on/1.78.1/bcprov-jdk18on-1.78.1.jar:/Users/admin/Library/Caches/Coursier/v1/https/repo1.maven.org/maven2/org/bouncycastle/bcutil-jdk18on/1.78.1/bcutil-jdk18on-1.78.1.jar:/Users/admin/Library/Caches/Coursier/v1/https/repo1.maven.org/maven2/org/scala-lang/scala3-compiler_3/3.3.4/scala3-compiler_3-3.3.4.jar:/Users/admin/Library/Caches/Coursier/v1/https/repo1.maven.org/maven2/org/scalameta/scalameta_2.13/4.9.9/scalameta_2.13-4.9.9.jar:/Users/admin/Library/Caches/Coursier/v1/https/repo1.maven.org/maven2/com/thesamet/scalapb/scalapb-runtime_2.13/0.11.17/scalapb-runtime_2.13-0.11.17.jar:/Users/admin/Library/Caches/Coursier/v1/https/repo1.maven.org/maven2/org/scala-native/tools_3/0.5.6/tools_3-0.5.6.jar:/Users/admin/Library/Caches/Coursier/v1/https/repo1.maven.org/maven2/org/scala-sbt/test-interface/1.0/test-interface-1.0.jar:/Users/admin/Library/Caches/Coursier/v1/https/repo1.maven.org/maven2/com/github/sbt/junit-interface/0.13.3/junit-interface-0.13.3.jar:/Users/admin/Library/Caches/Coursier/v1/https/repo1.maven.org/maven2/junit/junit/4.13.2/junit-4.13.2.jar:/Users/admin/Library/Caches/Coursier/v1/https/repo1.maven.org/maven2/com/lihaoyi/geny_3/1.1.1/geny_3-1.1.1.jar:/Users/admin/Library/Caches/Coursier/v1/https/repo1.maven.org/maven2/com/lihaoyi/fansi_3/0.5.0/fansi_3-0.5.0.jar:/Users/admin/Library/Caches/Coursier/v1/https/repo1.maven.org/maven2/org/scala-js/scalajs-js-envs_2.13/1.4.0/scalajs-js-envs_2.13-1.4.0.jar:/Users/admin/Library/Caches/Coursier/v1/https/repo1.maven.org/maven2/ch/epfl/scala/bloop-config_2.13/2.3.1/bloop-config_2.13-2.3.1.jar:/Users/admin/Library/Caches/Coursier/v1/https/repo1.maven.org/maven2/org/virtuslab/scala-cli/core_3/1.6.1/core_3-1.6.1.jar:/Users/admin/Library/Caches/Coursier/v1/https/repo1.maven.org/maven2/org/virtuslab/using_directives/1.1.4/using_directives-1.1.4.jar:/Users/admin/Library/Caches/Coursier/v1/https/repo1.maven.org/maven2/org/virtuslab/scala-cli/build-macros_3/1.6.1/build-macros_3-1.6.1.jar:/Users/admin/Library/Caches/Coursier/v1/https/repo1.maven.org/maven2/ch/epfl/scala/bsp4j/2.1.1/bsp4j-2.1.1.jar:/Users/admin/Library/Caches/Coursier/v1/https/repo1.maven.org/maven2/javax/inject/javax.inject/1/javax.inject-1.jar:/Users/admin/Library/Caches/Coursier/v1/https/repo1.maven.org/maven2/org/codehaus/plexus/plexus-utils/4.0.1/plexus-utils-4.0.1.jar:/Users/admin/Library/Caches/Coursier/v1/https/repo1.maven.org/maven2/org/codehaus/plexus/plexus-io/3.5.0/plexus-io-3.5.0.jar:/Users/admin/Library/Caches/Coursier/v1/https/repo1.maven.org/maven2/io/airlift/aircompressor/0.27/aircompressor-0.27.jar:/Users/admin/Library/Caches/Coursier/v1/https/repo1.maven.org/maven2/org/tukaani/xz/1.9/xz-1.9.jar:/Users/admin/Library/Caches/Coursier/v1/https/repo1.maven.org/maven2/com/github/luben/zstd-jni/1.5.6-3/zstd-jni-1.5.6-3.jar:/Users/admin/Library/Caches/Coursier/v1/https/repo1.maven.org/maven2/org/codehaus/plexus/plexus-classworlds/2.6.0/plexus-classworlds-2.6.0.jar:/Users/admin/Library/Caches/Coursier/v1/https/repo1.maven.org/maven2/org/apache/xbean/xbean-reflect/3.7/xbean-reflect-3.7.jar:/Users/admin/Library/Caches/Coursier/v1/https/repo1.maven.org/maven2/org/fusesource/jansi/jansi/2.4.1/jansi-2.4.1.jar:/Users/admin/Library/Caches/Coursier/v1/https/repo1.maven.org/maven2/org/apache/httpcomponents/httpclient/4.5.13/httpclient-4.5.13.jar:/Users/admin/Library/Caches/Coursier/v1/https/repo1.maven.org/maven2/org/apache/httpcomponents/httpcore/4.4.15/httpcore-4.4.15.jar:/Users/admin/Library/Caches/Coursier/v1/https/repo1.maven.org/maven2/io/opencensus/opencensus-api/0.31.1/opencensus-api-0.31.1.jar:/Users/admin/Library/Caches/Coursier/v1/https/repo1.maven.org/maven2/io/opencensus/opencensus-contrib-http-util/0.31.1/opencensus-contrib-http-util-0.31.1.jar:/Users/admin/Library/Caches/Coursier/v1/https/repo1.maven.org/maven2/com/google/auto/value/auto-value-annotations/1.9/auto-value-annotations-1.9.jar:/Users/admin/Library/Caches/Coursier/v1/https/repo1.maven.org/maven2/com/google/auth/google-auth-library-credentials/1.10.0/google-auth-library-credentials-1.10.0.jar:/Users/admin/Library/Caches/Coursier/v1/https/repo1.maven.org/maven2/com/google/http-client/google-http-client-gson/1.42.2/google-http-client-gson-1.42.2.jar:/Users/admin/Library/Caches/Coursier/v1/https/repo1.maven.org/maven2/commons-codec/commons-codec/1.17.0/commons-codec-1.17.0.jar:/Users/admin/Library/Caches/Coursier/v1/https/repo1.maven.org/maven2/org/apache/commons/commons-lang3/3.14.0/commons-lang3-3.14.0.jar:/Users/admin/Library/Caches/Coursier/v1/https/repo1.maven.org/maven2/com/fasterxml/jackson/core/jackson-annotations/2.15.2/jackson-annotations-2.15.2.jar:/Users/admin/Library/Caches/Coursier/v1/https/repo1.maven.org/maven2/com/fasterxml/jackson/core/jackson-core/2.15.2/jackson-core-2.15.2.jar:/Users/admin/Library/Caches/Coursier/v1/https/repo1.maven.org/maven2/org/scala-lang/scala3-interfaces/3.3.4/scala3-interfaces-3.3.4.jar:/Users/admin/Library/Caches/Coursier/v1/https/repo1.maven.org/maven2/org/scala-lang/tasty-core_3/3.3.4/tasty-core_3-3.3.4.jar:/Users/admin/Library/Caches/Coursier/v1/https/repo1.maven.org/maven2/org/scala-lang/modules/scala-asm/9.6.0-scala-1/scala-asm-9.6.0-scala-1.jar:/Users/admin/Library/Caches/Coursier/v1/https/repo1.maven.org/maven2/org/scala-sbt/compiler-interface/1.9.6/compiler-interface-1.9.6.jar:/Users/admin/Library/Caches/Coursier/v1/https/repo1.maven.org/maven2/org/scalameta/parsers_2.13/4.9.9/parsers_2.13-4.9.9.jar:/Users/admin/Library/Caches/Coursier/v1/https/repo1.maven.org/maven2/org/scala-lang/scalap/2.13.11/scalap-2.13.11.jar:/Users/admin/Library/Caches/Coursier/v1/https/repo1.maven.org/maven2/com/thesamet/scalapb/lenses_2.13/0.11.17/lenses_2.13-0.11.17.jar:/Users/admin/Library/Caches/Coursier/v1/https/repo1.maven.org/maven2/com/google/protobuf/protobuf-java/3.19.6/protobuf-java-3.19.6.jar:/Users/admin/Library/Caches/Coursier/v1/https/repo1.maven.org/maven2/org/scala-native/nir_3/0.5.6/nir_3-0.5.6.jar:/Users/admin/Library/Caches/Coursier/v1/https/repo1.maven.org/maven2/org/scala-native/util_3/0.5.6/util_3-0.5.6.jar:/Users/admin/Library/Caches/Coursier/v1/https/repo1.maven.org/maven2/org/hamcrest/hamcrest-core/1.3/hamcrest-core-1.3.jar:/Users/admin/Library/Caches/Coursier/v1/https/repo1.maven.org/maven2/org/scala-js/scalajs-logging_2.13/1.1.1/scalajs-logging_2.13-1.1.1.jar:/Users/admin/Library/Caches/Coursier/v1/https/repo1.maven.org/maven2/com/lihaoyi/unroll-annotation_2.13/0.1.12/unroll-annotation_2.13-0.1.12.jar:/Users/admin/Library/Caches/Coursier/v1/https/repo1.maven.org/maven2/ch/epfl/scala/bloop-rifle_2.13/2.0.8/bloop-rifle_2.13-2.0.8.jar:/Users/admin/Library/Caches/Coursier/v1/https/repo1.maven.org/maven2/io/get-coursier/coursier-jvm_2.13/2.1.24/coursier-jvm_2.13-2.1.24.jar:/Users/admin/Library/Caches/Coursier/v1/https/repo1.maven.org/maven2/io/get-coursier/dependency_3/0.3.2/dependency_3-0.3.2.jar:/Users/admin/Library/Caches/Coursier/v1/https/repo1.maven.org/maven2/org/eclipse/jgit/org.eclipse.jgit/6.8.0.202311291450-r/org.eclipse.jgit-6.8.0.202311291450-r.jar:/Users/admin/Library/Caches/Coursier/v1/https/repo1.maven.org/maven2/org/scala-js/scalajs-env-jsdom-nodejs_2.13/1.1.0/scalajs-env-jsdom-nodejs_2.13-1.1.0.jar:/Users/admin/Library/Caches/Coursier/v1/https/repo1.maven.org/maven2/org/eclipse/lsp4j/org.eclipse.lsp4j.generator/0.20.1/org.eclipse.lsp4j.generator-0.20.1.jar:/Users/admin/Library/Caches/Coursier/v1/https/repo1.maven.org/maven2/org/eclipse/lsp4j/org.eclipse.lsp4j.jsonrpc/0.20.1/org.eclipse.lsp4j.jsonrpc-0.20.1.jar:/Users/admin/Library/Caches/Coursier/v1/https/repo1.maven.org/maven2/commons-logging/commons-logging/1.2/commons-logging-1.2.jar:/Users/admin/Library/Caches/Coursier/v1/https/repo1.maven.org/maven2/io/grpc/grpc-context/1.27.2/grpc-context-1.27.2.jar:/Users/admin/Library/Caches/Coursier/v1/https/repo1.maven.org/maven2/com/google/code/gson/gson/2.10.1/gson-2.10.1.jar:/Users/admin/Library/Caches/Coursier/v1/https/repo1.maven.org/maven2/org/scala-sbt/util-interface/1.9.8/util-interface-1.9.8.jar:/Users/admin/Library/Caches/Coursier/v1/https/repo1.maven.org/maven2/org/scalameta/trees_2.13/4.9.9/trees_2.13-4.9.9.jar:/Users/admin/Library/Caches/Coursier/v1/https/repo1.maven.org/maven2/org/scala-lang/scala-compiler/2.13.11/scala-compiler-2.13.11.jar:/Users/admin/Library/Caches/Coursier/v1/https/repo1.maven.org/maven2/ch/epfl/scala/libdaemon_2.13/0.0.12/libdaemon_2.13-0.0.12.jar:/Users/admin/Library/Caches/Coursier/v1/https/repo1.maven.org/maven2/io/github/alexarchambault/scala-cli/snailgun/snailgun-core_2.13/0.4.1-sc2/snailgun-core_2.13-0.4.1-sc2.jar:/Users/admin/Library/Caches/Coursier/v1/https/repo1.maven.org/maven2/io/get-coursier/coursier_2.13/2.1.24/coursier_2.13-2.1.24.jar:/Users/admin/Library/Caches/Coursier/v1/https/repo1.maven.org/maven2/io/get-coursier/coursier-env_2.13/2.1.24/coursier-env_2.13-2.1.24.jar:/Users/admin/Library/Caches/Coursier/v1/https/repo1.maven.org/maven2/com/googlecode/javaewah/JavaEWAH/1.2.3/JavaEWAH-1.2.3.jar:/Users/admin/Library/Caches/Coursier/v1/https/repo1.maven.org/maven2/org/eclipse/xtend/org.eclipse.xtend.lib/2.28.0/org.eclipse.xtend.lib-2.28.0.jar:/Users/admin/Library/Caches/Coursier/v1/https/repo1.maven.org/maven2/org/scalameta/common_2.13/4.9.9/common_2.13-4.9.9.jar:/Users/admin/Library/Caches/Coursier/v1/https/repo1.maven.org/maven2/io/github/java-diff-utils/java-diff-utils/4.12/java-diff-utils-4.12.jar:/Users/admin/Library/Caches/Coursier/v1/https/repo1.maven.org/maven2/io/get-coursier/dependency_2.13/0.3.2/dependency_2.13-0.3.2.jar:/Users/admin/Library/Caches/Coursier/v1/https/repo1.maven.org/maven2/org/eclipse/xtext/org.eclipse.xtext.xbase.lib/2.28.0/org.eclipse.xtext.xbase.lib-2.28.0.jar:/Users/admin/Library/Caches/Coursier/v1/https/repo1.maven.org/maven2/org/eclipse/xtend/org.eclipse.xtend.lib.macro/2.28.0/org.eclipse.xtend.lib.macro-2.28.0.jar, scala.cli.ScalaCli, bsp, /Users/admin/datastructure)
2025.02.18 21:52:04 INFO  tracing is disabled for protocol BSP, to enable tracing of incoming and outgoing JSON messages create an empty file at /Users/admin/datastructure/.metals/bsp.trace.json or /Users/admin/Library/Caches/org.scalameta.metals/bsp.trace.json
2025.02.18 21:52:07 INFO  Connected to Scala CLI server v1.6.1
2025.02.18 21:52:08 INFO  compiling datastructure_d5c0a6989e (2 scala sources and 2 java sources)
2025.02.18 21:52:08 INFO  time: compiled datastructure_d5c0a6989e in 0.86s
2025.02.18 21:52:08 INFO  compiling datastructure_d5c0a6989e (2 scala sources and 2 java sources)
2025.02.18 21:52:09 INFO  time: compiled datastructure_d5c0a6989e in 0.37s
2025.02.18 21:52:10 INFO  time: indexed workspace in 3.1s
2025.02.18 21:52:11 INFO  compiling datastructure_d5c0a6989e (2 scala sources and 2 java sources)
2025.02.18 21:52:11 INFO  time: compiled datastructure_d5c0a6989e in 0.54s
2025.02.18 21:52:11 INFO  Scala CLI started for /Users/admin/datastructure
2025.02.18 21:52:11 WARN  no build tool detected in workspace '/Users/admin/datastructure'. The most common cause for this problem is that the editor was opened in the wrong working directory, for example if you use sbt then the workspace directory should contain build.sbt. 
2025.02.18 21:52:11 WARN  Build server is not auto-connectable.
Feb 18, 2025 9:52:20 P.M. org.eclipse.lsp4j.jsonrpc.services.GenericEndpoint notify
WARNING: Unsupported notification method: metals/windowStateDidChange
Feb 18, 2025 9:52:24 P.M. org.eclipse.lsp4j.jsonrpc.services.GenericEndpoint notify
WARNING: Unsupported notification method: metals/windowStateDidChange
Feb 18, 2025 9:52:26 P.M. org.eclipse.lsp4j.jsonrpc.services.GenericEndpoint notify
WARNING: Unsupported notification method: metals/windowStateDidChange
Feb 18, 2025 9:52:42 P.M. org.eclipse.lsp4j.jsonrpc.services.GenericEndpoint notify
WARNING: Unsupported notification method: metals/windowStateDidChange
2025.02.18 21:52:57 INFO  compiling datastructure_d5c0a6989e (2 scala sources and 2 java sources)
2025.02.18 21:52:57 INFO  time: compiled datastructure_d5c0a6989e in 0.29s
Feb 18, 2025 9:53:04 P.M. org.eclipse.lsp4j.jsonrpc.services.GenericEndpoint notify
WARNING: Unsupported notification method: metals/windowStateDidChange
Feb 18, 2025 9:54:03 P.M. org.eclipse.lsp4j.jsonrpc.services.GenericEndpoint notify
WARNING: Unsupported notification method: metals/windowStateDidChange
Feb 18, 2025 10:12:45 P.M. org.eclipse.lsp4j.jsonrpc.services.GenericEndpoint notify
WARNING: Unsupported notification method: metals/windowStateDidChange
Feb 18, 2025 10:12:46 P.M. org.eclipse.lsp4j.jsonrpc.services.GenericEndpoint notify
WARNING: Unsupported notification method: metals/windowStateDidChange
Feb 18, 2025 10:12:52 P.M. org.eclipse.lsp4j.jsonrpc.services.GenericEndpoint notify
WARNING: Unsupported notification method: metals/windowStateDidChange
Feb 18, 2025 10:13:03 P.M. org.eclipse.lsp4j.jsonrpc.services.GenericEndpoint notify
WARNING: Unsupported notification method: metals/windowStateDidChange
2025.02.18 22:13:13 INFO  compiling datastructure_d5c0a6989e (2 scala sources and 2 java sources)
2025.02.18 22:13:13 INFO  time: compiled datastructure_d5c0a6989e in 0.19s
Feb 18, 2025 10:14:27 P.M. org.eclipse.lsp4j.jsonrpc.services.GenericEndpoint notify
WARNING: Unsupported notification method: metals/windowStateDidChange
Feb 18, 2025 10:17:36 P.M. org.eclipse.lsp4j.jsonrpc.services.GenericEndpoint notify
WARNING: Unsupported notification method: metals/windowStateDidChange
Feb 18, 2025 10:17:36 P.M. scala.meta.internal.metals.StdReporter $anonfun$create$1
SEVERE: empty definition using pc, found symbol in pc: `<none>`. (full report at: /Users/admin/datastructure/.metals/.reports/metals-full/2025-02-18/r_empty-definition_(datastructure_d5c0a6989e)_21-39-39-741.md)
Feb 18, 2025 10:17:36 P.M. org.eclipse.lsp4j.jsonrpc.services.GenericEndpoint notify
WARNING: Unsupported notification method: metals/windowStateDidChange
Feb 18, 2025 10:17:41 P.M. org.eclipse.lsp4j.jsonrpc.services.GenericEndpoint notify
WARNING: Unsupported notification method: metals/windowStateDidChange
2025.02.18 22:17:45 INFO  compiling datastructure_d5c0a6989e (2 scala sources and 2 java sources)
2025.02.18 22:17:45 INFO  time: compiled datastructure_d5c0a6989e in 0.15s
2025.02.18 22:17:53 INFO  compiling datastructure_d5c0a6989e (2 scala sources and 2 java sources)
2025.02.18 22:17:53 INFO  time: compiled datastructure_d5c0a6989e in 0.25s
Feb 18, 2025 10:18:07 P.M. org.eclipse.lsp4j.jsonrpc.services.GenericEndpoint notify
WARNING: Unsupported notification method: metals/windowStateDidChange
Feb 18, 2025 10:18:13 P.M. org.eclipse.lsp4j.jsonrpc.services.GenericEndpoint notify
WARNING: Unsupported notification method: metals/windowStateDidChange
2025.02.18 22:18:22 INFO  compiling datastructure_d5c0a6989e (2 scala sources and 2 java sources)
2025.02.18 22:18:22 INFO  time: compiled datastructure_d5c0a6989e in 0.14s
Feb 18, 2025 10:18:33 P.M. org.eclipse.lsp4j.jsonrpc.services.GenericEndpoint notify
WARNING: Unsupported notification method: metals/windowStateDidChange
2025.02.18 22:19:03 INFO  Shut down connection with build server.
java.util.concurrent.RejectedExecutionException: Task Future(<not completed>) rejected from java.util.concurrent.ThreadPoolExecutor@2344fc66[Shutting down, pool size = 1, active threads = 1, queued tasks = 0, completed tasks = 5161]
	at java.base/java.util.concurrent.ThreadPoolExecutor$AbortPolicy.rejectedExecution(ThreadPoolExecutor.java:2081)
	at java.base/java.util.concurrent.ThreadPoolExecutor.reject(ThreadPoolExecutor.java:841)
	at java.base/java.util.concurrent.ThreadPoolExecutor.execute(ThreadPoolExecutor.java:1376)
	at scala.concurrent.impl.ExecutionContextImpl.execute(ExecutionContextImpl.scala:21)
	at scala.concurrent.impl.Promise$Transformation.submitWithValue(Promise.scala:429)
	at scala.concurrent.impl.Promise$DefaultPromise.submitWithValue(Promise.scala:338)
	at scala.concurrent.impl.Promise$DefaultPromise.tryComplete0(Promise.scala:285)
	at scala.concurrent.impl.Promise$Transformation.handleFailure(Promise.scala:444)
	at scala.concurrent.impl.Promise$Transformation.submitWithValue(Promise.scala:435)
	at scala.concurrent.impl.Promise$DefaultPromise.submitWithValue(Promise.scala:338)
	at scala.concurrent.impl.Promise$DefaultPromise.tryComplete0(Promise.scala:285)
	at scala.concurrent.impl.Promise$Transformation.handleFailure(Promise.scala:444)
	at scala.concurrent.impl.Promise$Transformation.run(Promise.scala:506)
	at java.base/java.util.concurrent.ThreadPoolExecutor.runWorker(ThreadPoolExecutor.java:1144)
	at java.base/java.util.concurrent.ThreadPoolExecutor$Worker.run(ThreadPoolExecutor.java:642)
	at java.base/java.lang.Thread.run(Thread.java:1589)
2025.02.18 22:19:07 INFO  Started: Metals version 1.5.1+61-4442b038-SNAPSHOT in folders '/Users/admin/datastructure' for client Visual Studio Code 1.85.1.
2025.02.18 22:19:07 INFO  no build target found for /Users/admin/datastructure/subarraysum/sortInWave.scala. Using presentation compiler with project's scala-library version: 3.3.5
2025.02.18 22:19:09 INFO  no build target found for /Users/admin/datastructure/subarraysum/sortInWave.scala. Using presentation compiler with project's scala-library version: 3.3.5
2025.02.18 22:19:10 WARN  scala-cli >= 0.1.3 not found in PATH, fetching and starting a JVM-based Scala CLI
2025.02.18 22:19:10 INFO  Running List(/Library/Java/JavaVirtualMachines/jdk-19.jdk/Contents/Home/bin/java, -cp, /Users/admin/Library/Caches/Coursier/v1/https/repo1.maven.org/maven2/org/virtuslab/scala-cli/cli_3/1.6.1/cli_3-1.6.1.jar:/Users/admin/Library/Caches/Coursier/v1/https/repo1.maven.org/maven2/com/github/alexarchambault/case-app_3/2.1.0-M29/case-app_3-2.1.0-M29.jar:/Users/admin/Library/Caches/Coursier/v1/https/repo1.maven.org/maven2/io/get-coursier/coursier-launcher_2.13/2.1.24/coursier-launcher_2.13-2.1.24.jar:/Users/admin/Library/Caches/Coursier/v1/https/repo1.maven.org/maven2/io/get-coursier/coursier-proxy-setup/2.1.24/coursier-proxy-setup-2.1.24.jar:/Users/admin/Library/Caches/Coursier/v1/https/repo1.maven.org/maven2/io/get-coursier/publish/publish_2.13/0.2.0/publish_2.13-0.2.0.jar:/Users/admin/Library/Caches/Coursier/v1/https/repo1.maven.org/maven2/com/google/jimfs/jimfs/1.3.0/jimfs-1.3.0.jar:/Users/admin/Library/Caches/Coursier/v1/https/repo1.maven.org/maven2/io/get-coursier/jniutils/windows-jni-utils/0.3.3/windows-jni-utils-0.3.3.jar:/Users/admin/Library/Caches/Coursier/v1/https/repo1.maven.org/maven2/com/github/plokhotnyuk/jsoniter-scala/jsoniter-scala-core_3/2.13.5.2/jsoniter-scala-core_3-2.13.5.2.jar:/Users/admin/Library/Caches/Coursier/v1/https/repo1.maven.org/maven2/org/virtuslab/scala-cli/libsodiumjni/0.0.4/libsodiumjni-0.0.4.jar:/Users/admin/Library/Caches/Coursier/v1/https/repo1.maven.org/maven2/org/scalameta/metaconfig-typesafe-config_3/0.14.0/metaconfig-typesafe-config_3-0.14.0.jar:/Users/admin/Library/Caches/Coursier/v1/https/repo1.maven.org/maven2/ai/kien/python-native-libs_3/0.2.4/python-native-libs_3-0.2.4.jar:/Users/admin/Library/Caches/Coursier/v1/https/repo1.maven.org/maven2/org/virtuslab/scala-packager_2.13/0.1.31/scala-packager_2.13-0.1.31.jar:/Users/admin/Library/Caches/Coursier/v1/https/repo1.maven.org/maven2/org/virtuslab/scala-cli-signing/cli_3/0.2.4/cli_3-0.2.4.jar:/Users/admin/Library/Caches/Coursier/v1/https/repo1.maven.org/maven2/org/slf4j/slf4j-nop/2.0.16/slf4j-nop-2.0.16.jar:/Users/admin/Library/Caches/Coursier/v1/https/repo1.maven.org/maven2/com/softwaremill/sttp/client3/core_2.13/3.10.2/core_2.13-3.10.2.jar:/Users/admin/Library/Caches/Coursier/v1/https/repo1.maven.org/maven2/ch/epfl/scala/scalafix-interfaces/0.14.0/scalafix-interfaces-0.14.0.jar:/Users/admin/Library/Caches/Coursier/v1/https/repo1.maven.org/maven2/org/scala-lang/scala3-library_3/3.3.4/scala3-library_3-3.3.4.jar:/Users/admin/Library/Caches/Coursier/v1/https/repo1.maven.org/maven2/org/virtuslab/scala-cli/build-module_3/1.6.1/build-module_3-1.6.1.jar:/Users/admin/Library/Caches/Coursier/v1/https/repo1.maven.org/maven2/org/virtuslab/scala-cli/config_3/1.6.1/config_3-1.6.1.jar:/Users/admin/Library/Caches/Coursier/v1/https/repo1.maven.org/maven2/org/virtuslab/scala-cli/scala3-graal_3/1.6.1/scala3-graal_3-1.6.1.jar:/Users/admin/Library/Caches/Coursier/v1/https/repo1.maven.org/maven2/org/virtuslab/scala-cli/specification-level_3/1.6.1/specification-level_3-1.6.1.jar:/Users/admin/Library/Caches/Coursier/v1/https/repo1.maven.org/maven2/com/lihaoyi/sourcecode_3/0.4.2/sourcecode_3-0.4.2.jar:/Users/admin/Library/Caches/Coursier/v1/https/repo1.maven.org/maven2/com/github/alexarchambault/case-app-annotations_3/2.1.0-M29/case-app-annotations_3-2.1.0-M29.jar:/Users/admin/Library/Caches/Coursier/v1/https/repo1.maven.org/maven2/com/github/alexarchambault/case-app-util_3/2.1.0-M29/case-app-util_3-2.1.0-M29.jar:/Users/admin/Library/Caches/Coursier/v1/https/repo1.maven.org/maven2/io/github/alexarchambault/scala-cli/tmp/zip-input-stream/0.1.1/zip-input-stream-0.1.1.jar:/Users/admin/Library/Caches/Coursier/v1/https/repo1.maven.org/maven2/org/scala-lang/scala-library/2.13.16/scala-library-2.13.16.jar:/Users/admin/Library/Caches/Coursier/v1/https/repo1.maven.org/maven2/io/get-coursier/coursier-cache_2.13/2.1.24/coursier-cache_2.13-2.1.24.jar:/Users/admin/Library/Caches/Coursier/v1/https/repo1.maven.org/maven2/io/get-coursier/coursier-core_2.13/2.1.24/coursier-core_2.13-2.1.24.jar:/Users/admin/Library/Caches/Coursier/v1/https/repo1.maven.org/maven2/com/google/guava/guava/33.4.0-jre/guava-33.4.0-jre.jar:/Users/admin/Library/Caches/Coursier/v1/https/repo1.maven.org/maven2/net/java/dev/jna/jna/5.13.0/jna-5.13.0.jar:/Users/admin/Library/Caches/Coursier/v1/https/repo1.maven.org/maven2/net/java/dev/jna/jna-platform/5.12.1/jna-platform-5.12.1.jar:/Users/admin/Library/Caches/Coursier/v1/https/repo1.maven.org/maven2/org/scalameta/metaconfig-core_3/0.14.0/metaconfig-core_3-0.14.0.jar:/Users/admin/Library/Caches/Coursier/v1/https/repo1.maven.org/maven2/com/typesafe/config/1.4.3/config-1.4.3.jar:/Users/admin/Library/Caches/Coursier/v1/https/repo1.maven.org/maven2/org/scala-lang/modules/scala-collection-compat_3/2.12.0/scala-collection-compat_3-2.12.0.jar:/Users/admin/Library/Caches/Coursier/v1/https/repo1.maven.org/maven2/commons-io/commons-io/2.18.0/commons-io-2.18.0.jar:/Users/admin/Library/Caches/Coursier/v1/https/repo1.maven.org/maven2/com/google/cloud/tools/jib-core/0.27.2/jib-core-0.27.2.jar:/Users/admin/Library/Caches/Coursier/v1/https/repo1.maven.org/maven2/org/bouncycastle/bcpg-jdk18on/1.78.1/bcpg-jdk18on-1.78.1.jar:/Users/admin/Library/Caches/Coursier/v1/https/repo1.maven.org/maven2/org/virtuslab/scala-cli-signing/shared_3/0.2.4/shared_3-0.2.4.jar:/Users/admin/Library/Caches/Coursier/v1/https/repo1.maven.org/maven2/org/slf4j/slf4j-api/2.0.16/slf4j-api-2.0.16.jar:/Users/admin/Library/Caches/Coursier/v1/https/repo1.maven.org/maven2/com/softwaremill/sttp/model/core_2.13/1.7.11/core_2.13-1.7.11.jar:/Users/admin/Library/Caches/Coursier/v1/https/repo1.maven.org/maven2/com/softwaremill/sttp/shared/core_2.13/1.3.22/core_2.13-1.3.22.jar:/Users/admin/Library/Caches/Coursier/v1/https/repo1.maven.org/maven2/com/softwaremill/sttp/shared/ws_2.13/1.3.22/ws_2.13-1.3.22.jar:/Users/admin/Library/Caches/Coursier/v1/https/repo1.maven.org/maven2/io/get-coursier/interface/1.0.26/interface-1.0.26.jar:/Users/admin/Library/Caches/Coursier/v1/https/repo1.maven.org/maven2/org/ow2/asm/asm/9.7.1/asm-9.7.1.jar:/Users/admin/Library/Caches/Coursier/v1/https/repo1.maven.org/maven2/org/virtuslab/scala-cli/java-class-name/java-class-name_3/0.1.4/java-class-name_3-0.1.4.jar:/Users/admin/Library/Caches/Coursier/v1/https/repo1.maven.org/maven2/org/scalameta/semanticdb-shared_2.13.16/4.9.9/semanticdb-shared_2.13.16-4.9.9.jar:/Users/admin/Library/Caches/Coursier/v1/https/repo1.maven.org/maven2/org/scala-native/test-runner_3/0.5.6/test-runner_3-0.5.6.jar:/Users/admin/Library/Caches/Coursier/v1/https/repo1.maven.org/maven2/com/lihaoyi/os-lib_3/0.11.3/os-lib_3-0.11.3.jar:/Users/admin/Library/Caches/Coursier/v1/https/repo1.maven.org/maven2/com/lihaoyi/pprint_3/0.9.0/pprint_3-0.9.0.jar:/Users/admin/Library/Caches/Coursier/v1/https/repo1.maven.org/maven2/org/scala-js/scalajs-env-nodejs_2.13/1.4.0/scalajs-env-nodejs_2.13-1.4.0.jar:/Users/admin/Library/Caches/Coursier/v1/https/repo1.maven.org/maven2/org/scala-js/scalajs-sbt-test-adapter_2.13/1.18.1/scalajs-sbt-test-adapter_2.13-1.18.1.jar:/Users/admin/Library/Caches/Coursier/v1/https/repo1.maven.org/maven2/com/swoval/file-tree-views/2.1.12/file-tree-views-2.1.12.jar:/Users/admin/Library/Caches/Coursier/v1/https/repo1.maven.org/maven2/org/virtuslab/scala-cli/zip-input-stream/zip-input-stream/0.1.2/zip-input-stream-0.1.2.jar:/Users/admin/Library/Caches/Coursier/v1/https/repo1.maven.org/maven2/org/virtuslab/scala-cli/options_3/1.6.1/options_3-1.6.1.jar:/Users/admin/Library/Caches/Coursier/v1/https/repo1.maven.org/maven2/org/virtuslab/scala-cli/directives_3/1.6.1/directives_3-1.6.1.jar:/Users/admin/Library/Caches/Coursier/v1/https/repo1.maven.org/maven2/org/virtuslab/scala-cli/scala-cli-bsp/1.6.1/scala-cli-bsp-1.6.1.jar:/Users/admin/Library/Caches/Coursier/v1/https/repo1.maven.org/maven2/org/virtuslab/scala-cli/test-runner_3/1.6.1/test-runner_3-1.6.1.jar:/Users/admin/Library/Caches/Coursier/v1/https/repo1.maven.org/maven2/org/virtuslab/scala-cli/tasty-lib_3/1.6.1/tasty-lib_3-1.6.1.jar:/Users/admin/Library/Caches/Coursier/v1/https/repo1.maven.org/maven2/io/github/alexarchambault/is-terminal/0.1.1/is-terminal-0.1.1.jar:/Users/admin/Library/Caches/Coursier/v1/https/repo1.maven.org/maven2/org/codehaus/plexus/plexus-archiver/4.10.0/plexus-archiver-4.10.0.jar:/Users/admin/Library/Caches/Coursier/v1/https/repo1.maven.org/maven2/org/codehaus/plexus/plexus-container-default/2.1.1/plexus-container-default-2.1.1.jar:/Users/admin/Library/Caches/Coursier/v1/https/repo1.maven.org/maven2/io/github/alexarchambault/windows-ansi/windows-ansi/0.0.6/windows-ansi-0.0.6.jar:/Users/admin/Library/Caches/Coursier/v1/https/repo1.maven.org/maven2/io/get-coursier/cache-util/2.1.24/cache-util-2.1.24.jar:/Users/admin/Library/Caches/Coursier/v1/https/repo1.maven.org/maven2/io/get-coursier/coursier-util_2.13/2.1.24/coursier-util_2.13-2.1.24.jar:/Users/admin/Library/Caches/Coursier/v1/https/repo1.maven.org/maven2/io/github/alexarchambault/concurrent-reference-hash-map/1.1.0/concurrent-reference-hash-map-1.1.0.jar:/Users/admin/Library/Caches/Coursier/v1/https/repo1.maven.org/maven2/org/scala-lang/modules/scala-xml_2.13/2.3.0/scala-xml_2.13-2.3.0.jar:/Users/admin/Library/Caches/Coursier/v1/https/repo1.maven.org/maven2/com/google/guava/failureaccess/1.0.2/failureaccess-1.0.2.jar:/Users/admin/Library/Caches/Coursier/v1/https/repo1.maven.org/maven2/com/google/guava/listenablefuture/9999.0-empty-to-avoid-conflict-with-guava/listenablefuture-9999.0-empty-to-avoid-conflict-with-guava.jar:/Users/admin/Library/Caches/Coursier/v1/https/repo1.maven.org/maven2/com/google/code/findbugs/jsr305/3.0.2/jsr305-3.0.2.jar:/Users/admin/Library/Caches/Coursier/v1/https/repo1.maven.org/maven2/org/checkerframework/checker-qual/3.43.0/checker-qual-3.43.0.jar:/Users/admin/Library/Caches/Coursier/v1/https/repo1.maven.org/maven2/com/google/errorprone/error_prone_annotations/2.36.0/error_prone_annotations-2.36.0.jar:/Users/admin/Library/Caches/Coursier/v1/https/repo1.maven.org/maven2/com/google/j2objc/j2objc-annotations/3.0.0/j2objc-annotations-3.0.0.jar:/Users/admin/Library/Caches/Coursier/v1/https/repo1.maven.org/maven2/org/scalameta/metaconfig-pprint_3/0.14.0/metaconfig-pprint_3-0.14.0.jar:/Users/admin/Library/Caches/Coursier/v1/https/repo1.maven.org/maven2/org/typelevel/paiges-core_3/0.4.4/paiges-core_3-0.4.4.jar:/Users/admin/Library/Caches/Coursier/v1/https/repo1.maven.org/maven2/org/scala-lang/scala-reflect/2.13.15/scala-reflect-2.13.15.jar:/Users/admin/Library/Caches/Coursier/v1/https/repo1.maven.org/maven2/com/google/cloud/tools/jib-build-plan/0.4.0/jib-build-plan-0.4.0.jar:/Users/admin/Library/Caches/Coursier/v1/https/repo1.maven.org/maven2/com/google/http-client/google-http-client/1.42.2/google-http-client-1.42.2.jar:/Users/admin/Library/Caches/Coursier/v1/https/repo1.maven.org/maven2/com/google/http-client/google-http-client-apache-v2/1.42.2/google-http-client-apache-v2-1.42.2.jar:/Users/admin/Library/Caches/Coursier/v1/https/repo1.maven.org/maven2/com/google/auth/google-auth-library-oauth2-http/1.10.0/google-auth-library-oauth2-http-1.10.0.jar:/Users/admin/Library/Caches/Coursier/v1/https/repo1.maven.org/maven2/org/apache/commons/commons-compress/1.26.2/commons-compress-1.26.2.jar:/Users/admin/Library/Caches/Coursier/v1/https/repo1.maven.org/maven2/com/fasterxml/jackson/core/jackson-databind/2.15.2/jackson-databind-2.15.2.jar:/Users/admin/Library/Caches/Coursier/v1/https/repo1.maven.org/maven2/com/fasterxml/jackson/datatype/jackson-datatype-jsr310/2.15.2/jackson-datatype-jsr310-2.15.2.jar:/Users/admin/Library/Caches/Coursier/v1/https/repo1.maven.org/maven2/org/bouncycastle/bcprov-jdk18on/1.78.1/bcprov-jdk18on-1.78.1.jar:/Users/admin/Library/Caches/Coursier/v1/https/repo1.maven.org/maven2/org/bouncycastle/bcutil-jdk18on/1.78.1/bcutil-jdk18on-1.78.1.jar:/Users/admin/Library/Caches/Coursier/v1/https/repo1.maven.org/maven2/org/scala-lang/scala3-compiler_3/3.3.4/scala3-compiler_3-3.3.4.jar:/Users/admin/Library/Caches/Coursier/v1/https/repo1.maven.org/maven2/org/scalameta/scalameta_2.13/4.9.9/scalameta_2.13-4.9.9.jar:/Users/admin/Library/Caches/Coursier/v1/https/repo1.maven.org/maven2/com/thesamet/scalapb/scalapb-runtime_2.13/0.11.17/scalapb-runtime_2.13-0.11.17.jar:/Users/admin/Library/Caches/Coursier/v1/https/repo1.maven.org/maven2/org/scala-native/tools_3/0.5.6/tools_3-0.5.6.jar:/Users/admin/Library/Caches/Coursier/v1/https/repo1.maven.org/maven2/org/scala-sbt/test-interface/1.0/test-interface-1.0.jar:/Users/admin/Library/Caches/Coursier/v1/https/repo1.maven.org/maven2/com/github/sbt/junit-interface/0.13.3/junit-interface-0.13.3.jar:/Users/admin/Library/Caches/Coursier/v1/https/repo1.maven.org/maven2/junit/junit/4.13.2/junit-4.13.2.jar:/Users/admin/Library/Caches/Coursier/v1/https/repo1.maven.org/maven2/com/lihaoyi/geny_3/1.1.1/geny_3-1.1.1.jar:/Users/admin/Library/Caches/Coursier/v1/https/repo1.maven.org/maven2/com/lihaoyi/fansi_3/0.5.0/fansi_3-0.5.0.jar:/Users/admin/Library/Caches/Coursier/v1/https/repo1.maven.org/maven2/org/scala-js/scalajs-js-envs_2.13/1.4.0/scalajs-js-envs_2.13-1.4.0.jar:/Users/admin/Library/Caches/Coursier/v1/https/repo1.maven.org/maven2/ch/epfl/scala/bloop-config_2.13/2.3.1/bloop-config_2.13-2.3.1.jar:/Users/admin/Library/Caches/Coursier/v1/https/repo1.maven.org/maven2/org/virtuslab/scala-cli/core_3/1.6.1/core_3-1.6.1.jar:/Users/admin/Library/Caches/Coursier/v1/https/repo1.maven.org/maven2/org/virtuslab/using_directives/1.1.4/using_directives-1.1.4.jar:/Users/admin/Library/Caches/Coursier/v1/https/repo1.maven.org/maven2/org/virtuslab/scala-cli/build-macros_3/1.6.1/build-macros_3-1.6.1.jar:/Users/admin/Library/Caches/Coursier/v1/https/repo1.maven.org/maven2/ch/epfl/scala/bsp4j/2.1.1/bsp4j-2.1.1.jar:/Users/admin/Library/Caches/Coursier/v1/https/repo1.maven.org/maven2/javax/inject/javax.inject/1/javax.inject-1.jar:/Users/admin/Library/Caches/Coursier/v1/https/repo1.maven.org/maven2/org/codehaus/plexus/plexus-utils/4.0.1/plexus-utils-4.0.1.jar:/Users/admin/Library/Caches/Coursier/v1/https/repo1.maven.org/maven2/org/codehaus/plexus/plexus-io/3.5.0/plexus-io-3.5.0.jar:/Users/admin/Library/Caches/Coursier/v1/https/repo1.maven.org/maven2/io/airlift/aircompressor/0.27/aircompressor-0.27.jar:/Users/admin/Library/Caches/Coursier/v1/https/repo1.maven.org/maven2/org/tukaani/xz/1.9/xz-1.9.jar:/Users/admin/Library/Caches/Coursier/v1/https/repo1.maven.org/maven2/com/github/luben/zstd-jni/1.5.6-3/zstd-jni-1.5.6-3.jar:/Users/admin/Library/Caches/Coursier/v1/https/repo1.maven.org/maven2/org/codehaus/plexus/plexus-classworlds/2.6.0/plexus-classworlds-2.6.0.jar:/Users/admin/Library/Caches/Coursier/v1/https/repo1.maven.org/maven2/org/apache/xbean/xbean-reflect/3.7/xbean-reflect-3.7.jar:/Users/admin/Library/Caches/Coursier/v1/https/repo1.maven.org/maven2/org/fusesource/jansi/jansi/2.4.1/jansi-2.4.1.jar:/Users/admin/Library/Caches/Coursier/v1/https/repo1.maven.org/maven2/org/apache/httpcomponents/httpclient/4.5.13/httpclient-4.5.13.jar:/Users/admin/Library/Caches/Coursier/v1/https/repo1.maven.org/maven2/org/apache/httpcomponents/httpcore/4.4.15/httpcore-4.4.15.jar:/Users/admin/Library/Caches/Coursier/v1/https/repo1.maven.org/maven2/io/opencensus/opencensus-api/0.31.1/opencensus-api-0.31.1.jar:/Users/admin/Library/Caches/Coursier/v1/https/repo1.maven.org/maven2/io/opencensus/opencensus-contrib-http-util/0.31.1/opencensus-contrib-http-util-0.31.1.jar:/Users/admin/Library/Caches/Coursier/v1/https/repo1.maven.org/maven2/com/google/auto/value/auto-value-annotations/1.9/auto-value-annotations-1.9.jar:/Users/admin/Library/Caches/Coursier/v1/https/repo1.maven.org/maven2/com/google/auth/google-auth-library-credentials/1.10.0/google-auth-library-credentials-1.10.0.jar:/Users/admin/Library/Caches/Coursier/v1/https/repo1.maven.org/maven2/com/google/http-client/google-http-client-gson/1.42.2/google-http-client-gson-1.42.2.jar:/Users/admin/Library/Caches/Coursier/v1/https/repo1.maven.org/maven2/commons-codec/commons-codec/1.17.0/commons-codec-1.17.0.jar:/Users/admin/Library/Caches/Coursier/v1/https/repo1.maven.org/maven2/org/apache/commons/commons-lang3/3.14.0/commons-lang3-3.14.0.jar:/Users/admin/Library/Caches/Coursier/v1/https/repo1.maven.org/maven2/com/fasterxml/jackson/core/jackson-annotations/2.15.2/jackson-annotations-2.15.2.jar:/Users/admin/Library/Caches/Coursier/v1/https/repo1.maven.org/maven2/com/fasterxml/jackson/core/jackson-core/2.15.2/jackson-core-2.15.2.jar:/Users/admin/Library/Caches/Coursier/v1/https/repo1.maven.org/maven2/org/scala-lang/scala3-interfaces/3.3.4/scala3-interfaces-3.3.4.jar:/Users/admin/Library/Caches/Coursier/v1/https/repo1.maven.org/maven2/org/scala-lang/tasty-core_3/3.3.4/tasty-core_3-3.3.4.jar:/Users/admin/Library/Caches/Coursier/v1/https/repo1.maven.org/maven2/org/scala-lang/modules/scala-asm/9.6.0-scala-1/scala-asm-9.6.0-scala-1.jar:/Users/admin/Library/Caches/Coursier/v1/https/repo1.maven.org/maven2/org/scala-sbt/compiler-interface/1.9.6/compiler-interface-1.9.6.jar:/Users/admin/Library/Caches/Coursier/v1/https/repo1.maven.org/maven2/org/scalameta/parsers_2.13/4.9.9/parsers_2.13-4.9.9.jar:/Users/admin/Library/Caches/Coursier/v1/https/repo1.maven.org/maven2/org/scala-lang/scalap/2.13.11/scalap-2.13.11.jar:/Users/admin/Library/Caches/Coursier/v1/https/repo1.maven.org/maven2/com/thesamet/scalapb/lenses_2.13/0.11.17/lenses_2.13-0.11.17.jar:/Users/admin/Library/Caches/Coursier/v1/https/repo1.maven.org/maven2/com/google/protobuf/protobuf-java/3.19.6/protobuf-java-3.19.6.jar:/Users/admin/Library/Caches/Coursier/v1/https/repo1.maven.org/maven2/org/scala-native/nir_3/0.5.6/nir_3-0.5.6.jar:/Users/admin/Library/Caches/Coursier/v1/https/repo1.maven.org/maven2/org/scala-native/util_3/0.5.6/util_3-0.5.6.jar:/Users/admin/Library/Caches/Coursier/v1/https/repo1.maven.org/maven2/org/hamcrest/hamcrest-core/1.3/hamcrest-core-1.3.jar:/Users/admin/Library/Caches/Coursier/v1/https/repo1.maven.org/maven2/org/scala-js/scalajs-logging_2.13/1.1.1/scalajs-logging_2.13-1.1.1.jar:/Users/admin/Library/Caches/Coursier/v1/https/repo1.maven.org/maven2/com/lihaoyi/unroll-annotation_2.13/0.1.12/unroll-annotation_2.13-0.1.12.jar:/Users/admin/Library/Caches/Coursier/v1/https/repo1.maven.org/maven2/ch/epfl/scala/bloop-rifle_2.13/2.0.8/bloop-rifle_2.13-2.0.8.jar:/Users/admin/Library/Caches/Coursier/v1/https/repo1.maven.org/maven2/io/get-coursier/coursier-jvm_2.13/2.1.24/coursier-jvm_2.13-2.1.24.jar:/Users/admin/Library/Caches/Coursier/v1/https/repo1.maven.org/maven2/io/get-coursier/dependency_3/0.3.2/dependency_3-0.3.2.jar:/Users/admin/Library/Caches/Coursier/v1/https/repo1.maven.org/maven2/org/eclipse/jgit/org.eclipse.jgit/6.8.0.202311291450-r/org.eclipse.jgit-6.8.0.202311291450-r.jar:/Users/admin/Library/Caches/Coursier/v1/https/repo1.maven.org/maven2/org/scala-js/scalajs-env-jsdom-nodejs_2.13/1.1.0/scalajs-env-jsdom-nodejs_2.13-1.1.0.jar:/Users/admin/Library/Caches/Coursier/v1/https/repo1.maven.org/maven2/org/eclipse/lsp4j/org.eclipse.lsp4j.generator/0.20.1/org.eclipse.lsp4j.generator-0.20.1.jar:/Users/admin/Library/Caches/Coursier/v1/https/repo1.maven.org/maven2/org/eclipse/lsp4j/org.eclipse.lsp4j.jsonrpc/0.20.1/org.eclipse.lsp4j.jsonrpc-0.20.1.jar:/Users/admin/Library/Caches/Coursier/v1/https/repo1.maven.org/maven2/commons-logging/commons-logging/1.2/commons-logging-1.2.jar:/Users/admin/Library/Caches/Coursier/v1/https/repo1.maven.org/maven2/io/grpc/grpc-context/1.27.2/grpc-context-1.27.2.jar:/Users/admin/Library/Caches/Coursier/v1/https/repo1.maven.org/maven2/com/google/code/gson/gson/2.10.1/gson-2.10.1.jar:/Users/admin/Library/Caches/Coursier/v1/https/repo1.maven.org/maven2/org/scala-sbt/util-interface/1.9.8/util-interface-1.9.8.jar:/Users/admin/Library/Caches/Coursier/v1/https/repo1.maven.org/maven2/org/scalameta/trees_2.13/4.9.9/trees_2.13-4.9.9.jar:/Users/admin/Library/Caches/Coursier/v1/https/repo1.maven.org/maven2/org/scala-lang/scala-compiler/2.13.11/scala-compiler-2.13.11.jar:/Users/admin/Library/Caches/Coursier/v1/https/repo1.maven.org/maven2/ch/epfl/scala/libdaemon_2.13/0.0.12/libdaemon_2.13-0.0.12.jar:/Users/admin/Library/Caches/Coursier/v1/https/repo1.maven.org/maven2/io/github/alexarchambault/scala-cli/snailgun/snailgun-core_2.13/0.4.1-sc2/snailgun-core_2.13-0.4.1-sc2.jar:/Users/admin/Library/Caches/Coursier/v1/https/repo1.maven.org/maven2/io/get-coursier/coursier_2.13/2.1.24/coursier_2.13-2.1.24.jar:/Users/admin/Library/Caches/Coursier/v1/https/repo1.maven.org/maven2/io/get-coursier/coursier-env_2.13/2.1.24/coursier-env_2.13-2.1.24.jar:/Users/admin/Library/Caches/Coursier/v1/https/repo1.maven.org/maven2/com/googlecode/javaewah/JavaEWAH/1.2.3/JavaEWAH-1.2.3.jar:/Users/admin/Library/Caches/Coursier/v1/https/repo1.maven.org/maven2/org/eclipse/xtend/org.eclipse.xtend.lib/2.28.0/org.eclipse.xtend.lib-2.28.0.jar:/Users/admin/Library/Caches/Coursier/v1/https/repo1.maven.org/maven2/org/scalameta/common_2.13/4.9.9/common_2.13-4.9.9.jar:/Users/admin/Library/Caches/Coursier/v1/https/repo1.maven.org/maven2/io/github/java-diff-utils/java-diff-utils/4.12/java-diff-utils-4.12.jar:/Users/admin/Library/Caches/Coursier/v1/https/repo1.maven.org/maven2/io/get-coursier/dependency_2.13/0.3.2/dependency_2.13-0.3.2.jar:/Users/admin/Library/Caches/Coursier/v1/https/repo1.maven.org/maven2/org/eclipse/xtext/org.eclipse.xtext.xbase.lib/2.28.0/org.eclipse.xtext.xbase.lib-2.28.0.jar:/Users/admin/Library/Caches/Coursier/v1/https/repo1.maven.org/maven2/org/eclipse/xtend/org.eclipse.xtend.lib.macro/2.28.0/org.eclipse.xtend.lib.macro-2.28.0.jar, scala.cli.ScalaCli, bsp, /Users/admin/datastructure)
2025.02.18 22:19:10 INFO  tracing is disabled for protocol BSP, to enable tracing of incoming and outgoing JSON messages create an empty file at /Users/admin/datastructure/.metals/bsp.trace.json or /Users/admin/Library/Caches/org.scalameta.metals/bsp.trace.json
2025.02.18 22:19:11 INFO  no build target found for /Users/admin/datastructure/subarraysum/sortInWave.scala. Using presentation compiler with project's scala-library version: 3.3.5
2025.02.18 22:19:14 INFO  Connected to Scala CLI server v1.6.1
2025.02.18 22:19:14 INFO  compiling datastructure_d5c0a6989e (2 scala sources and 2 java sources)
2025.02.18 22:19:14 INFO  time: compiled datastructure_d5c0a6989e in 0.2s
2025.02.18 22:19:14 INFO  compiling datastructure_d5c0a6989e (2 scala sources and 2 java sources)
2025.02.18 22:19:14 INFO  time: compiled datastructure_d5c0a6989e in 94ms
2025.02.18 22:19:15 INFO  time: indexed workspace in 2.02s
Feb 18, 2025 10:19:16 P.M. org.eclipse.lsp4j.jsonrpc.services.GenericEndpoint notify
WARNING: Unsupported notification method: metals/windowStateDidChange
2025.02.18 22:19:16 INFO  compiling datastructure_d5c0a6989e (2 scala sources and 2 java sources)
2025.02.18 22:19:16 INFO  time: compiled datastructure_d5c0a6989e in 0.12s
2025.02.18 22:19:16 INFO  Scala CLI started for /Users/admin/datastructure
2025.02.18 22:19:16 WARN  no build tool detected in workspace '/Users/admin/datastructure'. The most common cause for this problem is that the editor was opened in the wrong working directory, for example if you use sbt then the workspace directory should contain build.sbt. 
2025.02.18 22:19:16 WARN  Build server is not auto-connectable.
Feb 18, 2025 10:19:47 P.M. org.eclipse.lsp4j.jsonrpc.services.GenericEndpoint notify
WARNING: Unsupported notification method: metals/windowStateDidChange
Feb 18, 2025 10:19:48 P.M. org.eclipse.lsp4j.jsonrpc.services.GenericEndpoint notify
WARNING: Unsupported notification method: metals/windowStateDidChange
2025.02.18 22:19:51 INFO  compiling datastructure_d5c0a6989e (2 scala sources and 2 java sources)
2025.02.18 22:19:51 INFO  time: compiled datastructure_d5c0a6989e in 0.24s
2025.02.18 22:19:57 INFO  Shut down connection with build server.
2025.02.18 22:20:00 INFO  Started: Metals version 1.5.1+61-4442b038-SNAPSHOT in folders '/Users/admin/datastructure' for client Visual Studio Code 1.85.1.
2025.02.18 22:20:00 INFO  no build target found for /Users/admin/datastructure/subarraysum/sortInWave.scala. Using presentation compiler with project's scala-library version: 3.3.5
2025.02.18 22:20:02 INFO  no build target found for /Users/admin/datastructure/subarraysum/sortInWave.scala. Using presentation compiler with project's scala-library version: 3.3.5
2025.02.18 22:20:02 INFO  no build target found for /Users/admin/datastructure/subarraysum/sortInWave.scala. Using presentation compiler with project's scala-library version: 3.3.5
2025.02.18 22:20:02 INFO  no build target found for /Users/admin/datastructure/subarraysum/sortInWave.scala. Using presentation compiler with project's scala-library version: 3.3.5
2025.02.18 22:20:02 INFO  no build target found for /Users/admin/datastructure/subarraysum/sortInWave.scala. Using presentation compiler with project's scala-library version: 3.3.5
2025.02.18 22:20:02 INFO  no build target found for /Users/admin/datastructure/subarraysum/sortInWave.scala. Using presentation compiler with project's scala-library version: 3.3.5
2025.02.18 22:20:02 INFO  no build target found for /Users/admin/datastructure/subarraysum/sortInWave.scala. Using presentation compiler with project's scala-library version: 3.3.5
2025.02.18 22:20:03 INFO  no build target found for /Users/admin/datastructure/subarraysum/sortInWave.scala. Using presentation compiler with project's scala-library version: 3.3.5
2025.02.18 22:20:03 WARN  scala-cli >= 0.1.3 not found in PATH, fetching and starting a JVM-based Scala CLI
2025.02.18 22:20:03 INFO  no build target found for /Users/admin/datastructure/subarraysum/sortInWave.scala. Using presentation compiler with project's scala-library version: 3.3.5
2025.02.18 22:20:03 INFO  no build target found for /Users/admin/datastructure/subarraysum/sortInWave.scala. Using presentation compiler with project's scala-library version: 3.3.5
2025.02.18 22:20:04 INFO  Running List(/Library/Java/JavaVirtualMachines/jdk-19.jdk/Contents/Home/bin/java, -cp, /Users/admin/Library/Caches/Coursier/v1/https/repo1.maven.org/maven2/org/virtuslab/scala-cli/cli_3/1.6.1/cli_3-1.6.1.jar:/Users/admin/Library/Caches/Coursier/v1/https/repo1.maven.org/maven2/com/github/alexarchambault/case-app_3/2.1.0-M29/case-app_3-2.1.0-M29.jar:/Users/admin/Library/Caches/Coursier/v1/https/repo1.maven.org/maven2/io/get-coursier/coursier-launcher_2.13/2.1.24/coursier-launcher_2.13-2.1.24.jar:/Users/admin/Library/Caches/Coursier/v1/https/repo1.maven.org/maven2/io/get-coursier/coursier-proxy-setup/2.1.24/coursier-proxy-setup-2.1.24.jar:/Users/admin/Library/Caches/Coursier/v1/https/repo1.maven.org/maven2/io/get-coursier/publish/publish_2.13/0.2.0/publish_2.13-0.2.0.jar:/Users/admin/Library/Caches/Coursier/v1/https/repo1.maven.org/maven2/com/google/jimfs/jimfs/1.3.0/jimfs-1.3.0.jar:/Users/admin/Library/Caches/Coursier/v1/https/repo1.maven.org/maven2/io/get-coursier/jniutils/windows-jni-utils/0.3.3/windows-jni-utils-0.3.3.jar:/Users/admin/Library/Caches/Coursier/v1/https/repo1.maven.org/maven2/com/github/plokhotnyuk/jsoniter-scala/jsoniter-scala-core_3/2.13.5.2/jsoniter-scala-core_3-2.13.5.2.jar:/Users/admin/Library/Caches/Coursier/v1/https/repo1.maven.org/maven2/org/virtuslab/scala-cli/libsodiumjni/0.0.4/libsodiumjni-0.0.4.jar:/Users/admin/Library/Caches/Coursier/v1/https/repo1.maven.org/maven2/org/scalameta/metaconfig-typesafe-config_3/0.14.0/metaconfig-typesafe-config_3-0.14.0.jar:/Users/admin/Library/Caches/Coursier/v1/https/repo1.maven.org/maven2/ai/kien/python-native-libs_3/0.2.4/python-native-libs_3-0.2.4.jar:/Users/admin/Library/Caches/Coursier/v1/https/repo1.maven.org/maven2/org/virtuslab/scala-packager_2.13/0.1.31/scala-packager_2.13-0.1.31.jar:/Users/admin/Library/Caches/Coursier/v1/https/repo1.maven.org/maven2/org/virtuslab/scala-cli-signing/cli_3/0.2.4/cli_3-0.2.4.jar:/Users/admin/Library/Caches/Coursier/v1/https/repo1.maven.org/maven2/org/slf4j/slf4j-nop/2.0.16/slf4j-nop-2.0.16.jar:/Users/admin/Library/Caches/Coursier/v1/https/repo1.maven.org/maven2/com/softwaremill/sttp/client3/core_2.13/3.10.2/core_2.13-3.10.2.jar:/Users/admin/Library/Caches/Coursier/v1/https/repo1.maven.org/maven2/ch/epfl/scala/scalafix-interfaces/0.14.0/scalafix-interfaces-0.14.0.jar:/Users/admin/Library/Caches/Coursier/v1/https/repo1.maven.org/maven2/org/scala-lang/scala3-library_3/3.3.4/scala3-library_3-3.3.4.jar:/Users/admin/Library/Caches/Coursier/v1/https/repo1.maven.org/maven2/org/virtuslab/scala-cli/build-module_3/1.6.1/build-module_3-1.6.1.jar:/Users/admin/Library/Caches/Coursier/v1/https/repo1.maven.org/maven2/org/virtuslab/scala-cli/config_3/1.6.1/config_3-1.6.1.jar:/Users/admin/Library/Caches/Coursier/v1/https/repo1.maven.org/maven2/org/virtuslab/scala-cli/scala3-graal_3/1.6.1/scala3-graal_3-1.6.1.jar:/Users/admin/Library/Caches/Coursier/v1/https/repo1.maven.org/maven2/org/virtuslab/scala-cli/specification-level_3/1.6.1/specification-level_3-1.6.1.jar:/Users/admin/Library/Caches/Coursier/v1/https/repo1.maven.org/maven2/com/lihaoyi/sourcecode_3/0.4.2/sourcecode_3-0.4.2.jar:/Users/admin/Library/Caches/Coursier/v1/https/repo1.maven.org/maven2/com/github/alexarchambault/case-app-annotations_3/2.1.0-M29/case-app-annotations_3-2.1.0-M29.jar:/Users/admin/Library/Caches/Coursier/v1/https/repo1.maven.org/maven2/com/github/alexarchambault/case-app-util_3/2.1.0-M29/case-app-util_3-2.1.0-M29.jar:/Users/admin/Library/Caches/Coursier/v1/https/repo1.maven.org/maven2/io/github/alexarchambault/scala-cli/tmp/zip-input-stream/0.1.1/zip-input-stream-0.1.1.jar:/Users/admin/Library/Caches/Coursier/v1/https/repo1.maven.org/maven2/org/scala-lang/scala-library/2.13.16/scala-library-2.13.16.jar:/Users/admin/Library/Caches/Coursier/v1/https/repo1.maven.org/maven2/io/get-coursier/coursier-cache_2.13/2.1.24/coursier-cache_2.13-2.1.24.jar:/Users/admin/Library/Caches/Coursier/v1/https/repo1.maven.org/maven2/io/get-coursier/coursier-core_2.13/2.1.24/coursier-core_2.13-2.1.24.jar:/Users/admin/Library/Caches/Coursier/v1/https/repo1.maven.org/maven2/com/google/guava/guava/33.4.0-jre/guava-33.4.0-jre.jar:/Users/admin/Library/Caches/Coursier/v1/https/repo1.maven.org/maven2/net/java/dev/jna/jna/5.13.0/jna-5.13.0.jar:/Users/admin/Library/Caches/Coursier/v1/https/repo1.maven.org/maven2/net/java/dev/jna/jna-platform/5.12.1/jna-platform-5.12.1.jar:/Users/admin/Library/Caches/Coursier/v1/https/repo1.maven.org/maven2/org/scalameta/metaconfig-core_3/0.14.0/metaconfig-core_3-0.14.0.jar:/Users/admin/Library/Caches/Coursier/v1/https/repo1.maven.org/maven2/com/typesafe/config/1.4.3/config-1.4.3.jar:/Users/admin/Library/Caches/Coursier/v1/https/repo1.maven.org/maven2/org/scala-lang/modules/scala-collection-compat_3/2.12.0/scala-collection-compat_3-2.12.0.jar:/Users/admin/Library/Caches/Coursier/v1/https/repo1.maven.org/maven2/commons-io/commons-io/2.18.0/commons-io-2.18.0.jar:/Users/admin/Library/Caches/Coursier/v1/https/repo1.maven.org/maven2/com/google/cloud/tools/jib-core/0.27.2/jib-core-0.27.2.jar:/Users/admin/Library/Caches/Coursier/v1/https/repo1.maven.org/maven2/org/bouncycastle/bcpg-jdk18on/1.78.1/bcpg-jdk18on-1.78.1.jar:/Users/admin/Library/Caches/Coursier/v1/https/repo1.maven.org/maven2/org/virtuslab/scala-cli-signing/shared_3/0.2.4/shared_3-0.2.4.jar:/Users/admin/Library/Caches/Coursier/v1/https/repo1.maven.org/maven2/org/slf4j/slf4j-api/2.0.16/slf4j-api-2.0.16.jar:/Users/admin/Library/Caches/Coursier/v1/https/repo1.maven.org/maven2/com/softwaremill/sttp/model/core_2.13/1.7.11/core_2.13-1.7.11.jar:/Users/admin/Library/Caches/Coursier/v1/https/repo1.maven.org/maven2/com/softwaremill/sttp/shared/core_2.13/1.3.22/core_2.13-1.3.22.jar:/Users/admin/Library/Caches/Coursier/v1/https/repo1.maven.org/maven2/com/softwaremill/sttp/shared/ws_2.13/1.3.22/ws_2.13-1.3.22.jar:/Users/admin/Library/Caches/Coursier/v1/https/repo1.maven.org/maven2/io/get-coursier/interface/1.0.26/interface-1.0.26.jar:/Users/admin/Library/Caches/Coursier/v1/https/repo1.maven.org/maven2/org/ow2/asm/asm/9.7.1/asm-9.7.1.jar:/Users/admin/Library/Caches/Coursier/v1/https/repo1.maven.org/maven2/org/virtuslab/scala-cli/java-class-name/java-class-name_3/0.1.4/java-class-name_3-0.1.4.jar:/Users/admin/Library/Caches/Coursier/v1/https/repo1.maven.org/maven2/org/scalameta/semanticdb-shared_2.13.16/4.9.9/semanticdb-shared_2.13.16-4.9.9.jar:/Users/admin/Library/Caches/Coursier/v1/https/repo1.maven.org/maven2/org/scala-native/test-runner_3/0.5.6/test-runner_3-0.5.6.jar:/Users/admin/Library/Caches/Coursier/v1/https/repo1.maven.org/maven2/com/lihaoyi/os-lib_3/0.11.3/os-lib_3-0.11.3.jar:/Users/admin/Library/Caches/Coursier/v1/https/repo1.maven.org/maven2/com/lihaoyi/pprint_3/0.9.0/pprint_3-0.9.0.jar:/Users/admin/Library/Caches/Coursier/v1/https/repo1.maven.org/maven2/org/scala-js/scalajs-env-nodejs_2.13/1.4.0/scalajs-env-nodejs_2.13-1.4.0.jar:/Users/admin/Library/Caches/Coursier/v1/https/repo1.maven.org/maven2/org/scala-js/scalajs-sbt-test-adapter_2.13/1.18.1/scalajs-sbt-test-adapter_2.13-1.18.1.jar:/Users/admin/Library/Caches/Coursier/v1/https/repo1.maven.org/maven2/com/swoval/file-tree-views/2.1.12/file-tree-views-2.1.12.jar:/Users/admin/Library/Caches/Coursier/v1/https/repo1.maven.org/maven2/org/virtuslab/scala-cli/zip-input-stream/zip-input-stream/0.1.2/zip-input-stream-0.1.2.jar:/Users/admin/Library/Caches/Coursier/v1/https/repo1.maven.org/maven2/org/virtuslab/scala-cli/options_3/1.6.1/options_3-1.6.1.jar:/Users/admin/Library/Caches/Coursier/v1/https/repo1.maven.org/maven2/org/virtuslab/scala-cli/directives_3/1.6.1/directives_3-1.6.1.jar:/Users/admin/Library/Caches/Coursier/v1/https/repo1.maven.org/maven2/org/virtuslab/scala-cli/scala-cli-bsp/1.6.1/scala-cli-bsp-1.6.1.jar:/Users/admin/Library/Caches/Coursier/v1/https/repo1.maven.org/maven2/org/virtuslab/scala-cli/test-runner_3/1.6.1/test-runner_3-1.6.1.jar:/Users/admin/Library/Caches/Coursier/v1/https/repo1.maven.org/maven2/org/virtuslab/scala-cli/tasty-lib_3/1.6.1/tasty-lib_3-1.6.1.jar:/Users/admin/Library/Caches/Coursier/v1/https/repo1.maven.org/maven2/io/github/alexarchambault/is-terminal/0.1.1/is-terminal-0.1.1.jar:/Users/admin/Library/Caches/Coursier/v1/https/repo1.maven.org/maven2/org/codehaus/plexus/plexus-archiver/4.10.0/plexus-archiver-4.10.0.jar:/Users/admin/Library/Caches/Coursier/v1/https/repo1.maven.org/maven2/org/codehaus/plexus/plexus-container-default/2.1.1/plexus-container-default-2.1.1.jar:/Users/admin/Library/Caches/Coursier/v1/https/repo1.maven.org/maven2/io/github/alexarchambault/windows-ansi/windows-ansi/0.0.6/windows-ansi-0.0.6.jar:/Users/admin/Library/Caches/Coursier/v1/https/repo1.maven.org/maven2/io/get-coursier/cache-util/2.1.24/cache-util-2.1.24.jar:/Users/admin/Library/Caches/Coursier/v1/https/repo1.maven.org/maven2/io/get-coursier/coursier-util_2.13/2.1.24/coursier-util_2.13-2.1.24.jar:/Users/admin/Library/Caches/Coursier/v1/https/repo1.maven.org/maven2/io/github/alexarchambault/concurrent-reference-hash-map/1.1.0/concurrent-reference-hash-map-1.1.0.jar:/Users/admin/Library/Caches/Coursier/v1/https/repo1.maven.org/maven2/org/scala-lang/modules/scala-xml_2.13/2.3.0/scala-xml_2.13-2.3.0.jar:/Users/admin/Library/Caches/Coursier/v1/https/repo1.maven.org/maven2/com/google/guava/failureaccess/1.0.2/failureaccess-1.0.2.jar:/Users/admin/Library/Caches/Coursier/v1/https/repo1.maven.org/maven2/com/google/guava/listenablefuture/9999.0-empty-to-avoid-conflict-with-guava/listenablefuture-9999.0-empty-to-avoid-conflict-with-guava.jar:/Users/admin/Library/Caches/Coursier/v1/https/repo1.maven.org/maven2/com/google/code/findbugs/jsr305/3.0.2/jsr305-3.0.2.jar:/Users/admin/Library/Caches/Coursier/v1/https/repo1.maven.org/maven2/org/checkerframework/checker-qual/3.43.0/checker-qual-3.43.0.jar:/Users/admin/Library/Caches/Coursier/v1/https/repo1.maven.org/maven2/com/google/errorprone/error_prone_annotations/2.36.0/error_prone_annotations-2.36.0.jar:/Users/admin/Library/Caches/Coursier/v1/https/repo1.maven.org/maven2/com/google/j2objc/j2objc-annotations/3.0.0/j2objc-annotations-3.0.0.jar:/Users/admin/Library/Caches/Coursier/v1/https/repo1.maven.org/maven2/org/scalameta/metaconfig-pprint_3/0.14.0/metaconfig-pprint_3-0.14.0.jar:/Users/admin/Library/Caches/Coursier/v1/https/repo1.maven.org/maven2/org/typelevel/paiges-core_3/0.4.4/paiges-core_3-0.4.4.jar:/Users/admin/Library/Caches/Coursier/v1/https/repo1.maven.org/maven2/org/scala-lang/scala-reflect/2.13.15/scala-reflect-2.13.15.jar:/Users/admin/Library/Caches/Coursier/v1/https/repo1.maven.org/maven2/com/google/cloud/tools/jib-build-plan/0.4.0/jib-build-plan-0.4.0.jar:/Users/admin/Library/Caches/Coursier/v1/https/repo1.maven.org/maven2/com/google/http-client/google-http-client/1.42.2/google-http-client-1.42.2.jar:/Users/admin/Library/Caches/Coursier/v1/https/repo1.maven.org/maven2/com/google/http-client/google-http-client-apache-v2/1.42.2/google-http-client-apache-v2-1.42.2.jar:/Users/admin/Library/Caches/Coursier/v1/https/repo1.maven.org/maven2/com/google/auth/google-auth-library-oauth2-http/1.10.0/google-auth-library-oauth2-http-1.10.0.jar:/Users/admin/Library/Caches/Coursier/v1/https/repo1.maven.org/maven2/org/apache/commons/commons-compress/1.26.2/commons-compress-1.26.2.jar:/Users/admin/Library/Caches/Coursier/v1/https/repo1.maven.org/maven2/com/fasterxml/jackson/core/jackson-databind/2.15.2/jackson-databind-2.15.2.jar:/Users/admin/Library/Caches/Coursier/v1/https/repo1.maven.org/maven2/com/fasterxml/jackson/datatype/jackson-datatype-jsr310/2.15.2/jackson-datatype-jsr310-2.15.2.jar:/Users/admin/Library/Caches/Coursier/v1/https/repo1.maven.org/maven2/org/bouncycastle/bcprov-jdk18on/1.78.1/bcprov-jdk18on-1.78.1.jar:/Users/admin/Library/Caches/Coursier/v1/https/repo1.maven.org/maven2/org/bouncycastle/bcutil-jdk18on/1.78.1/bcutil-jdk18on-1.78.1.jar:/Users/admin/Library/Caches/Coursier/v1/https/repo1.maven.org/maven2/org/scala-lang/scala3-compiler_3/3.3.4/scala3-compiler_3-3.3.4.jar:/Users/admin/Library/Caches/Coursier/v1/https/repo1.maven.org/maven2/org/scalameta/scalameta_2.13/4.9.9/scalameta_2.13-4.9.9.jar:/Users/admin/Library/Caches/Coursier/v1/https/repo1.maven.org/maven2/com/thesamet/scalapb/scalapb-runtime_2.13/0.11.17/scalapb-runtime_2.13-0.11.17.jar:/Users/admin/Library/Caches/Coursier/v1/https/repo1.maven.org/maven2/org/scala-native/tools_3/0.5.6/tools_3-0.5.6.jar:/Users/admin/Library/Caches/Coursier/v1/https/repo1.maven.org/maven2/org/scala-sbt/test-interface/1.0/test-interface-1.0.jar:/Users/admin/Library/Caches/Coursier/v1/https/repo1.maven.org/maven2/com/github/sbt/junit-interface/0.13.3/junit-interface-0.13.3.jar:/Users/admin/Library/Caches/Coursier/v1/https/repo1.maven.org/maven2/junit/junit/4.13.2/junit-4.13.2.jar:/Users/admin/Library/Caches/Coursier/v1/https/repo1.maven.org/maven2/com/lihaoyi/geny_3/1.1.1/geny_3-1.1.1.jar:/Users/admin/Library/Caches/Coursier/v1/https/repo1.maven.org/maven2/com/lihaoyi/fansi_3/0.5.0/fansi_3-0.5.0.jar:/Users/admin/Library/Caches/Coursier/v1/https/repo1.maven.org/maven2/org/scala-js/scalajs-js-envs_2.13/1.4.0/scalajs-js-envs_2.13-1.4.0.jar:/Users/admin/Library/Caches/Coursier/v1/https/repo1.maven.org/maven2/ch/epfl/scala/bloop-config_2.13/2.3.1/bloop-config_2.13-2.3.1.jar:/Users/admin/Library/Caches/Coursier/v1/https/repo1.maven.org/maven2/org/virtuslab/scala-cli/core_3/1.6.1/core_3-1.6.1.jar:/Users/admin/Library/Caches/Coursier/v1/https/repo1.maven.org/maven2/org/virtuslab/using_directives/1.1.4/using_directives-1.1.4.jar:/Users/admin/Library/Caches/Coursier/v1/https/repo1.maven.org/maven2/org/virtuslab/scala-cli/build-macros_3/1.6.1/build-macros_3-1.6.1.jar:/Users/admin/Library/Caches/Coursier/v1/https/repo1.maven.org/maven2/ch/epfl/scala/bsp4j/2.1.1/bsp4j-2.1.1.jar:/Users/admin/Library/Caches/Coursier/v1/https/repo1.maven.org/maven2/javax/inject/javax.inject/1/javax.inject-1.jar:/Users/admin/Library/Caches/Coursier/v1/https/repo1.maven.org/maven2/org/codehaus/plexus/plexus-utils/4.0.1/plexus-utils-4.0.1.jar:/Users/admin/Library/Caches/Coursier/v1/https/repo1.maven.org/maven2/org/codehaus/plexus/plexus-io/3.5.0/plexus-io-3.5.0.jar:/Users/admin/Library/Caches/Coursier/v1/https/repo1.maven.org/maven2/io/airlift/aircompressor/0.27/aircompressor-0.27.jar:/Users/admin/Library/Caches/Coursier/v1/https/repo1.maven.org/maven2/org/tukaani/xz/1.9/xz-1.9.jar:/Users/admin/Library/Caches/Coursier/v1/https/repo1.maven.org/maven2/com/github/luben/zstd-jni/1.5.6-3/zstd-jni-1.5.6-3.jar:/Users/admin/Library/Caches/Coursier/v1/https/repo1.maven.org/maven2/org/codehaus/plexus/plexus-classworlds/2.6.0/plexus-classworlds-2.6.0.jar:/Users/admin/Library/Caches/Coursier/v1/https/repo1.maven.org/maven2/org/apache/xbean/xbean-reflect/3.7/xbean-reflect-3.7.jar:/Users/admin/Library/Caches/Coursier/v1/https/repo1.maven.org/maven2/org/fusesource/jansi/jansi/2.4.1/jansi-2.4.1.jar:/Users/admin/Library/Caches/Coursier/v1/https/repo1.maven.org/maven2/org/apache/httpcomponents/httpclient/4.5.13/httpclient-4.5.13.jar:/Users/admin/Library/Caches/Coursier/v1/https/repo1.maven.org/maven2/org/apache/httpcomponents/httpcore/4.4.15/httpcore-4.4.15.jar:/Users/admin/Library/Caches/Coursier/v1/https/repo1.maven.org/maven2/io/opencensus/opencensus-api/0.31.1/opencensus-api-0.31.1.jar:/Users/admin/Library/Caches/Coursier/v1/https/repo1.maven.org/maven2/io/opencensus/opencensus-contrib-http-util/0.31.1/opencensus-contrib-http-util-0.31.1.jar:/Users/admin/Library/Caches/Coursier/v1/https/repo1.maven.org/maven2/com/google/auto/value/auto-value-annotations/1.9/auto-value-annotations-1.9.jar:/Users/admin/Library/Caches/Coursier/v1/https/repo1.maven.org/maven2/com/google/auth/google-auth-library-credentials/1.10.0/google-auth-library-credentials-1.10.0.jar:/Users/admin/Library/Caches/Coursier/v1/https/repo1.maven.org/maven2/com/google/http-client/google-http-client-gson/1.42.2/google-http-client-gson-1.42.2.jar:/Users/admin/Library/Caches/Coursier/v1/https/repo1.maven.org/maven2/commons-codec/commons-codec/1.17.0/commons-codec-1.17.0.jar:/Users/admin/Library/Caches/Coursier/v1/https/repo1.maven.org/maven2/org/apache/commons/commons-lang3/3.14.0/commons-lang3-3.14.0.jar:/Users/admin/Library/Caches/Coursier/v1/https/repo1.maven.org/maven2/com/fasterxml/jackson/core/jackson-annotations/2.15.2/jackson-annotations-2.15.2.jar:/Users/admin/Library/Caches/Coursier/v1/https/repo1.maven.org/maven2/com/fasterxml/jackson/core/jackson-core/2.15.2/jackson-core-2.15.2.jar:/Users/admin/Library/Caches/Coursier/v1/https/repo1.maven.org/maven2/org/scala-lang/scala3-interfaces/3.3.4/scala3-interfaces-3.3.4.jar:/Users/admin/Library/Caches/Coursier/v1/https/repo1.maven.org/maven2/org/scala-lang/tasty-core_3/3.3.4/tasty-core_3-3.3.4.jar:/Users/admin/Library/Caches/Coursier/v1/https/repo1.maven.org/maven2/org/scala-lang/modules/scala-asm/9.6.0-scala-1/scala-asm-9.6.0-scala-1.jar:/Users/admin/Library/Caches/Coursier/v1/https/repo1.maven.org/maven2/org/scala-sbt/compiler-interface/1.9.6/compiler-interface-1.9.6.jar:/Users/admin/Library/Caches/Coursier/v1/https/repo1.maven.org/maven2/org/scalameta/parsers_2.13/4.9.9/parsers_2.13-4.9.9.jar:/Users/admin/Library/Caches/Coursier/v1/https/repo1.maven.org/maven2/org/scala-lang/scalap/2.13.11/scalap-2.13.11.jar:/Users/admin/Library/Caches/Coursier/v1/https/repo1.maven.org/maven2/com/thesamet/scalapb/lenses_2.13/0.11.17/lenses_2.13-0.11.17.jar:/Users/admin/Library/Caches/Coursier/v1/https/repo1.maven.org/maven2/com/google/protobuf/protobuf-java/3.19.6/protobuf-java-3.19.6.jar:/Users/admin/Library/Caches/Coursier/v1/https/repo1.maven.org/maven2/org/scala-native/nir_3/0.5.6/nir_3-0.5.6.jar:/Users/admin/Library/Caches/Coursier/v1/https/repo1.maven.org/maven2/org/scala-native/util_3/0.5.6/util_3-0.5.6.jar:/Users/admin/Library/Caches/Coursier/v1/https/repo1.maven.org/maven2/org/hamcrest/hamcrest-core/1.3/hamcrest-core-1.3.jar:/Users/admin/Library/Caches/Coursier/v1/https/repo1.maven.org/maven2/org/scala-js/scalajs-logging_2.13/1.1.1/scalajs-logging_2.13-1.1.1.jar:/Users/admin/Library/Caches/Coursier/v1/https/repo1.maven.org/maven2/com/lihaoyi/unroll-annotation_2.13/0.1.12/unroll-annotation_2.13-0.1.12.jar:/Users/admin/Library/Caches/Coursier/v1/https/repo1.maven.org/maven2/ch/epfl/scala/bloop-rifle_2.13/2.0.8/bloop-rifle_2.13-2.0.8.jar:/Users/admin/Library/Caches/Coursier/v1/https/repo1.maven.org/maven2/io/get-coursier/coursier-jvm_2.13/2.1.24/coursier-jvm_2.13-2.1.24.jar:/Users/admin/Library/Caches/Coursier/v1/https/repo1.maven.org/maven2/io/get-coursier/dependency_3/0.3.2/dependency_3-0.3.2.jar:/Users/admin/Library/Caches/Coursier/v1/https/repo1.maven.org/maven2/org/eclipse/jgit/org.eclipse.jgit/6.8.0.202311291450-r/org.eclipse.jgit-6.8.0.202311291450-r.jar:/Users/admin/Library/Caches/Coursier/v1/https/repo1.maven.org/maven2/org/scala-js/scalajs-env-jsdom-nodejs_2.13/1.1.0/scalajs-env-jsdom-nodejs_2.13-1.1.0.jar:/Users/admin/Library/Caches/Coursier/v1/https/repo1.maven.org/maven2/org/eclipse/lsp4j/org.eclipse.lsp4j.generator/0.20.1/org.eclipse.lsp4j.generator-0.20.1.jar:/Users/admin/Library/Caches/Coursier/v1/https/repo1.maven.org/maven2/org/eclipse/lsp4j/org.eclipse.lsp4j.jsonrpc/0.20.1/org.eclipse.lsp4j.jsonrpc-0.20.1.jar:/Users/admin/Library/Caches/Coursier/v1/https/repo1.maven.org/maven2/commons-logging/commons-logging/1.2/commons-logging-1.2.jar:/Users/admin/Library/Caches/Coursier/v1/https/repo1.maven.org/maven2/io/grpc/grpc-context/1.27.2/grpc-context-1.27.2.jar:/Users/admin/Library/Caches/Coursier/v1/https/repo1.maven.org/maven2/com/google/code/gson/gson/2.10.1/gson-2.10.1.jar:/Users/admin/Library/Caches/Coursier/v1/https/repo1.maven.org/maven2/org/scala-sbt/util-interface/1.9.8/util-interface-1.9.8.jar:/Users/admin/Library/Caches/Coursier/v1/https/repo1.maven.org/maven2/org/scalameta/trees_2.13/4.9.9/trees_2.13-4.9.9.jar:/Users/admin/Library/Caches/Coursier/v1/https/repo1.maven.org/maven2/org/scala-lang/scala-compiler/2.13.11/scala-compiler-2.13.11.jar:/Users/admin/Library/Caches/Coursier/v1/https/repo1.maven.org/maven2/ch/epfl/scala/libdaemon_2.13/0.0.12/libdaemon_2.13-0.0.12.jar:/Users/admin/Library/Caches/Coursier/v1/https/repo1.maven.org/maven2/io/github/alexarchambault/scala-cli/snailgun/snailgun-core_2.13/0.4.1-sc2/snailgun-core_2.13-0.4.1-sc2.jar:/Users/admin/Library/Caches/Coursier/v1/https/repo1.maven.org/maven2/io/get-coursier/coursier_2.13/2.1.24/coursier_2.13-2.1.24.jar:/Users/admin/Library/Caches/Coursier/v1/https/repo1.maven.org/maven2/io/get-coursier/coursier-env_2.13/2.1.24/coursier-env_2.13-2.1.24.jar:/Users/admin/Library/Caches/Coursier/v1/https/repo1.maven.org/maven2/com/googlecode/javaewah/JavaEWAH/1.2.3/JavaEWAH-1.2.3.jar:/Users/admin/Library/Caches/Coursier/v1/https/repo1.maven.org/maven2/org/eclipse/xtend/org.eclipse.xtend.lib/2.28.0/org.eclipse.xtend.lib-2.28.0.jar:/Users/admin/Library/Caches/Coursier/v1/https/repo1.maven.org/maven2/org/scalameta/common_2.13/4.9.9/common_2.13-4.9.9.jar:/Users/admin/Library/Caches/Coursier/v1/https/repo1.maven.org/maven2/io/github/java-diff-utils/java-diff-utils/4.12/java-diff-utils-4.12.jar:/Users/admin/Library/Caches/Coursier/v1/https/repo1.maven.org/maven2/io/get-coursier/dependency_2.13/0.3.2/dependency_2.13-0.3.2.jar:/Users/admin/Library/Caches/Coursier/v1/https/repo1.maven.org/maven2/org/eclipse/xtext/org.eclipse.xtext.xbase.lib/2.28.0/org.eclipse.xtext.xbase.lib-2.28.0.jar:/Users/admin/Library/Caches/Coursier/v1/https/repo1.maven.org/maven2/org/eclipse/xtend/org.eclipse.xtend.lib.macro/2.28.0/org.eclipse.xtend.lib.macro-2.28.0.jar, scala.cli.ScalaCli, bsp, /Users/admin/datastructure)
2025.02.18 22:20:04 INFO  tracing is disabled for protocol BSP, to enable tracing of incoming and outgoing JSON messages create an empty file at /Users/admin/datastructure/.metals/bsp.trace.json or /Users/admin/Library/Caches/org.scalameta.metals/bsp.trace.json
2025.02.18 22:20:05 INFO  no build target found for /Users/admin/datastructure/subarraysum/sortInWave.scala. Using presentation compiler with project's scala-library version: 3.3.5
2025.02.18 22:20:05 INFO  no build target found for /Users/admin/datastructure/subarraysum/sortInWave.scala. Using presentation compiler with project's scala-library version: 3.3.5
2025.02.18 22:20:09 INFO  Connected to Scala CLI server v1.6.1
2025.02.18 22:20:09 INFO  compiling datastructure_d5c0a6989e (2 scala sources and 2 java sources)
2025.02.18 22:20:09 INFO  time: compiled datastructure_d5c0a6989e in 0.53s
2025.02.18 22:20:09 INFO  compiling datastructure_d5c0a6989e (2 scala sources and 2 java sources)
2025.02.18 22:20:10 INFO  time: compiled datastructure_d5c0a6989e in 0.36s
2025.02.18 22:20:11 INFO  time: indexed workspace in 2.88s
2025.02.18 22:20:12 INFO  compiling datastructure_d5c0a6989e (2 scala sources and 2 java sources)
2025.02.18 22:20:12 INFO  time: compiled datastructure_d5c0a6989e in 0.32s
2025.02.18 22:20:13 INFO  Scala CLI started for /Users/admin/datastructure
2025.02.18 22:20:13 WARN  no build tool detected in workspace '/Users/admin/datastructure'. The most common cause for this problem is that the editor was opened in the wrong working directory, for example if you use sbt then the workspace directory should contain build.sbt. 
2025.02.18 22:20:13 WARN  Build server is not auto-connectable.
2025.02.18 22:20:19 INFO  compiling datastructure_d5c0a6989e (2 scala sources and 2 java sources)
2025.02.18 22:20:19 INFO  time: compiled datastructure_d5c0a6989e in 0.19s
Feb 18, 2025 10:20:42 P.M. org.eclipse.lsp4j.jsonrpc.RemoteEndpoint handleCancellation
WARNING: Unmatched cancel notification for request id 104
2025.02.18 22:20:56 INFO  compiling datastructure_d5c0a6989e (2 scala sources and 2 java sources)
2025.02.18 22:20:56 INFO  time: compiled datastructure_d5c0a6989e in 0.2s
2025.02.18 22:21:28 INFO  no build target found for /Users/admin/datastructure/subarraysum/SubArraySum.scala. Using presentation compiler with project's scala-library version: 3.6.3
2025.02.18 22:21:28 INFO  no build target found for /Users/admin/datastructure/subarraysum/SubArraySum.scala. Using presentation compiler with project's scala-library version: 3.6.3
2025.02.18 22:21:28 INFO  no build target found for /Users/admin/datastructure/subarraysum/SubArraySum.scala. Using presentation compiler with project's scala-library version: 3.6.3
2025.02.18 22:21:28 WARN  no build target for: /Users/admin/datastructure/subarraysum/SubArraySum.scala
2025.02.18 22:21:28 INFO  no build target found for /Users/admin/datastructure/subarraysum/SubArraySum.scala. Using presentation compiler with project's scala-library version: 3.6.3
2025.02.18 22:21:28 INFO  no build target found for /Users/admin/datastructure/subarraysum/SubArraySum.scala. Using presentation compiler with project's scala-library version: 3.6.3
2025.02.18 22:21:28 INFO  no build target found for /Users/admin/datastructure/subarraysum/SubArraySum.scala. Using presentation compiler with project's scala-library version: 3.6.3
2025.02.18 22:21:28 WARN  No build server connected
2025.02.18 22:21:28 INFO  Cancelling compilation on scala-cli server
2025.02.18 22:21:28 INFO  compiling datastructure_d5c0a6989e (2 scala sources and 2 java sources)
2025.02.18 22:21:28 WARN  Invalid text document uri received from build server: file:///Users/admin/datastructure/subarraysum/sortInWave.scala
2025.02.18 22:21:28 INFO  time: compiled datastructure_d5c0a6989e in 0.29s
2025.02.18 22:21:28 INFO  compiling datastructure_d5c0a6989e (2 scala sources and 2 java sources)
2025.02.18 22:21:28 INFO  time: compiled datastructure_d5c0a6989e in 0.2s
2025.02.18 22:21:28 INFO  no build target found for /Users/admin/datastructure/subarraysum/SubArraySum.scala. Using presentation compiler with project's scala-library version: 3.6.3
2025.02.18 22:21:28 INFO  compiling datastructure_d5c0a6989e (2 scala sources and 2 java sources)
2025.02.18 22:21:28 INFO  time: compiled datastructure_d5c0a6989e in 0.22s
2025.02.18 22:21:29 INFO  no build target found for /Users/admin/datastructure/subarraysum/SubArraySum.scala. Using presentation compiler with project's scala-library version: 3.6.3
2025.02.18 22:21:30 INFO  no build target found for /Users/admin/datastructure/subarraysum/SubArraySum.scala. Using presentation compiler with project's scala-library version: 3.6.3
2025.02.18 22:21:30 INFO  no build target found for /Users/admin/datastructure/subarraysum/SubArraySum.scala. Using presentation compiler with project's scala-library version: 3.6.3
2025.02.18 22:21:33 INFO  no build target found for /Users/admin/datastructure/subarraysum/SubArraySum.scala. Using presentation compiler with project's scala-library version: 3.6.3
Feb 18, 2025 10:22:28 P.M. org.eclipse.lsp4j.jsonrpc.services.GenericEndpoint notify
WARNING: Unsupported notification method: metals/windowStateDidChange
2025.02.18 22:22:32 INFO  no build target found for /Users/admin/datastructure/subarraysum/SubArraySum.scala. Using presentation compiler with project's scala-library version: 3.6.3
Feb 18, 2025 10:22:32 P.M. org.eclipse.lsp4j.jsonrpc.services.GenericEndpoint notify
WARNING: Unsupported notification method: metals/windowStateDidChange
2025.02.18 22:22:32 INFO  no build target found for /Users/admin/datastructure/subarraysum/SubArraySum.scala. Using presentation compiler with project's scala-library version: 3.6.3
2025.02.18 22:22:36 INFO  no build target found for /Users/admin/datastructure/subarraysum/SubArraySum.scala. Using presentation compiler with project's scala-library version: 3.6.3
2025.02.18 22:22:36 INFO  no build target found for /Users/admin/datastructure/subarraysum/SubArraySum.scala. Using presentation compiler with project's scala-library version: 3.6.3
2025.02.18 22:22:36 INFO  no build target found for /Users/admin/datastructure/subarraysum/SubArraySum.scala. Using presentation compiler with project's scala-library version: 3.6.3
2025.02.18 22:22:36 INFO  no build target found for /Users/admin/datastructure/subarraysum/SubArraySum.scala. Using presentation compiler with project's scala-library version: 3.6.3
2025.02.18 22:22:36 INFO  no build target found for /Users/admin/datastructure/subarraysum/SubArraySum.scala. Using presentation compiler with project's scala-library version: 3.6.3
2025.02.18 22:22:36 INFO  no build target found for /Users/admin/datastructure/subarraysum/SubArraySum.scala. Using presentation compiler with project's scala-library version: 3.6.3
2025.02.18 22:22:36 INFO  no build target found for /Users/admin/datastructure/subarraysum/SubArraySum.scala. Using presentation compiler with project's scala-library version: 3.6.3
2025.02.18 22:22:37 INFO  no build target found for /Users/admin/datastructure/subarraysum/SubArraySum.scala. Using presentation compiler with project's scala-library version: 3.6.3
2025.02.18 22:22:37 INFO  no build target found for /Users/admin/datastructure/subarraysum/SubArraySum.scala. Using presentation compiler with project's scala-library version: 3.6.3
2025.02.18 22:22:37 INFO  no build target found for /Users/admin/datastructure/subarraysum/SubArraySum.scala. Using presentation compiler with project's scala-library version: 3.6.3
2025.02.18 22:22:37 INFO  no build target found for /Users/admin/datastructure/subarraysum/SubArraySum.scala. Using presentation compiler with project's scala-library version: 3.6.3
2025.02.18 22:22:37 INFO  no build target found for /Users/admin/datastructure/subarraysum/SubArraySum.scala. Using presentation compiler with project's scala-library version: 3.6.3
2025.02.18 22:22:37 INFO  no build target found for /Users/admin/datastructure/subarraysum/SubArraySum.scala. Using presentation compiler with project's scala-library version: 3.6.3
2025.02.18 22:22:37 INFO  no build target found for /Users/admin/datastructure/subarraysum/SubArraySum.scala. Using presentation compiler with project's scala-library version: 3.6.3
2025.02.18 22:22:37 INFO  no build target found for /Users/admin/datastructure/subarraysum/SubArraySum.scala. Using presentation compiler with project's scala-library version: 3.6.3
2025.02.18 22:22:37 INFO  no build target found for /Users/admin/datastructure/subarraysum/SubArraySum.scala. Using presentation compiler with project's scala-library version: 3.6.3
2025.02.18 22:22:38 INFO  no build target found for /Users/admin/datastructure/subarraysum/SubArraySum.scala. Using presentation compiler with project's scala-library version: 3.6.3
2025.02.18 22:22:37 INFO  no build target found for /Users/admin/datastructure/subarraysum/SubArraySum.scala. Using presentation compiler with project's scala-library version: 3.6.3
2025.02.18 22:22:38 INFO  no build target found for /Users/admin/datastructure/subarraysum/SubArraySum.scala. Using presentation compiler with project's scala-library version: 3.6.3
2025.02.18 22:22:39 INFO  no build target found for /Users/admin/datastructure/subarraysum/SubArraySum.scala. Using presentation compiler with project's scala-library version: 3.6.3
2025.02.18 22:22:40 WARN  no build target for: /Users/admin/datastructure/subarraysum/SubArraySum.scala
2025.02.18 22:22:46 INFO  compiling datastructure_d5c0a6989e (2 scala sources and 2 java sources)
2025.02.18 22:22:46 INFO  time: compiled datastructure_d5c0a6989e in 0.27s
2025.02.18 22:22:50 INFO  compiling datastructure_d5c0a6989e (2 scala sources and 2 java sources)
2025.02.18 22:22:50 INFO  time: compiled datastructure_d5c0a6989e in 0.29s
Feb 18, 2025 10:23:24 P.M. org.eclipse.lsp4j.jsonrpc.services.GenericEndpoint notify
WARNING: Unsupported notification method: metals/windowStateDidChange
Feb 18, 2025 10:24:12 P.M. org.eclipse.lsp4j.jsonrpc.services.GenericEndpoint notify
WARNING: Unsupported notification method: metals/windowStateDidChange
2025.02.18 22:29:02 INFO  Shutting down server
2025.02.18 22:29:02 INFO  shutting down Metals
2025.02.18 22:29:02 INFO  Shut down connection with build server.
2025.02.18 22:29:02 INFO  Exiting server
2025.02.19 10:38:13 INFO  Started: Metals version 1.5.1+61-4442b038-SNAPSHOT in folders '/Users/admin/datastructure' for client Visual Studio Code 1.85.1.
2025.02.19 10:38:13 INFO  no build target found for /Users/admin/datastructure/subarraysum/SubArraySum.scala. Using presentation compiler with project's scala-library version: 3.3.5
Feb 19, 2025 10:38:15 A.M. org.eclipse.lsp4j.jsonrpc.services.GenericEndpoint notify
WARNING: Unsupported notification method: metals/windowStateDidChange
2025.02.19 10:38:15 INFO  no build target found for /Users/admin/datastructure/subarraysum/SubArraySum.scala. Using presentation compiler with project's scala-library version: 3.3.5
2025.02.19 10:38:18 INFO  no build target found for /Users/admin/datastructure/subarraysum/SubArraySum.scala. Using presentation compiler with project's scala-library version: 3.3.5
2025.02.19 10:38:18 WARN  scala-cli >= 0.1.3 not found in PATH, fetching and starting a JVM-based Scala CLI
2025.02.19 10:38:19 INFO  Running List(/Library/Java/JavaVirtualMachines/jdk-19.jdk/Contents/Home/bin/java, -cp, /Users/admin/Library/Caches/Coursier/v1/https/repo1.maven.org/maven2/org/virtuslab/scala-cli/cli_3/1.6.1/cli_3-1.6.1.jar:/Users/admin/Library/Caches/Coursier/v1/https/repo1.maven.org/maven2/com/github/alexarchambault/case-app_3/2.1.0-M29/case-app_3-2.1.0-M29.jar:/Users/admin/Library/Caches/Coursier/v1/https/repo1.maven.org/maven2/io/get-coursier/coursier-launcher_2.13/2.1.24/coursier-launcher_2.13-2.1.24.jar:/Users/admin/Library/Caches/Coursier/v1/https/repo1.maven.org/maven2/io/get-coursier/coursier-proxy-setup/2.1.24/coursier-proxy-setup-2.1.24.jar:/Users/admin/Library/Caches/Coursier/v1/https/repo1.maven.org/maven2/io/get-coursier/publish/publish_2.13/0.2.0/publish_2.13-0.2.0.jar:/Users/admin/Library/Caches/Coursier/v1/https/repo1.maven.org/maven2/com/google/jimfs/jimfs/1.3.0/jimfs-1.3.0.jar:/Users/admin/Library/Caches/Coursier/v1/https/repo1.maven.org/maven2/io/get-coursier/jniutils/windows-jni-utils/0.3.3/windows-jni-utils-0.3.3.jar:/Users/admin/Library/Caches/Coursier/v1/https/repo1.maven.org/maven2/com/github/plokhotnyuk/jsoniter-scala/jsoniter-scala-core_3/2.13.5.2/jsoniter-scala-core_3-2.13.5.2.jar:/Users/admin/Library/Caches/Coursier/v1/https/repo1.maven.org/maven2/org/virtuslab/scala-cli/libsodiumjni/0.0.4/libsodiumjni-0.0.4.jar:/Users/admin/Library/Caches/Coursier/v1/https/repo1.maven.org/maven2/org/scalameta/metaconfig-typesafe-config_3/0.14.0/metaconfig-typesafe-config_3-0.14.0.jar:/Users/admin/Library/Caches/Coursier/v1/https/repo1.maven.org/maven2/ai/kien/python-native-libs_3/0.2.4/python-native-libs_3-0.2.4.jar:/Users/admin/Library/Caches/Coursier/v1/https/repo1.maven.org/maven2/org/virtuslab/scala-packager_2.13/0.1.31/scala-packager_2.13-0.1.31.jar:/Users/admin/Library/Caches/Coursier/v1/https/repo1.maven.org/maven2/org/virtuslab/scala-cli-signing/cli_3/0.2.4/cli_3-0.2.4.jar:/Users/admin/Library/Caches/Coursier/v1/https/repo1.maven.org/maven2/org/slf4j/slf4j-nop/2.0.16/slf4j-nop-2.0.16.jar:/Users/admin/Library/Caches/Coursier/v1/https/repo1.maven.org/maven2/com/softwaremill/sttp/client3/core_2.13/3.10.2/core_2.13-3.10.2.jar:/Users/admin/Library/Caches/Coursier/v1/https/repo1.maven.org/maven2/ch/epfl/scala/scalafix-interfaces/0.14.0/scalafix-interfaces-0.14.0.jar:/Users/admin/Library/Caches/Coursier/v1/https/repo1.maven.org/maven2/org/scala-lang/scala3-library_3/3.3.4/scala3-library_3-3.3.4.jar:/Users/admin/Library/Caches/Coursier/v1/https/repo1.maven.org/maven2/org/virtuslab/scala-cli/build-module_3/1.6.1/build-module_3-1.6.1.jar:/Users/admin/Library/Caches/Coursier/v1/https/repo1.maven.org/maven2/org/virtuslab/scala-cli/config_3/1.6.1/config_3-1.6.1.jar:/Users/admin/Library/Caches/Coursier/v1/https/repo1.maven.org/maven2/org/virtuslab/scala-cli/scala3-graal_3/1.6.1/scala3-graal_3-1.6.1.jar:/Users/admin/Library/Caches/Coursier/v1/https/repo1.maven.org/maven2/org/virtuslab/scala-cli/specification-level_3/1.6.1/specification-level_3-1.6.1.jar:/Users/admin/Library/Caches/Coursier/v1/https/repo1.maven.org/maven2/com/lihaoyi/sourcecode_3/0.4.2/sourcecode_3-0.4.2.jar:/Users/admin/Library/Caches/Coursier/v1/https/repo1.maven.org/maven2/com/github/alexarchambault/case-app-annotations_3/2.1.0-M29/case-app-annotations_3-2.1.0-M29.jar:/Users/admin/Library/Caches/Coursier/v1/https/repo1.maven.org/maven2/com/github/alexarchambault/case-app-util_3/2.1.0-M29/case-app-util_3-2.1.0-M29.jar:/Users/admin/Library/Caches/Coursier/v1/https/repo1.maven.org/maven2/io/github/alexarchambault/scala-cli/tmp/zip-input-stream/0.1.1/zip-input-stream-0.1.1.jar:/Users/admin/Library/Caches/Coursier/v1/https/repo1.maven.org/maven2/org/scala-lang/scala-library/2.13.16/scala-library-2.13.16.jar:/Users/admin/Library/Caches/Coursier/v1/https/repo1.maven.org/maven2/io/get-coursier/coursier-cache_2.13/2.1.24/coursier-cache_2.13-2.1.24.jar:/Users/admin/Library/Caches/Coursier/v1/https/repo1.maven.org/maven2/io/get-coursier/coursier-core_2.13/2.1.24/coursier-core_2.13-2.1.24.jar:/Users/admin/Library/Caches/Coursier/v1/https/repo1.maven.org/maven2/com/google/guava/guava/33.4.0-jre/guava-33.4.0-jre.jar:/Users/admin/Library/Caches/Coursier/v1/https/repo1.maven.org/maven2/net/java/dev/jna/jna/5.13.0/jna-5.13.0.jar:/Users/admin/Library/Caches/Coursier/v1/https/repo1.maven.org/maven2/net/java/dev/jna/jna-platform/5.12.1/jna-platform-5.12.1.jar:/Users/admin/Library/Caches/Coursier/v1/https/repo1.maven.org/maven2/org/scalameta/metaconfig-core_3/0.14.0/metaconfig-core_3-0.14.0.jar:/Users/admin/Library/Caches/Coursier/v1/https/repo1.maven.org/maven2/com/typesafe/config/1.4.3/config-1.4.3.jar:/Users/admin/Library/Caches/Coursier/v1/https/repo1.maven.org/maven2/org/scala-lang/modules/scala-collection-compat_3/2.12.0/scala-collection-compat_3-2.12.0.jar:/Users/admin/Library/Caches/Coursier/v1/https/repo1.maven.org/maven2/commons-io/commons-io/2.18.0/commons-io-2.18.0.jar:/Users/admin/Library/Caches/Coursier/v1/https/repo1.maven.org/maven2/com/google/cloud/tools/jib-core/0.27.2/jib-core-0.27.2.jar:/Users/admin/Library/Caches/Coursier/v1/https/repo1.maven.org/maven2/org/bouncycastle/bcpg-jdk18on/1.78.1/bcpg-jdk18on-1.78.1.jar:/Users/admin/Library/Caches/Coursier/v1/https/repo1.maven.org/maven2/org/virtuslab/scala-cli-signing/shared_3/0.2.4/shared_3-0.2.4.jar:/Users/admin/Library/Caches/Coursier/v1/https/repo1.maven.org/maven2/org/slf4j/slf4j-api/2.0.16/slf4j-api-2.0.16.jar:/Users/admin/Library/Caches/Coursier/v1/https/repo1.maven.org/maven2/com/softwaremill/sttp/model/core_2.13/1.7.11/core_2.13-1.7.11.jar:/Users/admin/Library/Caches/Coursier/v1/https/repo1.maven.org/maven2/com/softwaremill/sttp/shared/core_2.13/1.3.22/core_2.13-1.3.22.jar:/Users/admin/Library/Caches/Coursier/v1/https/repo1.maven.org/maven2/com/softwaremill/sttp/shared/ws_2.13/1.3.22/ws_2.13-1.3.22.jar:/Users/admin/Library/Caches/Coursier/v1/https/repo1.maven.org/maven2/io/get-coursier/interface/1.0.26/interface-1.0.26.jar:/Users/admin/Library/Caches/Coursier/v1/https/repo1.maven.org/maven2/org/ow2/asm/asm/9.7.1/asm-9.7.1.jar:/Users/admin/Library/Caches/Coursier/v1/https/repo1.maven.org/maven2/org/virtuslab/scala-cli/java-class-name/java-class-name_3/0.1.4/java-class-name_3-0.1.4.jar:/Users/admin/Library/Caches/Coursier/v1/https/repo1.maven.org/maven2/org/scalameta/semanticdb-shared_2.13.16/4.9.9/semanticdb-shared_2.13.16-4.9.9.jar:/Users/admin/Library/Caches/Coursier/v1/https/repo1.maven.org/maven2/org/scala-native/test-runner_3/0.5.6/test-runner_3-0.5.6.jar:/Users/admin/Library/Caches/Coursier/v1/https/repo1.maven.org/maven2/com/lihaoyi/os-lib_3/0.11.3/os-lib_3-0.11.3.jar:/Users/admin/Library/Caches/Coursier/v1/https/repo1.maven.org/maven2/com/lihaoyi/pprint_3/0.9.0/pprint_3-0.9.0.jar:/Users/admin/Library/Caches/Coursier/v1/https/repo1.maven.org/maven2/org/scala-js/scalajs-env-nodejs_2.13/1.4.0/scalajs-env-nodejs_2.13-1.4.0.jar:/Users/admin/Library/Caches/Coursier/v1/https/repo1.maven.org/maven2/org/scala-js/scalajs-sbt-test-adapter_2.13/1.18.1/scalajs-sbt-test-adapter_2.13-1.18.1.jar:/Users/admin/Library/Caches/Coursier/v1/https/repo1.maven.org/maven2/com/swoval/file-tree-views/2.1.12/file-tree-views-2.1.12.jar:/Users/admin/Library/Caches/Coursier/v1/https/repo1.maven.org/maven2/org/virtuslab/scala-cli/zip-input-stream/zip-input-stream/0.1.2/zip-input-stream-0.1.2.jar:/Users/admin/Library/Caches/Coursier/v1/https/repo1.maven.org/maven2/org/virtuslab/scala-cli/options_3/1.6.1/options_3-1.6.1.jar:/Users/admin/Library/Caches/Coursier/v1/https/repo1.maven.org/maven2/org/virtuslab/scala-cli/directives_3/1.6.1/directives_3-1.6.1.jar:/Users/admin/Library/Caches/Coursier/v1/https/repo1.maven.org/maven2/org/virtuslab/scala-cli/scala-cli-bsp/1.6.1/scala-cli-bsp-1.6.1.jar:/Users/admin/Library/Caches/Coursier/v1/https/repo1.maven.org/maven2/org/virtuslab/scala-cli/test-runner_3/1.6.1/test-runner_3-1.6.1.jar:/Users/admin/Library/Caches/Coursier/v1/https/repo1.maven.org/maven2/org/virtuslab/scala-cli/tasty-lib_3/1.6.1/tasty-lib_3-1.6.1.jar:/Users/admin/Library/Caches/Coursier/v1/https/repo1.maven.org/maven2/io/github/alexarchambault/is-terminal/0.1.1/is-terminal-0.1.1.jar:/Users/admin/Library/Caches/Coursier/v1/https/repo1.maven.org/maven2/org/codehaus/plexus/plexus-archiver/4.10.0/plexus-archiver-4.10.0.jar:/Users/admin/Library/Caches/Coursier/v1/https/repo1.maven.org/maven2/org/codehaus/plexus/plexus-container-default/2.1.1/plexus-container-default-2.1.1.jar:/Users/admin/Library/Caches/Coursier/v1/https/repo1.maven.org/maven2/io/github/alexarchambault/windows-ansi/windows-ansi/0.0.6/windows-ansi-0.0.6.jar:/Users/admin/Library/Caches/Coursier/v1/https/repo1.maven.org/maven2/io/get-coursier/cache-util/2.1.24/cache-util-2.1.24.jar:/Users/admin/Library/Caches/Coursier/v1/https/repo1.maven.org/maven2/io/get-coursier/coursier-util_2.13/2.1.24/coursier-util_2.13-2.1.24.jar:/Users/admin/Library/Caches/Coursier/v1/https/repo1.maven.org/maven2/io/github/alexarchambault/concurrent-reference-hash-map/1.1.0/concurrent-reference-hash-map-1.1.0.jar:/Users/admin/Library/Caches/Coursier/v1/https/repo1.maven.org/maven2/org/scala-lang/modules/scala-xml_2.13/2.3.0/scala-xml_2.13-2.3.0.jar:/Users/admin/Library/Caches/Coursier/v1/https/repo1.maven.org/maven2/com/google/guava/failureaccess/1.0.2/failureaccess-1.0.2.jar:/Users/admin/Library/Caches/Coursier/v1/https/repo1.maven.org/maven2/com/google/guava/listenablefuture/9999.0-empty-to-avoid-conflict-with-guava/listenablefuture-9999.0-empty-to-avoid-conflict-with-guava.jar:/Users/admin/Library/Caches/Coursier/v1/https/repo1.maven.org/maven2/com/google/code/findbugs/jsr305/3.0.2/jsr305-3.0.2.jar:/Users/admin/Library/Caches/Coursier/v1/https/repo1.maven.org/maven2/org/checkerframework/checker-qual/3.43.0/checker-qual-3.43.0.jar:/Users/admin/Library/Caches/Coursier/v1/https/repo1.maven.org/maven2/com/google/errorprone/error_prone_annotations/2.36.0/error_prone_annotations-2.36.0.jar:/Users/admin/Library/Caches/Coursier/v1/https/repo1.maven.org/maven2/com/google/j2objc/j2objc-annotations/3.0.0/j2objc-annotations-3.0.0.jar:/Users/admin/Library/Caches/Coursier/v1/https/repo1.maven.org/maven2/org/scalameta/metaconfig-pprint_3/0.14.0/metaconfig-pprint_3-0.14.0.jar:/Users/admin/Library/Caches/Coursier/v1/https/repo1.maven.org/maven2/org/typelevel/paiges-core_3/0.4.4/paiges-core_3-0.4.4.jar:/Users/admin/Library/Caches/Coursier/v1/https/repo1.maven.org/maven2/org/scala-lang/scala-reflect/2.13.15/scala-reflect-2.13.15.jar:/Users/admin/Library/Caches/Coursier/v1/https/repo1.maven.org/maven2/com/google/cloud/tools/jib-build-plan/0.4.0/jib-build-plan-0.4.0.jar:/Users/admin/Library/Caches/Coursier/v1/https/repo1.maven.org/maven2/com/google/http-client/google-http-client/1.42.2/google-http-client-1.42.2.jar:/Users/admin/Library/Caches/Coursier/v1/https/repo1.maven.org/maven2/com/google/http-client/google-http-client-apache-v2/1.42.2/google-http-client-apache-v2-1.42.2.jar:/Users/admin/Library/Caches/Coursier/v1/https/repo1.maven.org/maven2/com/google/auth/google-auth-library-oauth2-http/1.10.0/google-auth-library-oauth2-http-1.10.0.jar:/Users/admin/Library/Caches/Coursier/v1/https/repo1.maven.org/maven2/org/apache/commons/commons-compress/1.26.2/commons-compress-1.26.2.jar:/Users/admin/Library/Caches/Coursier/v1/https/repo1.maven.org/maven2/com/fasterxml/jackson/core/jackson-databind/2.15.2/jackson-databind-2.15.2.jar:/Users/admin/Library/Caches/Coursier/v1/https/repo1.maven.org/maven2/com/fasterxml/jackson/datatype/jackson-datatype-jsr310/2.15.2/jackson-datatype-jsr310-2.15.2.jar:/Users/admin/Library/Caches/Coursier/v1/https/repo1.maven.org/maven2/org/bouncycastle/bcprov-jdk18on/1.78.1/bcprov-jdk18on-1.78.1.jar:/Users/admin/Library/Caches/Coursier/v1/https/repo1.maven.org/maven2/org/bouncycastle/bcutil-jdk18on/1.78.1/bcutil-jdk18on-1.78.1.jar:/Users/admin/Library/Caches/Coursier/v1/https/repo1.maven.org/maven2/org/scala-lang/scala3-compiler_3/3.3.4/scala3-compiler_3-3.3.4.jar:/Users/admin/Library/Caches/Coursier/v1/https/repo1.maven.org/maven2/org/scalameta/scalameta_2.13/4.9.9/scalameta_2.13-4.9.9.jar:/Users/admin/Library/Caches/Coursier/v1/https/repo1.maven.org/maven2/com/thesamet/scalapb/scalapb-runtime_2.13/0.11.17/scalapb-runtime_2.13-0.11.17.jar:/Users/admin/Library/Caches/Coursier/v1/https/repo1.maven.org/maven2/org/scala-native/tools_3/0.5.6/tools_3-0.5.6.jar:/Users/admin/Library/Caches/Coursier/v1/https/repo1.maven.org/maven2/org/scala-sbt/test-interface/1.0/test-interface-1.0.jar:/Users/admin/Library/Caches/Coursier/v1/https/repo1.maven.org/maven2/com/github/sbt/junit-interface/0.13.3/junit-interface-0.13.3.jar:/Users/admin/Library/Caches/Coursier/v1/https/repo1.maven.org/maven2/junit/junit/4.13.2/junit-4.13.2.jar:/Users/admin/Library/Caches/Coursier/v1/https/repo1.maven.org/maven2/com/lihaoyi/geny_3/1.1.1/geny_3-1.1.1.jar:/Users/admin/Library/Caches/Coursier/v1/https/repo1.maven.org/maven2/com/lihaoyi/fansi_3/0.5.0/fansi_3-0.5.0.jar:/Users/admin/Library/Caches/Coursier/v1/https/repo1.maven.org/maven2/org/scala-js/scalajs-js-envs_2.13/1.4.0/scalajs-js-envs_2.13-1.4.0.jar:/Users/admin/Library/Caches/Coursier/v1/https/repo1.maven.org/maven2/ch/epfl/scala/bloop-config_2.13/2.3.1/bloop-config_2.13-2.3.1.jar:/Users/admin/Library/Caches/Coursier/v1/https/repo1.maven.org/maven2/org/virtuslab/scala-cli/core_3/1.6.1/core_3-1.6.1.jar:/Users/admin/Library/Caches/Coursier/v1/https/repo1.maven.org/maven2/org/virtuslab/using_directives/1.1.4/using_directives-1.1.4.jar:/Users/admin/Library/Caches/Coursier/v1/https/repo1.maven.org/maven2/org/virtuslab/scala-cli/build-macros_3/1.6.1/build-macros_3-1.6.1.jar:/Users/admin/Library/Caches/Coursier/v1/https/repo1.maven.org/maven2/ch/epfl/scala/bsp4j/2.1.1/bsp4j-2.1.1.jar:/Users/admin/Library/Caches/Coursier/v1/https/repo1.maven.org/maven2/javax/inject/javax.inject/1/javax.inject-1.jar:/Users/admin/Library/Caches/Coursier/v1/https/repo1.maven.org/maven2/org/codehaus/plexus/plexus-utils/4.0.1/plexus-utils-4.0.1.jar:/Users/admin/Library/Caches/Coursier/v1/https/repo1.maven.org/maven2/org/codehaus/plexus/plexus-io/3.5.0/plexus-io-3.5.0.jar:/Users/admin/Library/Caches/Coursier/v1/https/repo1.maven.org/maven2/io/airlift/aircompressor/0.27/aircompressor-0.27.jar:/Users/admin/Library/Caches/Coursier/v1/https/repo1.maven.org/maven2/org/tukaani/xz/1.9/xz-1.9.jar:/Users/admin/Library/Caches/Coursier/v1/https/repo1.maven.org/maven2/com/github/luben/zstd-jni/1.5.6-3/zstd-jni-1.5.6-3.jar:/Users/admin/Library/Caches/Coursier/v1/https/repo1.maven.org/maven2/org/codehaus/plexus/plexus-classworlds/2.6.0/plexus-classworlds-2.6.0.jar:/Users/admin/Library/Caches/Coursier/v1/https/repo1.maven.org/maven2/org/apache/xbean/xbean-reflect/3.7/xbean-reflect-3.7.jar:/Users/admin/Library/Caches/Coursier/v1/https/repo1.maven.org/maven2/org/fusesource/jansi/jansi/2.4.1/jansi-2.4.1.jar:/Users/admin/Library/Caches/Coursier/v1/https/repo1.maven.org/maven2/org/apache/httpcomponents/httpclient/4.5.13/httpclient-4.5.13.jar:/Users/admin/Library/Caches/Coursier/v1/https/repo1.maven.org/maven2/org/apache/httpcomponents/httpcore/4.4.15/httpcore-4.4.15.jar:/Users/admin/Library/Caches/Coursier/v1/https/repo1.maven.org/maven2/io/opencensus/opencensus-api/0.31.1/opencensus-api-0.31.1.jar:/Users/admin/Library/Caches/Coursier/v1/https/repo1.maven.org/maven2/io/opencensus/opencensus-contrib-http-util/0.31.1/opencensus-contrib-http-util-0.31.1.jar:/Users/admin/Library/Caches/Coursier/v1/https/repo1.maven.org/maven2/com/google/auto/value/auto-value-annotations/1.9/auto-value-annotations-1.9.jar:/Users/admin/Library/Caches/Coursier/v1/https/repo1.maven.org/maven2/com/google/auth/google-auth-library-credentials/1.10.0/google-auth-library-credentials-1.10.0.jar:/Users/admin/Library/Caches/Coursier/v1/https/repo1.maven.org/maven2/com/google/http-client/google-http-client-gson/1.42.2/google-http-client-gson-1.42.2.jar:/Users/admin/Library/Caches/Coursier/v1/https/repo1.maven.org/maven2/commons-codec/commons-codec/1.17.0/commons-codec-1.17.0.jar:/Users/admin/Library/Caches/Coursier/v1/https/repo1.maven.org/maven2/org/apache/commons/commons-lang3/3.14.0/commons-lang3-3.14.0.jar:/Users/admin/Library/Caches/Coursier/v1/https/repo1.maven.org/maven2/com/fasterxml/jackson/core/jackson-annotations/2.15.2/jackson-annotations-2.15.2.jar:/Users/admin/Library/Caches/Coursier/v1/https/repo1.maven.org/maven2/com/fasterxml/jackson/core/jackson-core/2.15.2/jackson-core-2.15.2.jar:/Users/admin/Library/Caches/Coursier/v1/https/repo1.maven.org/maven2/org/scala-lang/scala3-interfaces/3.3.4/scala3-interfaces-3.3.4.jar:/Users/admin/Library/Caches/Coursier/v1/https/repo1.maven.org/maven2/org/scala-lang/tasty-core_3/3.3.4/tasty-core_3-3.3.4.jar:/Users/admin/Library/Caches/Coursier/v1/https/repo1.maven.org/maven2/org/scala-lang/modules/scala-asm/9.6.0-scala-1/scala-asm-9.6.0-scala-1.jar:/Users/admin/Library/Caches/Coursier/v1/https/repo1.maven.org/maven2/org/scala-sbt/compiler-interface/1.9.6/compiler-interface-1.9.6.jar:/Users/admin/Library/Caches/Coursier/v1/https/repo1.maven.org/maven2/org/scalameta/parsers_2.13/4.9.9/parsers_2.13-4.9.9.jar:/Users/admin/Library/Caches/Coursier/v1/https/repo1.maven.org/maven2/org/scala-lang/scalap/2.13.11/scalap-2.13.11.jar:/Users/admin/Library/Caches/Coursier/v1/https/repo1.maven.org/maven2/com/thesamet/scalapb/lenses_2.13/0.11.17/lenses_2.13-0.11.17.jar:/Users/admin/Library/Caches/Coursier/v1/https/repo1.maven.org/maven2/com/google/protobuf/protobuf-java/3.19.6/protobuf-java-3.19.6.jar:/Users/admin/Library/Caches/Coursier/v1/https/repo1.maven.org/maven2/org/scala-native/nir_3/0.5.6/nir_3-0.5.6.jar:/Users/admin/Library/Caches/Coursier/v1/https/repo1.maven.org/maven2/org/scala-native/util_3/0.5.6/util_3-0.5.6.jar:/Users/admin/Library/Caches/Coursier/v1/https/repo1.maven.org/maven2/org/hamcrest/hamcrest-core/1.3/hamcrest-core-1.3.jar:/Users/admin/Library/Caches/Coursier/v1/https/repo1.maven.org/maven2/org/scala-js/scalajs-logging_2.13/1.1.1/scalajs-logging_2.13-1.1.1.jar:/Users/admin/Library/Caches/Coursier/v1/https/repo1.maven.org/maven2/com/lihaoyi/unroll-annotation_2.13/0.1.12/unroll-annotation_2.13-0.1.12.jar:/Users/admin/Library/Caches/Coursier/v1/https/repo1.maven.org/maven2/ch/epfl/scala/bloop-rifle_2.13/2.0.8/bloop-rifle_2.13-2.0.8.jar:/Users/admin/Library/Caches/Coursier/v1/https/repo1.maven.org/maven2/io/get-coursier/coursier-jvm_2.13/2.1.24/coursier-jvm_2.13-2.1.24.jar:/Users/admin/Library/Caches/Coursier/v1/https/repo1.maven.org/maven2/io/get-coursier/dependency_3/0.3.2/dependency_3-0.3.2.jar:/Users/admin/Library/Caches/Coursier/v1/https/repo1.maven.org/maven2/org/eclipse/jgit/org.eclipse.jgit/6.8.0.202311291450-r/org.eclipse.jgit-6.8.0.202311291450-r.jar:/Users/admin/Library/Caches/Coursier/v1/https/repo1.maven.org/maven2/org/scala-js/scalajs-env-jsdom-nodejs_2.13/1.1.0/scalajs-env-jsdom-nodejs_2.13-1.1.0.jar:/Users/admin/Library/Caches/Coursier/v1/https/repo1.maven.org/maven2/org/eclipse/lsp4j/org.eclipse.lsp4j.generator/0.20.1/org.eclipse.lsp4j.generator-0.20.1.jar:/Users/admin/Library/Caches/Coursier/v1/https/repo1.maven.org/maven2/org/eclipse/lsp4j/org.eclipse.lsp4j.jsonrpc/0.20.1/org.eclipse.lsp4j.jsonrpc-0.20.1.jar:/Users/admin/Library/Caches/Coursier/v1/https/repo1.maven.org/maven2/commons-logging/commons-logging/1.2/commons-logging-1.2.jar:/Users/admin/Library/Caches/Coursier/v1/https/repo1.maven.org/maven2/io/grpc/grpc-context/1.27.2/grpc-context-1.27.2.jar:/Users/admin/Library/Caches/Coursier/v1/https/repo1.maven.org/maven2/com/google/code/gson/gson/2.10.1/gson-2.10.1.jar:/Users/admin/Library/Caches/Coursier/v1/https/repo1.maven.org/maven2/org/scala-sbt/util-interface/1.9.8/util-interface-1.9.8.jar:/Users/admin/Library/Caches/Coursier/v1/https/repo1.maven.org/maven2/org/scalameta/trees_2.13/4.9.9/trees_2.13-4.9.9.jar:/Users/admin/Library/Caches/Coursier/v1/https/repo1.maven.org/maven2/org/scala-lang/scala-compiler/2.13.11/scala-compiler-2.13.11.jar:/Users/admin/Library/Caches/Coursier/v1/https/repo1.maven.org/maven2/ch/epfl/scala/libdaemon_2.13/0.0.12/libdaemon_2.13-0.0.12.jar:/Users/admin/Library/Caches/Coursier/v1/https/repo1.maven.org/maven2/io/github/alexarchambault/scala-cli/snailgun/snailgun-core_2.13/0.4.1-sc2/snailgun-core_2.13-0.4.1-sc2.jar:/Users/admin/Library/Caches/Coursier/v1/https/repo1.maven.org/maven2/io/get-coursier/coursier_2.13/2.1.24/coursier_2.13-2.1.24.jar:/Users/admin/Library/Caches/Coursier/v1/https/repo1.maven.org/maven2/io/get-coursier/coursier-env_2.13/2.1.24/coursier-env_2.13-2.1.24.jar:/Users/admin/Library/Caches/Coursier/v1/https/repo1.maven.org/maven2/com/googlecode/javaewah/JavaEWAH/1.2.3/JavaEWAH-1.2.3.jar:/Users/admin/Library/Caches/Coursier/v1/https/repo1.maven.org/maven2/org/eclipse/xtend/org.eclipse.xtend.lib/2.28.0/org.eclipse.xtend.lib-2.28.0.jar:/Users/admin/Library/Caches/Coursier/v1/https/repo1.maven.org/maven2/org/scalameta/common_2.13/4.9.9/common_2.13-4.9.9.jar:/Users/admin/Library/Caches/Coursier/v1/https/repo1.maven.org/maven2/io/github/java-diff-utils/java-diff-utils/4.12/java-diff-utils-4.12.jar:/Users/admin/Library/Caches/Coursier/v1/https/repo1.maven.org/maven2/io/get-coursier/dependency_2.13/0.3.2/dependency_2.13-0.3.2.jar:/Users/admin/Library/Caches/Coursier/v1/https/repo1.maven.org/maven2/org/eclipse/xtext/org.eclipse.xtext.xbase.lib/2.28.0/org.eclipse.xtext.xbase.lib-2.28.0.jar:/Users/admin/Library/Caches/Coursier/v1/https/repo1.maven.org/maven2/org/eclipse/xtend/org.eclipse.xtend.lib.macro/2.28.0/org.eclipse.xtend.lib.macro-2.28.0.jar, scala.cli.ScalaCli, bsp, /Users/admin/datastructure)
2025.02.19 10:38:19 INFO  tracing is disabled for protocol BSP, to enable tracing of incoming and outgoing JSON messages create an empty file at /Users/admin/datastructure/.metals/bsp.trace.json or /Users/admin/Library/Caches/org.scalameta.metals/bsp.trace.json
2025.02.19 10:38:20 INFO  no build target found for /Users/admin/datastructure/subarraysum/SubArraySum.scala. Using presentation compiler with project's scala-library version: 3.3.5
2025.02.19 10:38:23 INFO  Scala CLI: Starting compilation server
2025.02.19 10:38:25 INFO  Connected to Scala CLI server v1.6.1
2025.02.19 10:38:25 INFO  compiling datastructure_d5c0a6989e (2 scala sources and 2 java sources)
2025.02.19 10:38:27 INFO  time: indexed workspace in 2.12s
2025.02.19 10:38:28 INFO  time: compiled datastructure_d5c0a6989e in 2.99s
2025.02.19 10:38:28 INFO  compiling datastructure_d5c0a6989e (2 scala sources and 2 java sources)
2025.02.19 10:38:28 INFO  time: compiled datastructure_d5c0a6989e in 0.75s
2025.02.19 10:38:29 INFO  compiling datastructure_d5c0a6989e (2 scala sources and 2 java sources)
2025.02.19 10:38:29 INFO  time: compiled datastructure_d5c0a6989e in 0.41s
2025.02.19 10:38:30 INFO  Scala CLI started for /Users/admin/datastructure
2025.02.19 10:38:30 WARN  no build tool detected in workspace '/Users/admin/datastructure'. The most common cause for this problem is that the editor was opened in the wrong working directory, for example if you use sbt then the workspace directory should contain build.sbt. 
2025.02.19 10:38:30 WARN  Build server is not auto-connectable.
Feb 19, 2025 10:39:20 A.M. org.eclipse.lsp4j.jsonrpc.services.GenericEndpoint notify
WARNING: Unsupported notification method: metals/windowStateDidChange
Feb 19, 2025 10:39:23 A.M. org.eclipse.lsp4j.jsonrpc.services.GenericEndpoint notify
WARNING: Unsupported notification method: metals/windowStateDidChange
Feb 19, 2025 10:39:24 A.M. org.eclipse.lsp4j.jsonrpc.services.GenericEndpoint notify
WARNING: Unsupported notification method: metals/windowStateDidChange
Feb 19, 2025 10:39:24 A.M. org.eclipse.lsp4j.jsonrpc.services.GenericEndpoint notify
WARNING: Unsupported notification method: metals/windowStateDidChange
Feb 19, 2025 10:39:38 A.M. org.eclipse.lsp4j.jsonrpc.services.GenericEndpoint notify
WARNING: Unsupported notification method: metals/windowStateDidChange
2025.02.19 10:39:44 INFO  Shut down connection with build server.
java.util.concurrent.RejectedExecutionException: Task Future(<not completed>) rejected from java.util.concurrent.ThreadPoolExecutor@2344fc66[Shutting down, pool size = 1, active threads = 1, queued tasks = 0, completed tasks = 1397]
	at java.base/java.util.concurrent.ThreadPoolExecutor$AbortPolicy.rejectedExecution(ThreadPoolExecutor.java:2081)
	at java.base/java.util.concurrent.ThreadPoolExecutor.reject(ThreadPoolExecutor.java:841)
	at java.base/java.util.concurrent.ThreadPoolExecutor.execute(ThreadPoolExecutor.java:1376)
	at scala.concurrent.impl.ExecutionContextImpl.execute(ExecutionContextImpl.scala:21)
	at scala.concurrent.impl.Promise$Transformation.submitWithValue(Promise.scala:429)
	at scala.concurrent.impl.Promise$DefaultPromise.submitWithValue(Promise.scala:338)
	at scala.concurrent.impl.Promise$DefaultPromise.tryComplete0(Promise.scala:285)
	at scala.concurrent.impl.Promise$Transformation.handleFailure(Promise.scala:444)
	at scala.concurrent.impl.Promise$Transformation.submitWithValue(Promise.scala:435)
	at scala.concurrent.impl.Promise$DefaultPromise.submitWithValue(Promise.scala:338)
	at scala.concurrent.impl.Promise$DefaultPromise.tryComplete0(Promise.scala:285)
	at scala.concurrent.impl.Promise$Transformation.handleFailure(Promise.scala:444)
	at scala.concurrent.impl.Promise$Transformation.run(Promise.scala:506)
	at java.base/java.util.concurrent.ThreadPoolExecutor.runWorker(ThreadPoolExecutor.java:1144)
	at java.base/java.util.concurrent.ThreadPoolExecutor$Worker.run(ThreadPoolExecutor.java:642)
	at java.base/java.lang.Thread.run(Thread.java:1589)
2025.02.19 10:39:48 INFO  Started: Metals version 1.5.1+61-4442b038-SNAPSHOT in folders '/Users/admin/datastructure' for client Visual Studio Code 1.85.1.
2025.02.19 10:39:49 INFO  no build target found for /Users/admin/datastructure/subarraysum/SubArraySum.scala. Using presentation compiler with project's scala-library version: 3.3.5
2025.02.19 10:39:50 INFO  no build target found for /Users/admin/datastructure/SortInWave/sortInWave.scala. Using presentation compiler with project's scala-library version: 3.3.5
2025.02.19 10:39:50 INFO  no build target found for /Users/admin/datastructure/SortInWave/sortInWave.scala. Using presentation compiler with project's scala-library version: 3.3.5
2025.02.19 10:39:55 INFO  Started: Metals version 1.5.1+61-4442b038-SNAPSHOT in folders '/Users/admin/datastructure' for client Visual Studio Code 1.85.1.
Feb 19, 2025 10:39:55 A.M. org.eclipse.lsp4j.jsonrpc.RemoteEndpoint fallbackResponseError
SEVERE: Internal error: java.util.concurrent.RejectedExecutionException: Task Future(<not completed>) rejected from java.util.concurrent.ThreadPoolExecutor@2344fc66[Shutting down, pool size = 2, active threads = 1, queued tasks = 0, completed tasks = 4]
java.util.concurrent.CompletionException: java.util.concurrent.RejectedExecutionException: Task Future(<not completed>) rejected from java.util.concurrent.ThreadPoolExecutor@2344fc66[Shutting down, pool size = 2, active threads = 1, queued tasks = 0, completed tasks = 4]
	at java.base/java.util.concurrent.CompletableFuture.encodeThrowable(CompletableFuture.java:332)
	at java.base/java.util.concurrent.CompletableFuture.completeThrowable(CompletableFuture.java:347)
	at java.base/java.util.concurrent.CompletableFuture$UniAccept.tryFire(CompletableFuture.java:708)
	at java.base/java.util.concurrent.CompletableFuture.postComplete(CompletableFuture.java:510)
	at java.base/java.util.concurrent.CompletableFuture.completeExceptionally(CompletableFuture.java:2194)
	at scala.concurrent.java8.FuturesConvertersImpl$CF.apply(FutureConvertersImpl.scala:29)
	at scala.concurrent.java8.FuturesConvertersImpl$CF.apply(FutureConvertersImpl.scala:26)
	at scala.concurrent.impl.Promise$Transformation.run(Promise.scala:484)
	at scala.concurrent.ExecutionContext$parasitic$.execute(ExecutionContext.scala:222)
	at scala.concurrent.impl.Promise$Transformation.submitWithValue(Promise.scala:429)
	at scala.concurrent.impl.Promise$DefaultPromise.submitWithValue(Promise.scala:338)
	at scala.concurrent.impl.Promise$DefaultPromise.tryComplete0(Promise.scala:285)
	at scala.concurrent.impl.Promise$Transformation.handleFailure(Promise.scala:444)
	at scala.concurrent.impl.Promise$Transformation.submitWithValue(Promise.scala:435)
	at scala.concurrent.impl.Promise$DefaultPromise.submitWithValue(Promise.scala:338)
	at scala.concurrent.impl.Promise$DefaultPromise.tryComplete0(Promise.scala:285)
	at scala.concurrent.impl.Promise$Transformation.handleFailure(Promise.scala:444)
	at scala.concurrent.impl.Promise$Transformation.submitWithValue(Promise.scala:435)
	at scala.concurrent.impl.Promise$DefaultPromise.submitWithValue(Promise.scala:338)
	at scala.concurrent.impl.Promise$DefaultPromise.tryComplete0(Promise.scala:285)
	at scala.concurrent.impl.Promise$Transformation.run(Promise.scala:504)
	at java.base/java.util.concurrent.ThreadPoolExecutor.runWorker(ThreadPoolExecutor.java:1144)
	at java.base/java.util.concurrent.ThreadPoolExecutor$Worker.run(ThreadPoolExecutor.java:642)
	at java.base/java.lang.Thread.run(Thread.java:1589)
Caused by: java.util.concurrent.RejectedExecutionException: Task Future(<not completed>) rejected from java.util.concurrent.ThreadPoolExecutor@2344fc66[Shutting down, pool size = 2, active threads = 1, queued tasks = 0, completed tasks = 4]
	at java.base/java.util.concurrent.ThreadPoolExecutor$AbortPolicy.rejectedExecution(ThreadPoolExecutor.java:2081)
	at java.base/java.util.concurrent.ThreadPoolExecutor.reject(ThreadPoolExecutor.java:841)
	at java.base/java.util.concurrent.ThreadPoolExecutor.execute(ThreadPoolExecutor.java:1376)
	at scala.concurrent.impl.ExecutionContextImpl.execute(ExecutionContextImpl.scala:21)
	at scala.concurrent.impl.Promise$Transformation.submitWithValue(Promise.scala:429)
	... 10 more

2025.02.19 10:57:12 INFO  Started: Metals version 1.5.1+61-4442b038-SNAPSHOT in folders '/Users/admin/datastructure' for client Visual Studio Code 1.85.1.
2025.02.19 10:57:12 INFO  no build target found for /Users/admin/datastructure/subarraysum/SubArraySum.scala. Using presentation compiler with project's scala-library version: 3.3.5
2025.02.19 10:57:13 WARN  scala-cli >= 0.1.3 not found in PATH, fetching and starting a JVM-based Scala CLI
2025.02.19 10:57:15 INFO  Started: Metals version 1.5.1+61-4442b038-SNAPSHOT in folders '/Users/admin/datastructure' for client Visual Studio Code 1.85.1.
Feb 19, 2025 10:57:16 A.M. org.eclipse.lsp4j.jsonrpc.services.GenericEndpoint notify
WARNING: Unsupported notification method: metals/windowStateDidChange
2025.02.19 10:57:16 INFO  no build target found for /Users/admin/datastructure/subarraysum/SubArraySum.scala. Using presentation compiler with project's scala-library version: 3.3.5
2025.02.19 10:57:17 INFO  no build target found for /Users/admin/datastructure/subarraysum/SubArraySum.scala. Using presentation compiler with project's scala-library version: 3.3.5
2025.02.19 10:57:17 WARN  scala-cli >= 0.1.3 not found in PATH, fetching and starting a JVM-based Scala CLI
2025.02.19 10:57:17 INFO  Running List(/Library/Java/JavaVirtualMachines/jdk-19.jdk/Contents/Home/bin/java, -cp, /Users/admin/Library/Caches/Coursier/v1/https/repo1.maven.org/maven2/org/virtuslab/scala-cli/cli_3/1.6.1/cli_3-1.6.1.jar:/Users/admin/Library/Caches/Coursier/v1/https/repo1.maven.org/maven2/com/github/alexarchambault/case-app_3/2.1.0-M29/case-app_3-2.1.0-M29.jar:/Users/admin/Library/Caches/Coursier/v1/https/repo1.maven.org/maven2/io/get-coursier/coursier-launcher_2.13/2.1.24/coursier-launcher_2.13-2.1.24.jar:/Users/admin/Library/Caches/Coursier/v1/https/repo1.maven.org/maven2/io/get-coursier/coursier-proxy-setup/2.1.24/coursier-proxy-setup-2.1.24.jar:/Users/admin/Library/Caches/Coursier/v1/https/repo1.maven.org/maven2/io/get-coursier/publish/publish_2.13/0.2.0/publish_2.13-0.2.0.jar:/Users/admin/Library/Caches/Coursier/v1/https/repo1.maven.org/maven2/com/google/jimfs/jimfs/1.3.0/jimfs-1.3.0.jar:/Users/admin/Library/Caches/Coursier/v1/https/repo1.maven.org/maven2/io/get-coursier/jniutils/windows-jni-utils/0.3.3/windows-jni-utils-0.3.3.jar:/Users/admin/Library/Caches/Coursier/v1/https/repo1.maven.org/maven2/com/github/plokhotnyuk/jsoniter-scala/jsoniter-scala-core_3/2.13.5.2/jsoniter-scala-core_3-2.13.5.2.jar:/Users/admin/Library/Caches/Coursier/v1/https/repo1.maven.org/maven2/org/virtuslab/scala-cli/libsodiumjni/0.0.4/libsodiumjni-0.0.4.jar:/Users/admin/Library/Caches/Coursier/v1/https/repo1.maven.org/maven2/org/scalameta/metaconfig-typesafe-config_3/0.14.0/metaconfig-typesafe-config_3-0.14.0.jar:/Users/admin/Library/Caches/Coursier/v1/https/repo1.maven.org/maven2/ai/kien/python-native-libs_3/0.2.4/python-native-libs_3-0.2.4.jar:/Users/admin/Library/Caches/Coursier/v1/https/repo1.maven.org/maven2/org/virtuslab/scala-packager_2.13/0.1.31/scala-packager_2.13-0.1.31.jar:/Users/admin/Library/Caches/Coursier/v1/https/repo1.maven.org/maven2/org/virtuslab/scala-cli-signing/cli_3/0.2.4/cli_3-0.2.4.jar:/Users/admin/Library/Caches/Coursier/v1/https/repo1.maven.org/maven2/org/slf4j/slf4j-nop/2.0.16/slf4j-nop-2.0.16.jar:/Users/admin/Library/Caches/Coursier/v1/https/repo1.maven.org/maven2/com/softwaremill/sttp/client3/core_2.13/3.10.2/core_2.13-3.10.2.jar:/Users/admin/Library/Caches/Coursier/v1/https/repo1.maven.org/maven2/ch/epfl/scala/scalafix-interfaces/0.14.0/scalafix-interfaces-0.14.0.jar:/Users/admin/Library/Caches/Coursier/v1/https/repo1.maven.org/maven2/org/scala-lang/scala3-library_3/3.3.4/scala3-library_3-3.3.4.jar:/Users/admin/Library/Caches/Coursier/v1/https/repo1.maven.org/maven2/org/virtuslab/scala-cli/build-module_3/1.6.1/build-module_3-1.6.1.jar:/Users/admin/Library/Caches/Coursier/v1/https/repo1.maven.org/maven2/org/virtuslab/scala-cli/config_3/1.6.1/config_3-1.6.1.jar:/Users/admin/Library/Caches/Coursier/v1/https/repo1.maven.org/maven2/org/virtuslab/scala-cli/scala3-graal_3/1.6.1/scala3-graal_3-1.6.1.jar:/Users/admin/Library/Caches/Coursier/v1/https/repo1.maven.org/maven2/org/virtuslab/scala-cli/specification-level_3/1.6.1/specification-level_3-1.6.1.jar:/Users/admin/Library/Caches/Coursier/v1/https/repo1.maven.org/maven2/com/lihaoyi/sourcecode_3/0.4.2/sourcecode_3-0.4.2.jar:/Users/admin/Library/Caches/Coursier/v1/https/repo1.maven.org/maven2/com/github/alexarchambault/case-app-annotations_3/2.1.0-M29/case-app-annotations_3-2.1.0-M29.jar:/Users/admin/Library/Caches/Coursier/v1/https/repo1.maven.org/maven2/com/github/alexarchambault/case-app-util_3/2.1.0-M29/case-app-util_3-2.1.0-M29.jar:/Users/admin/Library/Caches/Coursier/v1/https/repo1.maven.org/maven2/io/github/alexarchambault/scala-cli/tmp/zip-input-stream/0.1.1/zip-input-stream-0.1.1.jar:/Users/admin/Library/Caches/Coursier/v1/https/repo1.maven.org/maven2/org/scala-lang/scala-library/2.13.16/scala-library-2.13.16.jar:/Users/admin/Library/Caches/Coursier/v1/https/repo1.maven.org/maven2/io/get-coursier/coursier-cache_2.13/2.1.24/coursier-cache_2.13-2.1.24.jar:/Users/admin/Library/Caches/Coursier/v1/https/repo1.maven.org/maven2/io/get-coursier/coursier-core_2.13/2.1.24/coursier-core_2.13-2.1.24.jar:/Users/admin/Library/Caches/Coursier/v1/https/repo1.maven.org/maven2/com/google/guava/guava/33.4.0-jre/guava-33.4.0-jre.jar:/Users/admin/Library/Caches/Coursier/v1/https/repo1.maven.org/maven2/net/java/dev/jna/jna/5.13.0/jna-5.13.0.jar:/Users/admin/Library/Caches/Coursier/v1/https/repo1.maven.org/maven2/net/java/dev/jna/jna-platform/5.12.1/jna-platform-5.12.1.jar:/Users/admin/Library/Caches/Coursier/v1/https/repo1.maven.org/maven2/org/scalameta/metaconfig-core_3/0.14.0/metaconfig-core_3-0.14.0.jar:/Users/admin/Library/Caches/Coursier/v1/https/repo1.maven.org/maven2/com/typesafe/config/1.4.3/config-1.4.3.jar:/Users/admin/Library/Caches/Coursier/v1/https/repo1.maven.org/maven2/org/scala-lang/modules/scala-collection-compat_3/2.12.0/scala-collection-compat_3-2.12.0.jar:/Users/admin/Library/Caches/Coursier/v1/https/repo1.maven.org/maven2/commons-io/commons-io/2.18.0/commons-io-2.18.0.jar:/Users/admin/Library/Caches/Coursier/v1/https/repo1.maven.org/maven2/com/google/cloud/tools/jib-core/0.27.2/jib-core-0.27.2.jar:/Users/admin/Library/Caches/Coursier/v1/https/repo1.maven.org/maven2/org/bouncycastle/bcpg-jdk18on/1.78.1/bcpg-jdk18on-1.78.1.jar:/Users/admin/Library/Caches/Coursier/v1/https/repo1.maven.org/maven2/org/virtuslab/scala-cli-signing/shared_3/0.2.4/shared_3-0.2.4.jar:/Users/admin/Library/Caches/Coursier/v1/https/repo1.maven.org/maven2/org/slf4j/slf4j-api/2.0.16/slf4j-api-2.0.16.jar:/Users/admin/Library/Caches/Coursier/v1/https/repo1.maven.org/maven2/com/softwaremill/sttp/model/core_2.13/1.7.11/core_2.13-1.7.11.jar:/Users/admin/Library/Caches/Coursier/v1/https/repo1.maven.org/maven2/com/softwaremill/sttp/shared/core_2.13/1.3.22/core_2.13-1.3.22.jar:/Users/admin/Library/Caches/Coursier/v1/https/repo1.maven.org/maven2/com/softwaremill/sttp/shared/ws_2.13/1.3.22/ws_2.13-1.3.22.jar:/Users/admin/Library/Caches/Coursier/v1/https/repo1.maven.org/maven2/io/get-coursier/interface/1.0.26/interface-1.0.26.jar:/Users/admin/Library/Caches/Coursier/v1/https/repo1.maven.org/maven2/org/ow2/asm/asm/9.7.1/asm-9.7.1.jar:/Users/admin/Library/Caches/Coursier/v1/https/repo1.maven.org/maven2/org/virtuslab/scala-cli/java-class-name/java-class-name_3/0.1.4/java-class-name_3-0.1.4.jar:/Users/admin/Library/Caches/Coursier/v1/https/repo1.maven.org/maven2/org/scalameta/semanticdb-shared_2.13.16/4.9.9/semanticdb-shared_2.13.16-4.9.9.jar:/Users/admin/Library/Caches/Coursier/v1/https/repo1.maven.org/maven2/org/scala-native/test-runner_3/0.5.6/test-runner_3-0.5.6.jar:/Users/admin/Library/Caches/Coursier/v1/https/repo1.maven.org/maven2/com/lihaoyi/os-lib_3/0.11.3/os-lib_3-0.11.3.jar:/Users/admin/Library/Caches/Coursier/v1/https/repo1.maven.org/maven2/com/lihaoyi/pprint_3/0.9.0/pprint_3-0.9.0.jar:/Users/admin/Library/Caches/Coursier/v1/https/repo1.maven.org/maven2/org/scala-js/scalajs-env-nodejs_2.13/1.4.0/scalajs-env-nodejs_2.13-1.4.0.jar:/Users/admin/Library/Caches/Coursier/v1/https/repo1.maven.org/maven2/org/scala-js/scalajs-sbt-test-adapter_2.13/1.18.1/scalajs-sbt-test-adapter_2.13-1.18.1.jar:/Users/admin/Library/Caches/Coursier/v1/https/repo1.maven.org/maven2/com/swoval/file-tree-views/2.1.12/file-tree-views-2.1.12.jar:/Users/admin/Library/Caches/Coursier/v1/https/repo1.maven.org/maven2/org/virtuslab/scala-cli/zip-input-stream/zip-input-stream/0.1.2/zip-input-stream-0.1.2.jar:/Users/admin/Library/Caches/Coursier/v1/https/repo1.maven.org/maven2/org/virtuslab/scala-cli/options_3/1.6.1/options_3-1.6.1.jar:/Users/admin/Library/Caches/Coursier/v1/https/repo1.maven.org/maven2/org/virtuslab/scala-cli/directives_3/1.6.1/directives_3-1.6.1.jar:/Users/admin/Library/Caches/Coursier/v1/https/repo1.maven.org/maven2/org/virtuslab/scala-cli/scala-cli-bsp/1.6.1/scala-cli-bsp-1.6.1.jar:/Users/admin/Library/Caches/Coursier/v1/https/repo1.maven.org/maven2/org/virtuslab/scala-cli/test-runner_3/1.6.1/test-runner_3-1.6.1.jar:/Users/admin/Library/Caches/Coursier/v1/https/repo1.maven.org/maven2/org/virtuslab/scala-cli/tasty-lib_3/1.6.1/tasty-lib_3-1.6.1.jar:/Users/admin/Library/Caches/Coursier/v1/https/repo1.maven.org/maven2/io/github/alexarchambault/is-terminal/0.1.1/is-terminal-0.1.1.jar:/Users/admin/Library/Caches/Coursier/v1/https/repo1.maven.org/maven2/org/codehaus/plexus/plexus-archiver/4.10.0/plexus-archiver-4.10.0.jar:/Users/admin/Library/Caches/Coursier/v1/https/repo1.maven.org/maven2/org/codehaus/plexus/plexus-container-default/2.1.1/plexus-container-default-2.1.1.jar:/Users/admin/Library/Caches/Coursier/v1/https/repo1.maven.org/maven2/io/github/alexarchambault/windows-ansi/windows-ansi/0.0.6/windows-ansi-0.0.6.jar:/Users/admin/Library/Caches/Coursier/v1/https/repo1.maven.org/maven2/io/get-coursier/cache-util/2.1.24/cache-util-2.1.24.jar:/Users/admin/Library/Caches/Coursier/v1/https/repo1.maven.org/maven2/io/get-coursier/coursier-util_2.13/2.1.24/coursier-util_2.13-2.1.24.jar:/Users/admin/Library/Caches/Coursier/v1/https/repo1.maven.org/maven2/io/github/alexarchambault/concurrent-reference-hash-map/1.1.0/concurrent-reference-hash-map-1.1.0.jar:/Users/admin/Library/Caches/Coursier/v1/https/repo1.maven.org/maven2/org/scala-lang/modules/scala-xml_2.13/2.3.0/scala-xml_2.13-2.3.0.jar:/Users/admin/Library/Caches/Coursier/v1/https/repo1.maven.org/maven2/com/google/guava/failureaccess/1.0.2/failureaccess-1.0.2.jar:/Users/admin/Library/Caches/Coursier/v1/https/repo1.maven.org/maven2/com/google/guava/listenablefuture/9999.0-empty-to-avoid-conflict-with-guava/listenablefuture-9999.0-empty-to-avoid-conflict-with-guava.jar:/Users/admin/Library/Caches/Coursier/v1/https/repo1.maven.org/maven2/com/google/code/findbugs/jsr305/3.0.2/jsr305-3.0.2.jar:/Users/admin/Library/Caches/Coursier/v1/https/repo1.maven.org/maven2/org/checkerframework/checker-qual/3.43.0/checker-qual-3.43.0.jar:/Users/admin/Library/Caches/Coursier/v1/https/repo1.maven.org/maven2/com/google/errorprone/error_prone_annotations/2.36.0/error_prone_annotations-2.36.0.jar:/Users/admin/Library/Caches/Coursier/v1/https/repo1.maven.org/maven2/com/google/j2objc/j2objc-annotations/3.0.0/j2objc-annotations-3.0.0.jar:/Users/admin/Library/Caches/Coursier/v1/https/repo1.maven.org/maven2/org/scalameta/metaconfig-pprint_3/0.14.0/metaconfig-pprint_3-0.14.0.jar:/Users/admin/Library/Caches/Coursier/v1/https/repo1.maven.org/maven2/org/typelevel/paiges-core_3/0.4.4/paiges-core_3-0.4.4.jar:/Users/admin/Library/Caches/Coursier/v1/https/repo1.maven.org/maven2/org/scala-lang/scala-reflect/2.13.15/scala-reflect-2.13.15.jar:/Users/admin/Library/Caches/Coursier/v1/https/repo1.maven.org/maven2/com/google/cloud/tools/jib-build-plan/0.4.0/jib-build-plan-0.4.0.jar:/Users/admin/Library/Caches/Coursier/v1/https/repo1.maven.org/maven2/com/google/http-client/google-http-client/1.42.2/google-http-client-1.42.2.jar:/Users/admin/Library/Caches/Coursier/v1/https/repo1.maven.org/maven2/com/google/http-client/google-http-client-apache-v2/1.42.2/google-http-client-apache-v2-1.42.2.jar:/Users/admin/Library/Caches/Coursier/v1/https/repo1.maven.org/maven2/com/google/auth/google-auth-library-oauth2-http/1.10.0/google-auth-library-oauth2-http-1.10.0.jar:/Users/admin/Library/Caches/Coursier/v1/https/repo1.maven.org/maven2/org/apache/commons/commons-compress/1.26.2/commons-compress-1.26.2.jar:/Users/admin/Library/Caches/Coursier/v1/https/repo1.maven.org/maven2/com/fasterxml/jackson/core/jackson-databind/2.15.2/jackson-databind-2.15.2.jar:/Users/admin/Library/Caches/Coursier/v1/https/repo1.maven.org/maven2/com/fasterxml/jackson/datatype/jackson-datatype-jsr310/2.15.2/jackson-datatype-jsr310-2.15.2.jar:/Users/admin/Library/Caches/Coursier/v1/https/repo1.maven.org/maven2/org/bouncycastle/bcprov-jdk18on/1.78.1/bcprov-jdk18on-1.78.1.jar:/Users/admin/Library/Caches/Coursier/v1/https/repo1.maven.org/maven2/org/bouncycastle/bcutil-jdk18on/1.78.1/bcutil-jdk18on-1.78.1.jar:/Users/admin/Library/Caches/Coursier/v1/https/repo1.maven.org/maven2/org/scala-lang/scala3-compiler_3/3.3.4/scala3-compiler_3-3.3.4.jar:/Users/admin/Library/Caches/Coursier/v1/https/repo1.maven.org/maven2/org/scalameta/scalameta_2.13/4.9.9/scalameta_2.13-4.9.9.jar:/Users/admin/Library/Caches/Coursier/v1/https/repo1.maven.org/maven2/com/thesamet/scalapb/scalapb-runtime_2.13/0.11.17/scalapb-runtime_2.13-0.11.17.jar:/Users/admin/Library/Caches/Coursier/v1/https/repo1.maven.org/maven2/org/scala-native/tools_3/0.5.6/tools_3-0.5.6.jar:/Users/admin/Library/Caches/Coursier/v1/https/repo1.maven.org/maven2/org/scala-sbt/test-interface/1.0/test-interface-1.0.jar:/Users/admin/Library/Caches/Coursier/v1/https/repo1.maven.org/maven2/com/github/sbt/junit-interface/0.13.3/junit-interface-0.13.3.jar:/Users/admin/Library/Caches/Coursier/v1/https/repo1.maven.org/maven2/junit/junit/4.13.2/junit-4.13.2.jar:/Users/admin/Library/Caches/Coursier/v1/https/repo1.maven.org/maven2/com/lihaoyi/geny_3/1.1.1/geny_3-1.1.1.jar:/Users/admin/Library/Caches/Coursier/v1/https/repo1.maven.org/maven2/com/lihaoyi/fansi_3/0.5.0/fansi_3-0.5.0.jar:/Users/admin/Library/Caches/Coursier/v1/https/repo1.maven.org/maven2/org/scala-js/scalajs-js-envs_2.13/1.4.0/scalajs-js-envs_2.13-1.4.0.jar:/Users/admin/Library/Caches/Coursier/v1/https/repo1.maven.org/maven2/ch/epfl/scala/bloop-config_2.13/2.3.1/bloop-config_2.13-2.3.1.jar:/Users/admin/Library/Caches/Coursier/v1/https/repo1.maven.org/maven2/org/virtuslab/scala-cli/core_3/1.6.1/core_3-1.6.1.jar:/Users/admin/Library/Caches/Coursier/v1/https/repo1.maven.org/maven2/org/virtuslab/using_directives/1.1.4/using_directives-1.1.4.jar:/Users/admin/Library/Caches/Coursier/v1/https/repo1.maven.org/maven2/org/virtuslab/scala-cli/build-macros_3/1.6.1/build-macros_3-1.6.1.jar:/Users/admin/Library/Caches/Coursier/v1/https/repo1.maven.org/maven2/ch/epfl/scala/bsp4j/2.1.1/bsp4j-2.1.1.jar:/Users/admin/Library/Caches/Coursier/v1/https/repo1.maven.org/maven2/javax/inject/javax.inject/1/javax.inject-1.jar:/Users/admin/Library/Caches/Coursier/v1/https/repo1.maven.org/maven2/org/codehaus/plexus/plexus-utils/4.0.1/plexus-utils-4.0.1.jar:/Users/admin/Library/Caches/Coursier/v1/https/repo1.maven.org/maven2/org/codehaus/plexus/plexus-io/3.5.0/plexus-io-3.5.0.jar:/Users/admin/Library/Caches/Coursier/v1/https/repo1.maven.org/maven2/io/airlift/aircompressor/0.27/aircompressor-0.27.jar:/Users/admin/Library/Caches/Coursier/v1/https/repo1.maven.org/maven2/org/tukaani/xz/1.9/xz-1.9.jar:/Users/admin/Library/Caches/Coursier/v1/https/repo1.maven.org/maven2/com/github/luben/zstd-jni/1.5.6-3/zstd-jni-1.5.6-3.jar:/Users/admin/Library/Caches/Coursier/v1/https/repo1.maven.org/maven2/org/codehaus/plexus/plexus-classworlds/2.6.0/plexus-classworlds-2.6.0.jar:/Users/admin/Library/Caches/Coursier/v1/https/repo1.maven.org/maven2/org/apache/xbean/xbean-reflect/3.7/xbean-reflect-3.7.jar:/Users/admin/Library/Caches/Coursier/v1/https/repo1.maven.org/maven2/org/fusesource/jansi/jansi/2.4.1/jansi-2.4.1.jar:/Users/admin/Library/Caches/Coursier/v1/https/repo1.maven.org/maven2/org/apache/httpcomponents/httpclient/4.5.13/httpclient-4.5.13.jar:/Users/admin/Library/Caches/Coursier/v1/https/repo1.maven.org/maven2/org/apache/httpcomponents/httpcore/4.4.15/httpcore-4.4.15.jar:/Users/admin/Library/Caches/Coursier/v1/https/repo1.maven.org/maven2/io/opencensus/opencensus-api/0.31.1/opencensus-api-0.31.1.jar:/Users/admin/Library/Caches/Coursier/v1/https/repo1.maven.org/maven2/io/opencensus/opencensus-contrib-http-util/0.31.1/opencensus-contrib-http-util-0.31.1.jar:/Users/admin/Library/Caches/Coursier/v1/https/repo1.maven.org/maven2/com/google/auto/value/auto-value-annotations/1.9/auto-value-annotations-1.9.jar:/Users/admin/Library/Caches/Coursier/v1/https/repo1.maven.org/maven2/com/google/auth/google-auth-library-credentials/1.10.0/google-auth-library-credentials-1.10.0.jar:/Users/admin/Library/Caches/Coursier/v1/https/repo1.maven.org/maven2/com/google/http-client/google-http-client-gson/1.42.2/google-http-client-gson-1.42.2.jar:/Users/admin/Library/Caches/Coursier/v1/https/repo1.maven.org/maven2/commons-codec/commons-codec/1.17.0/commons-codec-1.17.0.jar:/Users/admin/Library/Caches/Coursier/v1/https/repo1.maven.org/maven2/org/apache/commons/commons-lang3/3.14.0/commons-lang3-3.14.0.jar:/Users/admin/Library/Caches/Coursier/v1/https/repo1.maven.org/maven2/com/fasterxml/jackson/core/jackson-annotations/2.15.2/jackson-annotations-2.15.2.jar:/Users/admin/Library/Caches/Coursier/v1/https/repo1.maven.org/maven2/com/fasterxml/jackson/core/jackson-core/2.15.2/jackson-core-2.15.2.jar:/Users/admin/Library/Caches/Coursier/v1/https/repo1.maven.org/maven2/org/scala-lang/scala3-interfaces/3.3.4/scala3-interfaces-3.3.4.jar:/Users/admin/Library/Caches/Coursier/v1/https/repo1.maven.org/maven2/org/scala-lang/tasty-core_3/3.3.4/tasty-core_3-3.3.4.jar:/Users/admin/Library/Caches/Coursier/v1/https/repo1.maven.org/maven2/org/scala-lang/modules/scala-asm/9.6.0-scala-1/scala-asm-9.6.0-scala-1.jar:/Users/admin/Library/Caches/Coursier/v1/https/repo1.maven.org/maven2/org/scala-sbt/compiler-interface/1.9.6/compiler-interface-1.9.6.jar:/Users/admin/Library/Caches/Coursier/v1/https/repo1.maven.org/maven2/org/scalameta/parsers_2.13/4.9.9/parsers_2.13-4.9.9.jar:/Users/admin/Library/Caches/Coursier/v1/https/repo1.maven.org/maven2/org/scala-lang/scalap/2.13.11/scalap-2.13.11.jar:/Users/admin/Library/Caches/Coursier/v1/https/repo1.maven.org/maven2/com/thesamet/scalapb/lenses_2.13/0.11.17/lenses_2.13-0.11.17.jar:/Users/admin/Library/Caches/Coursier/v1/https/repo1.maven.org/maven2/com/google/protobuf/protobuf-java/3.19.6/protobuf-java-3.19.6.jar:/Users/admin/Library/Caches/Coursier/v1/https/repo1.maven.org/maven2/org/scala-native/nir_3/0.5.6/nir_3-0.5.6.jar:/Users/admin/Library/Caches/Coursier/v1/https/repo1.maven.org/maven2/org/scala-native/util_3/0.5.6/util_3-0.5.6.jar:/Users/admin/Library/Caches/Coursier/v1/https/repo1.maven.org/maven2/org/hamcrest/hamcrest-core/1.3/hamcrest-core-1.3.jar:/Users/admin/Library/Caches/Coursier/v1/https/repo1.maven.org/maven2/org/scala-js/scalajs-logging_2.13/1.1.1/scalajs-logging_2.13-1.1.1.jar:/Users/admin/Library/Caches/Coursier/v1/https/repo1.maven.org/maven2/com/lihaoyi/unroll-annotation_2.13/0.1.12/unroll-annotation_2.13-0.1.12.jar:/Users/admin/Library/Caches/Coursier/v1/https/repo1.maven.org/maven2/ch/epfl/scala/bloop-rifle_2.13/2.0.8/bloop-rifle_2.13-2.0.8.jar:/Users/admin/Library/Caches/Coursier/v1/https/repo1.maven.org/maven2/io/get-coursier/coursier-jvm_2.13/2.1.24/coursier-jvm_2.13-2.1.24.jar:/Users/admin/Library/Caches/Coursier/v1/https/repo1.maven.org/maven2/io/get-coursier/dependency_3/0.3.2/dependency_3-0.3.2.jar:/Users/admin/Library/Caches/Coursier/v1/https/repo1.maven.org/maven2/org/eclipse/jgit/org.eclipse.jgit/6.8.0.202311291450-r/org.eclipse.jgit-6.8.0.202311291450-r.jar:/Users/admin/Library/Caches/Coursier/v1/https/repo1.maven.org/maven2/org/scala-js/scalajs-env-jsdom-nodejs_2.13/1.1.0/scalajs-env-jsdom-nodejs_2.13-1.1.0.jar:/Users/admin/Library/Caches/Coursier/v1/https/repo1.maven.org/maven2/org/eclipse/lsp4j/org.eclipse.lsp4j.generator/0.20.1/org.eclipse.lsp4j.generator-0.20.1.jar:/Users/admin/Library/Caches/Coursier/v1/https/repo1.maven.org/maven2/org/eclipse/lsp4j/org.eclipse.lsp4j.jsonrpc/0.20.1/org.eclipse.lsp4j.jsonrpc-0.20.1.jar:/Users/admin/Library/Caches/Coursier/v1/https/repo1.maven.org/maven2/commons-logging/commons-logging/1.2/commons-logging-1.2.jar:/Users/admin/Library/Caches/Coursier/v1/https/repo1.maven.org/maven2/io/grpc/grpc-context/1.27.2/grpc-context-1.27.2.jar:/Users/admin/Library/Caches/Coursier/v1/https/repo1.maven.org/maven2/com/google/code/gson/gson/2.10.1/gson-2.10.1.jar:/Users/admin/Library/Caches/Coursier/v1/https/repo1.maven.org/maven2/org/scala-sbt/util-interface/1.9.8/util-interface-1.9.8.jar:/Users/admin/Library/Caches/Coursier/v1/https/repo1.maven.org/maven2/org/scalameta/trees_2.13/4.9.9/trees_2.13-4.9.9.jar:/Users/admin/Library/Caches/Coursier/v1/https/repo1.maven.org/maven2/org/scala-lang/scala-compiler/2.13.11/scala-compiler-2.13.11.jar:/Users/admin/Library/Caches/Coursier/v1/https/repo1.maven.org/maven2/ch/epfl/scala/libdaemon_2.13/0.0.12/libdaemon_2.13-0.0.12.jar:/Users/admin/Library/Caches/Coursier/v1/https/repo1.maven.org/maven2/io/github/alexarchambault/scala-cli/snailgun/snailgun-core_2.13/0.4.1-sc2/snailgun-core_2.13-0.4.1-sc2.jar:/Users/admin/Library/Caches/Coursier/v1/https/repo1.maven.org/maven2/io/get-coursier/coursier_2.13/2.1.24/coursier_2.13-2.1.24.jar:/Users/admin/Library/Caches/Coursier/v1/https/repo1.maven.org/maven2/io/get-coursier/coursier-env_2.13/2.1.24/coursier-env_2.13-2.1.24.jar:/Users/admin/Library/Caches/Coursier/v1/https/repo1.maven.org/maven2/com/googlecode/javaewah/JavaEWAH/1.2.3/JavaEWAH-1.2.3.jar:/Users/admin/Library/Caches/Coursier/v1/https/repo1.maven.org/maven2/org/eclipse/xtend/org.eclipse.xtend.lib/2.28.0/org.eclipse.xtend.lib-2.28.0.jar:/Users/admin/Library/Caches/Coursier/v1/https/repo1.maven.org/maven2/org/scalameta/common_2.13/4.9.9/common_2.13-4.9.9.jar:/Users/admin/Library/Caches/Coursier/v1/https/repo1.maven.org/maven2/io/github/java-diff-utils/java-diff-utils/4.12/java-diff-utils-4.12.jar:/Users/admin/Library/Caches/Coursier/v1/https/repo1.maven.org/maven2/io/get-coursier/dependency_2.13/0.3.2/dependency_2.13-0.3.2.jar:/Users/admin/Library/Caches/Coursier/v1/https/repo1.maven.org/maven2/org/eclipse/xtext/org.eclipse.xtext.xbase.lib/2.28.0/org.eclipse.xtext.xbase.lib-2.28.0.jar:/Users/admin/Library/Caches/Coursier/v1/https/repo1.maven.org/maven2/org/eclipse/xtend/org.eclipse.xtend.lib.macro/2.28.0/org.eclipse.xtend.lib.macro-2.28.0.jar, scala.cli.ScalaCli, bsp, /Users/admin/datastructure)
2025.02.19 10:57:18 INFO  tracing is disabled for protocol BSP, to enable tracing of incoming and outgoing JSON messages create an empty file at /Users/admin/datastructure/.metals/bsp.trace.json or /Users/admin/Library/Caches/org.scalameta.metals/bsp.trace.json
2025.02.19 10:57:21 INFO  Started: Metals version 1.5.1+61-4442b038-SNAPSHOT in folders '/Users/admin/datastructure' for client Visual Studio Code 1.85.1.
2025.02.19 10:57:21 INFO  no build target found for /Users/admin/datastructure/subarraysum/SubArraySum.scala. Using presentation compiler with project's scala-library version: 3.3.5
2025.02.19 10:57:22 INFO  no build target found for /Users/admin/datastructure/subarraysum/SubArraySum.scala. Using presentation compiler with project's scala-library version: 3.3.5
2025.02.19 10:57:22 WARN  scala-cli >= 0.1.3 not found in PATH, fetching and starting a JVM-based Scala CLI
2025.02.19 10:57:23 INFO  Running List(/Library/Java/JavaVirtualMachines/jdk-19.jdk/Contents/Home/bin/java, -cp, /Users/admin/Library/Caches/Coursier/v1/https/repo1.maven.org/maven2/org/virtuslab/scala-cli/cli_3/1.6.1/cli_3-1.6.1.jar:/Users/admin/Library/Caches/Coursier/v1/https/repo1.maven.org/maven2/com/github/alexarchambault/case-app_3/2.1.0-M29/case-app_3-2.1.0-M29.jar:/Users/admin/Library/Caches/Coursier/v1/https/repo1.maven.org/maven2/io/get-coursier/coursier-launcher_2.13/2.1.24/coursier-launcher_2.13-2.1.24.jar:/Users/admin/Library/Caches/Coursier/v1/https/repo1.maven.org/maven2/io/get-coursier/coursier-proxy-setup/2.1.24/coursier-proxy-setup-2.1.24.jar:/Users/admin/Library/Caches/Coursier/v1/https/repo1.maven.org/maven2/io/get-coursier/publish/publish_2.13/0.2.0/publish_2.13-0.2.0.jar:/Users/admin/Library/Caches/Coursier/v1/https/repo1.maven.org/maven2/com/google/jimfs/jimfs/1.3.0/jimfs-1.3.0.jar:/Users/admin/Library/Caches/Coursier/v1/https/repo1.maven.org/maven2/io/get-coursier/jniutils/windows-jni-utils/0.3.3/windows-jni-utils-0.3.3.jar:/Users/admin/Library/Caches/Coursier/v1/https/repo1.maven.org/maven2/com/github/plokhotnyuk/jsoniter-scala/jsoniter-scala-core_3/2.13.5.2/jsoniter-scala-core_3-2.13.5.2.jar:/Users/admin/Library/Caches/Coursier/v1/https/repo1.maven.org/maven2/org/virtuslab/scala-cli/libsodiumjni/0.0.4/libsodiumjni-0.0.4.jar:/Users/admin/Library/Caches/Coursier/v1/https/repo1.maven.org/maven2/org/scalameta/metaconfig-typesafe-config_3/0.14.0/metaconfig-typesafe-config_3-0.14.0.jar:/Users/admin/Library/Caches/Coursier/v1/https/repo1.maven.org/maven2/ai/kien/python-native-libs_3/0.2.4/python-native-libs_3-0.2.4.jar:/Users/admin/Library/Caches/Coursier/v1/https/repo1.maven.org/maven2/org/virtuslab/scala-packager_2.13/0.1.31/scala-packager_2.13-0.1.31.jar:/Users/admin/Library/Caches/Coursier/v1/https/repo1.maven.org/maven2/org/virtuslab/scala-cli-signing/cli_3/0.2.4/cli_3-0.2.4.jar:/Users/admin/Library/Caches/Coursier/v1/https/repo1.maven.org/maven2/org/slf4j/slf4j-nop/2.0.16/slf4j-nop-2.0.16.jar:/Users/admin/Library/Caches/Coursier/v1/https/repo1.maven.org/maven2/com/softwaremill/sttp/client3/core_2.13/3.10.2/core_2.13-3.10.2.jar:/Users/admin/Library/Caches/Coursier/v1/https/repo1.maven.org/maven2/ch/epfl/scala/scalafix-interfaces/0.14.0/scalafix-interfaces-0.14.0.jar:/Users/admin/Library/Caches/Coursier/v1/https/repo1.maven.org/maven2/org/scala-lang/scala3-library_3/3.3.4/scala3-library_3-3.3.4.jar:/Users/admin/Library/Caches/Coursier/v1/https/repo1.maven.org/maven2/org/virtuslab/scala-cli/build-module_3/1.6.1/build-module_3-1.6.1.jar:/Users/admin/Library/Caches/Coursier/v1/https/repo1.maven.org/maven2/org/virtuslab/scala-cli/config_3/1.6.1/config_3-1.6.1.jar:/Users/admin/Library/Caches/Coursier/v1/https/repo1.maven.org/maven2/org/virtuslab/scala-cli/scala3-graal_3/1.6.1/scala3-graal_3-1.6.1.jar:/Users/admin/Library/Caches/Coursier/v1/https/repo1.maven.org/maven2/org/virtuslab/scala-cli/specification-level_3/1.6.1/specification-level_3-1.6.1.jar:/Users/admin/Library/Caches/Coursier/v1/https/repo1.maven.org/maven2/com/lihaoyi/sourcecode_3/0.4.2/sourcecode_3-0.4.2.jar:/Users/admin/Library/Caches/Coursier/v1/https/repo1.maven.org/maven2/com/github/alexarchambault/case-app-annotations_3/2.1.0-M29/case-app-annotations_3-2.1.0-M29.jar:/Users/admin/Library/Caches/Coursier/v1/https/repo1.maven.org/maven2/com/github/alexarchambault/case-app-util_3/2.1.0-M29/case-app-util_3-2.1.0-M29.jar:/Users/admin/Library/Caches/Coursier/v1/https/repo1.maven.org/maven2/io/github/alexarchambault/scala-cli/tmp/zip-input-stream/0.1.1/zip-input-stream-0.1.1.jar:/Users/admin/Library/Caches/Coursier/v1/https/repo1.maven.org/maven2/org/scala-lang/scala-library/2.13.16/scala-library-2.13.16.jar:/Users/admin/Library/Caches/Coursier/v1/https/repo1.maven.org/maven2/io/get-coursier/coursier-cache_2.13/2.1.24/coursier-cache_2.13-2.1.24.jar:/Users/admin/Library/Caches/Coursier/v1/https/repo1.maven.org/maven2/io/get-coursier/coursier-core_2.13/2.1.24/coursier-core_2.13-2.1.24.jar:/Users/admin/Library/Caches/Coursier/v1/https/repo1.maven.org/maven2/com/google/guava/guava/33.4.0-jre/guava-33.4.0-jre.jar:/Users/admin/Library/Caches/Coursier/v1/https/repo1.maven.org/maven2/net/java/dev/jna/jna/5.13.0/jna-5.13.0.jar:/Users/admin/Library/Caches/Coursier/v1/https/repo1.maven.org/maven2/net/java/dev/jna/jna-platform/5.12.1/jna-platform-5.12.1.jar:/Users/admin/Library/Caches/Coursier/v1/https/repo1.maven.org/maven2/org/scalameta/metaconfig-core_3/0.14.0/metaconfig-core_3-0.14.0.jar:/Users/admin/Library/Caches/Coursier/v1/https/repo1.maven.org/maven2/com/typesafe/config/1.4.3/config-1.4.3.jar:/Users/admin/Library/Caches/Coursier/v1/https/repo1.maven.org/maven2/org/scala-lang/modules/scala-collection-compat_3/2.12.0/scala-collection-compat_3-2.12.0.jar:/Users/admin/Library/Caches/Coursier/v1/https/repo1.maven.org/maven2/commons-io/commons-io/2.18.0/commons-io-2.18.0.jar:/Users/admin/Library/Caches/Coursier/v1/https/repo1.maven.org/maven2/com/google/cloud/tools/jib-core/0.27.2/jib-core-0.27.2.jar:/Users/admin/Library/Caches/Coursier/v1/https/repo1.maven.org/maven2/org/bouncycastle/bcpg-jdk18on/1.78.1/bcpg-jdk18on-1.78.1.jar:/Users/admin/Library/Caches/Coursier/v1/https/repo1.maven.org/maven2/org/virtuslab/scala-cli-signing/shared_3/0.2.4/shared_3-0.2.4.jar:/Users/admin/Library/Caches/Coursier/v1/https/repo1.maven.org/maven2/org/slf4j/slf4j-api/2.0.16/slf4j-api-2.0.16.jar:/Users/admin/Library/Caches/Coursier/v1/https/repo1.maven.org/maven2/com/softwaremill/sttp/model/core_2.13/1.7.11/core_2.13-1.7.11.jar:/Users/admin/Library/Caches/Coursier/v1/https/repo1.maven.org/maven2/com/softwaremill/sttp/shared/core_2.13/1.3.22/core_2.13-1.3.22.jar:/Users/admin/Library/Caches/Coursier/v1/https/repo1.maven.org/maven2/com/softwaremill/sttp/shared/ws_2.13/1.3.22/ws_2.13-1.3.22.jar:/Users/admin/Library/Caches/Coursier/v1/https/repo1.maven.org/maven2/io/get-coursier/interface/1.0.26/interface-1.0.26.jar:/Users/admin/Library/Caches/Coursier/v1/https/repo1.maven.org/maven2/org/ow2/asm/asm/9.7.1/asm-9.7.1.jar:/Users/admin/Library/Caches/Coursier/v1/https/repo1.maven.org/maven2/org/virtuslab/scala-cli/java-class-name/java-class-name_3/0.1.4/java-class-name_3-0.1.4.jar:/Users/admin/Library/Caches/Coursier/v1/https/repo1.maven.org/maven2/org/scalameta/semanticdb-shared_2.13.16/4.9.9/semanticdb-shared_2.13.16-4.9.9.jar:/Users/admin/Library/Caches/Coursier/v1/https/repo1.maven.org/maven2/org/scala-native/test-runner_3/0.5.6/test-runner_3-0.5.6.jar:/Users/admin/Library/Caches/Coursier/v1/https/repo1.maven.org/maven2/com/lihaoyi/os-lib_3/0.11.3/os-lib_3-0.11.3.jar:/Users/admin/Library/Caches/Coursier/v1/https/repo1.maven.org/maven2/com/lihaoyi/pprint_3/0.9.0/pprint_3-0.9.0.jar:/Users/admin/Library/Caches/Coursier/v1/https/repo1.maven.org/maven2/org/scala-js/scalajs-env-nodejs_2.13/1.4.0/scalajs-env-nodejs_2.13-1.4.0.jar:/Users/admin/Library/Caches/Coursier/v1/https/repo1.maven.org/maven2/org/scala-js/scalajs-sbt-test-adapter_2.13/1.18.1/scalajs-sbt-test-adapter_2.13-1.18.1.jar:/Users/admin/Library/Caches/Coursier/v1/https/repo1.maven.org/maven2/com/swoval/file-tree-views/2.1.12/file-tree-views-2.1.12.jar:/Users/admin/Library/Caches/Coursier/v1/https/repo1.maven.org/maven2/org/virtuslab/scala-cli/zip-input-stream/zip-input-stream/0.1.2/zip-input-stream-0.1.2.jar:/Users/admin/Library/Caches/Coursier/v1/https/repo1.maven.org/maven2/org/virtuslab/scala-cli/options_3/1.6.1/options_3-1.6.1.jar:/Users/admin/Library/Caches/Coursier/v1/https/repo1.maven.org/maven2/org/virtuslab/scala-cli/directives_3/1.6.1/directives_3-1.6.1.jar:/Users/admin/Library/Caches/Coursier/v1/https/repo1.maven.org/maven2/org/virtuslab/scala-cli/scala-cli-bsp/1.6.1/scala-cli-bsp-1.6.1.jar:/Users/admin/Library/Caches/Coursier/v1/https/repo1.maven.org/maven2/org/virtuslab/scala-cli/test-runner_3/1.6.1/test-runner_3-1.6.1.jar:/Users/admin/Library/Caches/Coursier/v1/https/repo1.maven.org/maven2/org/virtuslab/scala-cli/tasty-lib_3/1.6.1/tasty-lib_3-1.6.1.jar:/Users/admin/Library/Caches/Coursier/v1/https/repo1.maven.org/maven2/io/github/alexarchambault/is-terminal/0.1.1/is-terminal-0.1.1.jar:/Users/admin/Library/Caches/Coursier/v1/https/repo1.maven.org/maven2/org/codehaus/plexus/plexus-archiver/4.10.0/plexus-archiver-4.10.0.jar:/Users/admin/Library/Caches/Coursier/v1/https/repo1.maven.org/maven2/org/codehaus/plexus/plexus-container-default/2.1.1/plexus-container-default-2.1.1.jar:/Users/admin/Library/Caches/Coursier/v1/https/repo1.maven.org/maven2/io/github/alexarchambault/windows-ansi/windows-ansi/0.0.6/windows-ansi-0.0.6.jar:/Users/admin/Library/Caches/Coursier/v1/https/repo1.maven.org/maven2/io/get-coursier/cache-util/2.1.24/cache-util-2.1.24.jar:/Users/admin/Library/Caches/Coursier/v1/https/repo1.maven.org/maven2/io/get-coursier/coursier-util_2.13/2.1.24/coursier-util_2.13-2.1.24.jar:/Users/admin/Library/Caches/Coursier/v1/https/repo1.maven.org/maven2/io/github/alexarchambault/concurrent-reference-hash-map/1.1.0/concurrent-reference-hash-map-1.1.0.jar:/Users/admin/Library/Caches/Coursier/v1/https/repo1.maven.org/maven2/org/scala-lang/modules/scala-xml_2.13/2.3.0/scala-xml_2.13-2.3.0.jar:/Users/admin/Library/Caches/Coursier/v1/https/repo1.maven.org/maven2/com/google/guava/failureaccess/1.0.2/failureaccess-1.0.2.jar:/Users/admin/Library/Caches/Coursier/v1/https/repo1.maven.org/maven2/com/google/guava/listenablefuture/9999.0-empty-to-avoid-conflict-with-guava/listenablefuture-9999.0-empty-to-avoid-conflict-with-guava.jar:/Users/admin/Library/Caches/Coursier/v1/https/repo1.maven.org/maven2/com/google/code/findbugs/jsr305/3.0.2/jsr305-3.0.2.jar:/Users/admin/Library/Caches/Coursier/v1/https/repo1.maven.org/maven2/org/checkerframework/checker-qual/3.43.0/checker-qual-3.43.0.jar:/Users/admin/Library/Caches/Coursier/v1/https/repo1.maven.org/maven2/com/google/errorprone/error_prone_annotations/2.36.0/error_prone_annotations-2.36.0.jar:/Users/admin/Library/Caches/Coursier/v1/https/repo1.maven.org/maven2/com/google/j2objc/j2objc-annotations/3.0.0/j2objc-annotations-3.0.0.jar:/Users/admin/Library/Caches/Coursier/v1/https/repo1.maven.org/maven2/org/scalameta/metaconfig-pprint_3/0.14.0/metaconfig-pprint_3-0.14.0.jar:/Users/admin/Library/Caches/Coursier/v1/https/repo1.maven.org/maven2/org/typelevel/paiges-core_3/0.4.4/paiges-core_3-0.4.4.jar:/Users/admin/Library/Caches/Coursier/v1/https/repo1.maven.org/maven2/org/scala-lang/scala-reflect/2.13.15/scala-reflect-2.13.15.jar:/Users/admin/Library/Caches/Coursier/v1/https/repo1.maven.org/maven2/com/google/cloud/tools/jib-build-plan/0.4.0/jib-build-plan-0.4.0.jar:/Users/admin/Library/Caches/Coursier/v1/https/repo1.maven.org/maven2/com/google/http-client/google-http-client/1.42.2/google-http-client-1.42.2.jar:/Users/admin/Library/Caches/Coursier/v1/https/repo1.maven.org/maven2/com/google/http-client/google-http-client-apache-v2/1.42.2/google-http-client-apache-v2-1.42.2.jar:/Users/admin/Library/Caches/Coursier/v1/https/repo1.maven.org/maven2/com/google/auth/google-auth-library-oauth2-http/1.10.0/google-auth-library-oauth2-http-1.10.0.jar:/Users/admin/Library/Caches/Coursier/v1/https/repo1.maven.org/maven2/org/apache/commons/commons-compress/1.26.2/commons-compress-1.26.2.jar:/Users/admin/Library/Caches/Coursier/v1/https/repo1.maven.org/maven2/com/fasterxml/jackson/core/jackson-databind/2.15.2/jackson-databind-2.15.2.jar:/Users/admin/Library/Caches/Coursier/v1/https/repo1.maven.org/maven2/com/fasterxml/jackson/datatype/jackson-datatype-jsr310/2.15.2/jackson-datatype-jsr310-2.15.2.jar:/Users/admin/Library/Caches/Coursier/v1/https/repo1.maven.org/maven2/org/bouncycastle/bcprov-jdk18on/1.78.1/bcprov-jdk18on-1.78.1.jar:/Users/admin/Library/Caches/Coursier/v1/https/repo1.maven.org/maven2/org/bouncycastle/bcutil-jdk18on/1.78.1/bcutil-jdk18on-1.78.1.jar:/Users/admin/Library/Caches/Coursier/v1/https/repo1.maven.org/maven2/org/scala-lang/scala3-compiler_3/3.3.4/scala3-compiler_3-3.3.4.jar:/Users/admin/Library/Caches/Coursier/v1/https/repo1.maven.org/maven2/org/scalameta/scalameta_2.13/4.9.9/scalameta_2.13-4.9.9.jar:/Users/admin/Library/Caches/Coursier/v1/https/repo1.maven.org/maven2/com/thesamet/scalapb/scalapb-runtime_2.13/0.11.17/scalapb-runtime_2.13-0.11.17.jar:/Users/admin/Library/Caches/Coursier/v1/https/repo1.maven.org/maven2/org/scala-native/tools_3/0.5.6/tools_3-0.5.6.jar:/Users/admin/Library/Caches/Coursier/v1/https/repo1.maven.org/maven2/org/scala-sbt/test-interface/1.0/test-interface-1.0.jar:/Users/admin/Library/Caches/Coursier/v1/https/repo1.maven.org/maven2/com/github/sbt/junit-interface/0.13.3/junit-interface-0.13.3.jar:/Users/admin/Library/Caches/Coursier/v1/https/repo1.maven.org/maven2/junit/junit/4.13.2/junit-4.13.2.jar:/Users/admin/Library/Caches/Coursier/v1/https/repo1.maven.org/maven2/com/lihaoyi/geny_3/1.1.1/geny_3-1.1.1.jar:/Users/admin/Library/Caches/Coursier/v1/https/repo1.maven.org/maven2/com/lihaoyi/fansi_3/0.5.0/fansi_3-0.5.0.jar:/Users/admin/Library/Caches/Coursier/v1/https/repo1.maven.org/maven2/org/scala-js/scalajs-js-envs_2.13/1.4.0/scalajs-js-envs_2.13-1.4.0.jar:/Users/admin/Library/Caches/Coursier/v1/https/repo1.maven.org/maven2/ch/epfl/scala/bloop-config_2.13/2.3.1/bloop-config_2.13-2.3.1.jar:/Users/admin/Library/Caches/Coursier/v1/https/repo1.maven.org/maven2/org/virtuslab/scala-cli/core_3/1.6.1/core_3-1.6.1.jar:/Users/admin/Library/Caches/Coursier/v1/https/repo1.maven.org/maven2/org/virtuslab/using_directives/1.1.4/using_directives-1.1.4.jar:/Users/admin/Library/Caches/Coursier/v1/https/repo1.maven.org/maven2/org/virtuslab/scala-cli/build-macros_3/1.6.1/build-macros_3-1.6.1.jar:/Users/admin/Library/Caches/Coursier/v1/https/repo1.maven.org/maven2/ch/epfl/scala/bsp4j/2.1.1/bsp4j-2.1.1.jar:/Users/admin/Library/Caches/Coursier/v1/https/repo1.maven.org/maven2/javax/inject/javax.inject/1/javax.inject-1.jar:/Users/admin/Library/Caches/Coursier/v1/https/repo1.maven.org/maven2/org/codehaus/plexus/plexus-utils/4.0.1/plexus-utils-4.0.1.jar:/Users/admin/Library/Caches/Coursier/v1/https/repo1.maven.org/maven2/org/codehaus/plexus/plexus-io/3.5.0/plexus-io-3.5.0.jar:/Users/admin/Library/Caches/Coursier/v1/https/repo1.maven.org/maven2/io/airlift/aircompressor/0.27/aircompressor-0.27.jar:/Users/admin/Library/Caches/Coursier/v1/https/repo1.maven.org/maven2/org/tukaani/xz/1.9/xz-1.9.jar:/Users/admin/Library/Caches/Coursier/v1/https/repo1.maven.org/maven2/com/github/luben/zstd-jni/1.5.6-3/zstd-jni-1.5.6-3.jar:/Users/admin/Library/Caches/Coursier/v1/https/repo1.maven.org/maven2/org/codehaus/plexus/plexus-classworlds/2.6.0/plexus-classworlds-2.6.0.jar:/Users/admin/Library/Caches/Coursier/v1/https/repo1.maven.org/maven2/org/apache/xbean/xbean-reflect/3.7/xbean-reflect-3.7.jar:/Users/admin/Library/Caches/Coursier/v1/https/repo1.maven.org/maven2/org/fusesource/jansi/jansi/2.4.1/jansi-2.4.1.jar:/Users/admin/Library/Caches/Coursier/v1/https/repo1.maven.org/maven2/org/apache/httpcomponents/httpclient/4.5.13/httpclient-4.5.13.jar:/Users/admin/Library/Caches/Coursier/v1/https/repo1.maven.org/maven2/org/apache/httpcomponents/httpcore/4.4.15/httpcore-4.4.15.jar:/Users/admin/Library/Caches/Coursier/v1/https/repo1.maven.org/maven2/io/opencensus/opencensus-api/0.31.1/opencensus-api-0.31.1.jar:/Users/admin/Library/Caches/Coursier/v1/https/repo1.maven.org/maven2/io/opencensus/opencensus-contrib-http-util/0.31.1/opencensus-contrib-http-util-0.31.1.jar:/Users/admin/Library/Caches/Coursier/v1/https/repo1.maven.org/maven2/com/google/auto/value/auto-value-annotations/1.9/auto-value-annotations-1.9.jar:/Users/admin/Library/Caches/Coursier/v1/https/repo1.maven.org/maven2/com/google/auth/google-auth-library-credentials/1.10.0/google-auth-library-credentials-1.10.0.jar:/Users/admin/Library/Caches/Coursier/v1/https/repo1.maven.org/maven2/com/google/http-client/google-http-client-gson/1.42.2/google-http-client-gson-1.42.2.jar:/Users/admin/Library/Caches/Coursier/v1/https/repo1.maven.org/maven2/commons-codec/commons-codec/1.17.0/commons-codec-1.17.0.jar:/Users/admin/Library/Caches/Coursier/v1/https/repo1.maven.org/maven2/org/apache/commons/commons-lang3/3.14.0/commons-lang3-3.14.0.jar:/Users/admin/Library/Caches/Coursier/v1/https/repo1.maven.org/maven2/com/fasterxml/jackson/core/jackson-annotations/2.15.2/jackson-annotations-2.15.2.jar:/Users/admin/Library/Caches/Coursier/v1/https/repo1.maven.org/maven2/com/fasterxml/jackson/core/jackson-core/2.15.2/jackson-core-2.15.2.jar:/Users/admin/Library/Caches/Coursier/v1/https/repo1.maven.org/maven2/org/scala-lang/scala3-interfaces/3.3.4/scala3-interfaces-3.3.4.jar:/Users/admin/Library/Caches/Coursier/v1/https/repo1.maven.org/maven2/org/scala-lang/tasty-core_3/3.3.4/tasty-core_3-3.3.4.jar:/Users/admin/Library/Caches/Coursier/v1/https/repo1.maven.org/maven2/org/scala-lang/modules/scala-asm/9.6.0-scala-1/scala-asm-9.6.0-scala-1.jar:/Users/admin/Library/Caches/Coursier/v1/https/repo1.maven.org/maven2/org/scala-sbt/compiler-interface/1.9.6/compiler-interface-1.9.6.jar:/Users/admin/Library/Caches/Coursier/v1/https/repo1.maven.org/maven2/org/scalameta/parsers_2.13/4.9.9/parsers_2.13-4.9.9.jar:/Users/admin/Library/Caches/Coursier/v1/https/repo1.maven.org/maven2/org/scala-lang/scalap/2.13.11/scalap-2.13.11.jar:/Users/admin/Library/Caches/Coursier/v1/https/repo1.maven.org/maven2/com/thesamet/scalapb/lenses_2.13/0.11.17/lenses_2.13-0.11.17.jar:/Users/admin/Library/Caches/Coursier/v1/https/repo1.maven.org/maven2/com/google/protobuf/protobuf-java/3.19.6/protobuf-java-3.19.6.jar:/Users/admin/Library/Caches/Coursier/v1/https/repo1.maven.org/maven2/org/scala-native/nir_3/0.5.6/nir_3-0.5.6.jar:/Users/admin/Library/Caches/Coursier/v1/https/repo1.maven.org/maven2/org/scala-native/util_3/0.5.6/util_3-0.5.6.jar:/Users/admin/Library/Caches/Coursier/v1/https/repo1.maven.org/maven2/org/hamcrest/hamcrest-core/1.3/hamcrest-core-1.3.jar:/Users/admin/Library/Caches/Coursier/v1/https/repo1.maven.org/maven2/org/scala-js/scalajs-logging_2.13/1.1.1/scalajs-logging_2.13-1.1.1.jar:/Users/admin/Library/Caches/Coursier/v1/https/repo1.maven.org/maven2/com/lihaoyi/unroll-annotation_2.13/0.1.12/unroll-annotation_2.13-0.1.12.jar:/Users/admin/Library/Caches/Coursier/v1/https/repo1.maven.org/maven2/ch/epfl/scala/bloop-rifle_2.13/2.0.8/bloop-rifle_2.13-2.0.8.jar:/Users/admin/Library/Caches/Coursier/v1/https/repo1.maven.org/maven2/io/get-coursier/coursier-jvm_2.13/2.1.24/coursier-jvm_2.13-2.1.24.jar:/Users/admin/Library/Caches/Coursier/v1/https/repo1.maven.org/maven2/io/get-coursier/dependency_3/0.3.2/dependency_3-0.3.2.jar:/Users/admin/Library/Caches/Coursier/v1/https/repo1.maven.org/maven2/org/eclipse/jgit/org.eclipse.jgit/6.8.0.202311291450-r/org.eclipse.jgit-6.8.0.202311291450-r.jar:/Users/admin/Library/Caches/Coursier/v1/https/repo1.maven.org/maven2/org/scala-js/scalajs-env-jsdom-nodejs_2.13/1.1.0/scalajs-env-jsdom-nodejs_2.13-1.1.0.jar:/Users/admin/Library/Caches/Coursier/v1/https/repo1.maven.org/maven2/org/eclipse/lsp4j/org.eclipse.lsp4j.generator/0.20.1/org.eclipse.lsp4j.generator-0.20.1.jar:/Users/admin/Library/Caches/Coursier/v1/https/repo1.maven.org/maven2/org/eclipse/lsp4j/org.eclipse.lsp4j.jsonrpc/0.20.1/org.eclipse.lsp4j.jsonrpc-0.20.1.jar:/Users/admin/Library/Caches/Coursier/v1/https/repo1.maven.org/maven2/commons-logging/commons-logging/1.2/commons-logging-1.2.jar:/Users/admin/Library/Caches/Coursier/v1/https/repo1.maven.org/maven2/io/grpc/grpc-context/1.27.2/grpc-context-1.27.2.jar:/Users/admin/Library/Caches/Coursier/v1/https/repo1.maven.org/maven2/com/google/code/gson/gson/2.10.1/gson-2.10.1.jar:/Users/admin/Library/Caches/Coursier/v1/https/repo1.maven.org/maven2/org/scala-sbt/util-interface/1.9.8/util-interface-1.9.8.jar:/Users/admin/Library/Caches/Coursier/v1/https/repo1.maven.org/maven2/org/scalameta/trees_2.13/4.9.9/trees_2.13-4.9.9.jar:/Users/admin/Library/Caches/Coursier/v1/https/repo1.maven.org/maven2/org/scala-lang/scala-compiler/2.13.11/scala-compiler-2.13.11.jar:/Users/admin/Library/Caches/Coursier/v1/https/repo1.maven.org/maven2/ch/epfl/scala/libdaemon_2.13/0.0.12/libdaemon_2.13-0.0.12.jar:/Users/admin/Library/Caches/Coursier/v1/https/repo1.maven.org/maven2/io/github/alexarchambault/scala-cli/snailgun/snailgun-core_2.13/0.4.1-sc2/snailgun-core_2.13-0.4.1-sc2.jar:/Users/admin/Library/Caches/Coursier/v1/https/repo1.maven.org/maven2/io/get-coursier/coursier_2.13/2.1.24/coursier_2.13-2.1.24.jar:/Users/admin/Library/Caches/Coursier/v1/https/repo1.maven.org/maven2/io/get-coursier/coursier-env_2.13/2.1.24/coursier-env_2.13-2.1.24.jar:/Users/admin/Library/Caches/Coursier/v1/https/repo1.maven.org/maven2/com/googlecode/javaewah/JavaEWAH/1.2.3/JavaEWAH-1.2.3.jar:/Users/admin/Library/Caches/Coursier/v1/https/repo1.maven.org/maven2/org/eclipse/xtend/org.eclipse.xtend.lib/2.28.0/org.eclipse.xtend.lib-2.28.0.jar:/Users/admin/Library/Caches/Coursier/v1/https/repo1.maven.org/maven2/org/scalameta/common_2.13/4.9.9/common_2.13-4.9.9.jar:/Users/admin/Library/Caches/Coursier/v1/https/repo1.maven.org/maven2/io/github/java-diff-utils/java-diff-utils/4.12/java-diff-utils-4.12.jar:/Users/admin/Library/Caches/Coursier/v1/https/repo1.maven.org/maven2/io/get-coursier/dependency_2.13/0.3.2/dependency_2.13-0.3.2.jar:/Users/admin/Library/Caches/Coursier/v1/https/repo1.maven.org/maven2/org/eclipse/xtext/org.eclipse.xtext.xbase.lib/2.28.0/org.eclipse.xtext.xbase.lib-2.28.0.jar:/Users/admin/Library/Caches/Coursier/v1/https/repo1.maven.org/maven2/org/eclipse/xtend/org.eclipse.xtend.lib.macro/2.28.0/org.eclipse.xtend.lib.macro-2.28.0.jar, scala.cli.ScalaCli, bsp, /Users/admin/datastructure)
2025.02.19 10:57:24 INFO  tracing is disabled for protocol BSP, to enable tracing of incoming and outgoing JSON messages create an empty file at /Users/admin/datastructure/.metals/bsp.trace.json or /Users/admin/Library/Caches/org.scalameta.metals/bsp.trace.json
2025.02.19 10:57:25 INFO  Connected to Scala CLI server v1.6.1
2025.02.19 10:57:25 INFO  Shut down connection with build server.
2025.02.19 10:57:26 INFO  Connected to Scala CLI server v1.6.1
2025.02.19 10:57:26 INFO  Shut down connection with build server.
2025.02.19 10:57:43 INFO  Started: Metals version 1.5.1+61-4442b038-SNAPSHOT in folders '/Users/admin/datastructure' for client Visual Studio Code 1.85.1.
2025.02.19 10:57:44 INFO  no build target found for /Users/admin/datastructure/subarraysum/SubArraySum.scala. Using presentation compiler with project's scala-library version: 3.3.5
2025.02.19 10:57:44 INFO  no build target found for /Users/admin/datastructure/subarraysum/SubArraySum.scala. Using presentation compiler with project's scala-library version: 3.3.5
2025.02.19 10:57:44 INFO  no build target found for /Users/admin/datastructure/subarraysum/SubArraySum.scala. Using presentation compiler with project's scala-library version: 3.3.5
2025.02.19 10:57:45 INFO  no build target found for /Users/admin/datastructure/subarraysum/SubArraySum.scala. Using presentation compiler with project's scala-library version: 3.3.5
2025.02.19 10:57:45 WARN  scala-cli >= 0.1.3 not found in PATH, fetching and starting a JVM-based Scala CLI
2025.02.19 10:57:45 INFO  Running List(/Library/Java/JavaVirtualMachines/jdk-19.jdk/Contents/Home/bin/java, -cp, /Users/admin/Library/Caches/Coursier/v1/https/repo1.maven.org/maven2/org/virtuslab/scala-cli/cli_3/1.6.1/cli_3-1.6.1.jar:/Users/admin/Library/Caches/Coursier/v1/https/repo1.maven.org/maven2/com/github/alexarchambault/case-app_3/2.1.0-M29/case-app_3-2.1.0-M29.jar:/Users/admin/Library/Caches/Coursier/v1/https/repo1.maven.org/maven2/io/get-coursier/coursier-launcher_2.13/2.1.24/coursier-launcher_2.13-2.1.24.jar:/Users/admin/Library/Caches/Coursier/v1/https/repo1.maven.org/maven2/io/get-coursier/coursier-proxy-setup/2.1.24/coursier-proxy-setup-2.1.24.jar:/Users/admin/Library/Caches/Coursier/v1/https/repo1.maven.org/maven2/io/get-coursier/publish/publish_2.13/0.2.0/publish_2.13-0.2.0.jar:/Users/admin/Library/Caches/Coursier/v1/https/repo1.maven.org/maven2/com/google/jimfs/jimfs/1.3.0/jimfs-1.3.0.jar:/Users/admin/Library/Caches/Coursier/v1/https/repo1.maven.org/maven2/io/get-coursier/jniutils/windows-jni-utils/0.3.3/windows-jni-utils-0.3.3.jar:/Users/admin/Library/Caches/Coursier/v1/https/repo1.maven.org/maven2/com/github/plokhotnyuk/jsoniter-scala/jsoniter-scala-core_3/2.13.5.2/jsoniter-scala-core_3-2.13.5.2.jar:/Users/admin/Library/Caches/Coursier/v1/https/repo1.maven.org/maven2/org/virtuslab/scala-cli/libsodiumjni/0.0.4/libsodiumjni-0.0.4.jar:/Users/admin/Library/Caches/Coursier/v1/https/repo1.maven.org/maven2/org/scalameta/metaconfig-typesafe-config_3/0.14.0/metaconfig-typesafe-config_3-0.14.0.jar:/Users/admin/Library/Caches/Coursier/v1/https/repo1.maven.org/maven2/ai/kien/python-native-libs_3/0.2.4/python-native-libs_3-0.2.4.jar:/Users/admin/Library/Caches/Coursier/v1/https/repo1.maven.org/maven2/org/virtuslab/scala-packager_2.13/0.1.31/scala-packager_2.13-0.1.31.jar:/Users/admin/Library/Caches/Coursier/v1/https/repo1.maven.org/maven2/org/virtuslab/scala-cli-signing/cli_3/0.2.4/cli_3-0.2.4.jar:/Users/admin/Library/Caches/Coursier/v1/https/repo1.maven.org/maven2/org/slf4j/slf4j-nop/2.0.16/slf4j-nop-2.0.16.jar:/Users/admin/Library/Caches/Coursier/v1/https/repo1.maven.org/maven2/com/softwaremill/sttp/client3/core_2.13/3.10.2/core_2.13-3.10.2.jar:/Users/admin/Library/Caches/Coursier/v1/https/repo1.maven.org/maven2/ch/epfl/scala/scalafix-interfaces/0.14.0/scalafix-interfaces-0.14.0.jar:/Users/admin/Library/Caches/Coursier/v1/https/repo1.maven.org/maven2/org/scala-lang/scala3-library_3/3.3.4/scala3-library_3-3.3.4.jar:/Users/admin/Library/Caches/Coursier/v1/https/repo1.maven.org/maven2/org/virtuslab/scala-cli/build-module_3/1.6.1/build-module_3-1.6.1.jar:/Users/admin/Library/Caches/Coursier/v1/https/repo1.maven.org/maven2/org/virtuslab/scala-cli/config_3/1.6.1/config_3-1.6.1.jar:/Users/admin/Library/Caches/Coursier/v1/https/repo1.maven.org/maven2/org/virtuslab/scala-cli/scala3-graal_3/1.6.1/scala3-graal_3-1.6.1.jar:/Users/admin/Library/Caches/Coursier/v1/https/repo1.maven.org/maven2/org/virtuslab/scala-cli/specification-level_3/1.6.1/specification-level_3-1.6.1.jar:/Users/admin/Library/Caches/Coursier/v1/https/repo1.maven.org/maven2/com/lihaoyi/sourcecode_3/0.4.2/sourcecode_3-0.4.2.jar:/Users/admin/Library/Caches/Coursier/v1/https/repo1.maven.org/maven2/com/github/alexarchambault/case-app-annotations_3/2.1.0-M29/case-app-annotations_3-2.1.0-M29.jar:/Users/admin/Library/Caches/Coursier/v1/https/repo1.maven.org/maven2/com/github/alexarchambault/case-app-util_3/2.1.0-M29/case-app-util_3-2.1.0-M29.jar:/Users/admin/Library/Caches/Coursier/v1/https/repo1.maven.org/maven2/io/github/alexarchambault/scala-cli/tmp/zip-input-stream/0.1.1/zip-input-stream-0.1.1.jar:/Users/admin/Library/Caches/Coursier/v1/https/repo1.maven.org/maven2/org/scala-lang/scala-library/2.13.16/scala-library-2.13.16.jar:/Users/admin/Library/Caches/Coursier/v1/https/repo1.maven.org/maven2/io/get-coursier/coursier-cache_2.13/2.1.24/coursier-cache_2.13-2.1.24.jar:/Users/admin/Library/Caches/Coursier/v1/https/repo1.maven.org/maven2/io/get-coursier/coursier-core_2.13/2.1.24/coursier-core_2.13-2.1.24.jar:/Users/admin/Library/Caches/Coursier/v1/https/repo1.maven.org/maven2/com/google/guava/guava/33.4.0-jre/guava-33.4.0-jre.jar:/Users/admin/Library/Caches/Coursier/v1/https/repo1.maven.org/maven2/net/java/dev/jna/jna/5.13.0/jna-5.13.0.jar:/Users/admin/Library/Caches/Coursier/v1/https/repo1.maven.org/maven2/net/java/dev/jna/jna-platform/5.12.1/jna-platform-5.12.1.jar:/Users/admin/Library/Caches/Coursier/v1/https/repo1.maven.org/maven2/org/scalameta/metaconfig-core_3/0.14.0/metaconfig-core_3-0.14.0.jar:/Users/admin/Library/Caches/Coursier/v1/https/repo1.maven.org/maven2/com/typesafe/config/1.4.3/config-1.4.3.jar:/Users/admin/Library/Caches/Coursier/v1/https/repo1.maven.org/maven2/org/scala-lang/modules/scala-collection-compat_3/2.12.0/scala-collection-compat_3-2.12.0.jar:/Users/admin/Library/Caches/Coursier/v1/https/repo1.maven.org/maven2/commons-io/commons-io/2.18.0/commons-io-2.18.0.jar:/Users/admin/Library/Caches/Coursier/v1/https/repo1.maven.org/maven2/com/google/cloud/tools/jib-core/0.27.2/jib-core-0.27.2.jar:/Users/admin/Library/Caches/Coursier/v1/https/repo1.maven.org/maven2/org/bouncycastle/bcpg-jdk18on/1.78.1/bcpg-jdk18on-1.78.1.jar:/Users/admin/Library/Caches/Coursier/v1/https/repo1.maven.org/maven2/org/virtuslab/scala-cli-signing/shared_3/0.2.4/shared_3-0.2.4.jar:/Users/admin/Library/Caches/Coursier/v1/https/repo1.maven.org/maven2/org/slf4j/slf4j-api/2.0.16/slf4j-api-2.0.16.jar:/Users/admin/Library/Caches/Coursier/v1/https/repo1.maven.org/maven2/com/softwaremill/sttp/model/core_2.13/1.7.11/core_2.13-1.7.11.jar:/Users/admin/Library/Caches/Coursier/v1/https/repo1.maven.org/maven2/com/softwaremill/sttp/shared/core_2.13/1.3.22/core_2.13-1.3.22.jar:/Users/admin/Library/Caches/Coursier/v1/https/repo1.maven.org/maven2/com/softwaremill/sttp/shared/ws_2.13/1.3.22/ws_2.13-1.3.22.jar:/Users/admin/Library/Caches/Coursier/v1/https/repo1.maven.org/maven2/io/get-coursier/interface/1.0.26/interface-1.0.26.jar:/Users/admin/Library/Caches/Coursier/v1/https/repo1.maven.org/maven2/org/ow2/asm/asm/9.7.1/asm-9.7.1.jar:/Users/admin/Library/Caches/Coursier/v1/https/repo1.maven.org/maven2/org/virtuslab/scala-cli/java-class-name/java-class-name_3/0.1.4/java-class-name_3-0.1.4.jar:/Users/admin/Library/Caches/Coursier/v1/https/repo1.maven.org/maven2/org/scalameta/semanticdb-shared_2.13.16/4.9.9/semanticdb-shared_2.13.16-4.9.9.jar:/Users/admin/Library/Caches/Coursier/v1/https/repo1.maven.org/maven2/org/scala-native/test-runner_3/0.5.6/test-runner_3-0.5.6.jar:/Users/admin/Library/Caches/Coursier/v1/https/repo1.maven.org/maven2/com/lihaoyi/os-lib_3/0.11.3/os-lib_3-0.11.3.jar:/Users/admin/Library/Caches/Coursier/v1/https/repo1.maven.org/maven2/com/lihaoyi/pprint_3/0.9.0/pprint_3-0.9.0.jar:/Users/admin/Library/Caches/Coursier/v1/https/repo1.maven.org/maven2/org/scala-js/scalajs-env-nodejs_2.13/1.4.0/scalajs-env-nodejs_2.13-1.4.0.jar:/Users/admin/Library/Caches/Coursier/v1/https/repo1.maven.org/maven2/org/scala-js/scalajs-sbt-test-adapter_2.13/1.18.1/scalajs-sbt-test-adapter_2.13-1.18.1.jar:/Users/admin/Library/Caches/Coursier/v1/https/repo1.maven.org/maven2/com/swoval/file-tree-views/2.1.12/file-tree-views-2.1.12.jar:/Users/admin/Library/Caches/Coursier/v1/https/repo1.maven.org/maven2/org/virtuslab/scala-cli/zip-input-stream/zip-input-stream/0.1.2/zip-input-stream-0.1.2.jar:/Users/admin/Library/Caches/Coursier/v1/https/repo1.maven.org/maven2/org/virtuslab/scala-cli/options_3/1.6.1/options_3-1.6.1.jar:/Users/admin/Library/Caches/Coursier/v1/https/repo1.maven.org/maven2/org/virtuslab/scala-cli/directives_3/1.6.1/directives_3-1.6.1.jar:/Users/admin/Library/Caches/Coursier/v1/https/repo1.maven.org/maven2/org/virtuslab/scala-cli/scala-cli-bsp/1.6.1/scala-cli-bsp-1.6.1.jar:/Users/admin/Library/Caches/Coursier/v1/https/repo1.maven.org/maven2/org/virtuslab/scala-cli/test-runner_3/1.6.1/test-runner_3-1.6.1.jar:/Users/admin/Library/Caches/Coursier/v1/https/repo1.maven.org/maven2/org/virtuslab/scala-cli/tasty-lib_3/1.6.1/tasty-lib_3-1.6.1.jar:/Users/admin/Library/Caches/Coursier/v1/https/repo1.maven.org/maven2/io/github/alexarchambault/is-terminal/0.1.1/is-terminal-0.1.1.jar:/Users/admin/Library/Caches/Coursier/v1/https/repo1.maven.org/maven2/org/codehaus/plexus/plexus-archiver/4.10.0/plexus-archiver-4.10.0.jar:/Users/admin/Library/Caches/Coursier/v1/https/repo1.maven.org/maven2/org/codehaus/plexus/plexus-container-default/2.1.1/plexus-container-default-2.1.1.jar:/Users/admin/Library/Caches/Coursier/v1/https/repo1.maven.org/maven2/io/github/alexarchambault/windows-ansi/windows-ansi/0.0.6/windows-ansi-0.0.6.jar:/Users/admin/Library/Caches/Coursier/v1/https/repo1.maven.org/maven2/io/get-coursier/cache-util/2.1.24/cache-util-2.1.24.jar:/Users/admin/Library/Caches/Coursier/v1/https/repo1.maven.org/maven2/io/get-coursier/coursier-util_2.13/2.1.24/coursier-util_2.13-2.1.24.jar:/Users/admin/Library/Caches/Coursier/v1/https/repo1.maven.org/maven2/io/github/alexarchambault/concurrent-reference-hash-map/1.1.0/concurrent-reference-hash-map-1.1.0.jar:/Users/admin/Library/Caches/Coursier/v1/https/repo1.maven.org/maven2/org/scala-lang/modules/scala-xml_2.13/2.3.0/scala-xml_2.13-2.3.0.jar:/Users/admin/Library/Caches/Coursier/v1/https/repo1.maven.org/maven2/com/google/guava/failureaccess/1.0.2/failureaccess-1.0.2.jar:/Users/admin/Library/Caches/Coursier/v1/https/repo1.maven.org/maven2/com/google/guava/listenablefuture/9999.0-empty-to-avoid-conflict-with-guava/listenablefuture-9999.0-empty-to-avoid-conflict-with-guava.jar:/Users/admin/Library/Caches/Coursier/v1/https/repo1.maven.org/maven2/com/google/code/findbugs/jsr305/3.0.2/jsr305-3.0.2.jar:/Users/admin/Library/Caches/Coursier/v1/https/repo1.maven.org/maven2/org/checkerframework/checker-qual/3.43.0/checker-qual-3.43.0.jar:/Users/admin/Library/Caches/Coursier/v1/https/repo1.maven.org/maven2/com/google/errorprone/error_prone_annotations/2.36.0/error_prone_annotations-2.36.0.jar:/Users/admin/Library/Caches/Coursier/v1/https/repo1.maven.org/maven2/com/google/j2objc/j2objc-annotations/3.0.0/j2objc-annotations-3.0.0.jar:/Users/admin/Library/Caches/Coursier/v1/https/repo1.maven.org/maven2/org/scalameta/metaconfig-pprint_3/0.14.0/metaconfig-pprint_3-0.14.0.jar:/Users/admin/Library/Caches/Coursier/v1/https/repo1.maven.org/maven2/org/typelevel/paiges-core_3/0.4.4/paiges-core_3-0.4.4.jar:/Users/admin/Library/Caches/Coursier/v1/https/repo1.maven.org/maven2/org/scala-lang/scala-reflect/2.13.15/scala-reflect-2.13.15.jar:/Users/admin/Library/Caches/Coursier/v1/https/repo1.maven.org/maven2/com/google/cloud/tools/jib-build-plan/0.4.0/jib-build-plan-0.4.0.jar:/Users/admin/Library/Caches/Coursier/v1/https/repo1.maven.org/maven2/com/google/http-client/google-http-client/1.42.2/google-http-client-1.42.2.jar:/Users/admin/Library/Caches/Coursier/v1/https/repo1.maven.org/maven2/com/google/http-client/google-http-client-apache-v2/1.42.2/google-http-client-apache-v2-1.42.2.jar:/Users/admin/Library/Caches/Coursier/v1/https/repo1.maven.org/maven2/com/google/auth/google-auth-library-oauth2-http/1.10.0/google-auth-library-oauth2-http-1.10.0.jar:/Users/admin/Library/Caches/Coursier/v1/https/repo1.maven.org/maven2/org/apache/commons/commons-compress/1.26.2/commons-compress-1.26.2.jar:/Users/admin/Library/Caches/Coursier/v1/https/repo1.maven.org/maven2/com/fasterxml/jackson/core/jackson-databind/2.15.2/jackson-databind-2.15.2.jar:/Users/admin/Library/Caches/Coursier/v1/https/repo1.maven.org/maven2/com/fasterxml/jackson/datatype/jackson-datatype-jsr310/2.15.2/jackson-datatype-jsr310-2.15.2.jar:/Users/admin/Library/Caches/Coursier/v1/https/repo1.maven.org/maven2/org/bouncycastle/bcprov-jdk18on/1.78.1/bcprov-jdk18on-1.78.1.jar:/Users/admin/Library/Caches/Coursier/v1/https/repo1.maven.org/maven2/org/bouncycastle/bcutil-jdk18on/1.78.1/bcutil-jdk18on-1.78.1.jar:/Users/admin/Library/Caches/Coursier/v1/https/repo1.maven.org/maven2/org/scala-lang/scala3-compiler_3/3.3.4/scala3-compiler_3-3.3.4.jar:/Users/admin/Library/Caches/Coursier/v1/https/repo1.maven.org/maven2/org/scalameta/scalameta_2.13/4.9.9/scalameta_2.13-4.9.9.jar:/Users/admin/Library/Caches/Coursier/v1/https/repo1.maven.org/maven2/com/thesamet/scalapb/scalapb-runtime_2.13/0.11.17/scalapb-runtime_2.13-0.11.17.jar:/Users/admin/Library/Caches/Coursier/v1/https/repo1.maven.org/maven2/org/scala-native/tools_3/0.5.6/tools_3-0.5.6.jar:/Users/admin/Library/Caches/Coursier/v1/https/repo1.maven.org/maven2/org/scala-sbt/test-interface/1.0/test-interface-1.0.jar:/Users/admin/Library/Caches/Coursier/v1/https/repo1.maven.org/maven2/com/github/sbt/junit-interface/0.13.3/junit-interface-0.13.3.jar:/Users/admin/Library/Caches/Coursier/v1/https/repo1.maven.org/maven2/junit/junit/4.13.2/junit-4.13.2.jar:/Users/admin/Library/Caches/Coursier/v1/https/repo1.maven.org/maven2/com/lihaoyi/geny_3/1.1.1/geny_3-1.1.1.jar:/Users/admin/Library/Caches/Coursier/v1/https/repo1.maven.org/maven2/com/lihaoyi/fansi_3/0.5.0/fansi_3-0.5.0.jar:/Users/admin/Library/Caches/Coursier/v1/https/repo1.maven.org/maven2/org/scala-js/scalajs-js-envs_2.13/1.4.0/scalajs-js-envs_2.13-1.4.0.jar:/Users/admin/Library/Caches/Coursier/v1/https/repo1.maven.org/maven2/ch/epfl/scala/bloop-config_2.13/2.3.1/bloop-config_2.13-2.3.1.jar:/Users/admin/Library/Caches/Coursier/v1/https/repo1.maven.org/maven2/org/virtuslab/scala-cli/core_3/1.6.1/core_3-1.6.1.jar:/Users/admin/Library/Caches/Coursier/v1/https/repo1.maven.org/maven2/org/virtuslab/using_directives/1.1.4/using_directives-1.1.4.jar:/Users/admin/Library/Caches/Coursier/v1/https/repo1.maven.org/maven2/org/virtuslab/scala-cli/build-macros_3/1.6.1/build-macros_3-1.6.1.jar:/Users/admin/Library/Caches/Coursier/v1/https/repo1.maven.org/maven2/ch/epfl/scala/bsp4j/2.1.1/bsp4j-2.1.1.jar:/Users/admin/Library/Caches/Coursier/v1/https/repo1.maven.org/maven2/javax/inject/javax.inject/1/javax.inject-1.jar:/Users/admin/Library/Caches/Coursier/v1/https/repo1.maven.org/maven2/org/codehaus/plexus/plexus-utils/4.0.1/plexus-utils-4.0.1.jar:/Users/admin/Library/Caches/Coursier/v1/https/repo1.maven.org/maven2/org/codehaus/plexus/plexus-io/3.5.0/plexus-io-3.5.0.jar:/Users/admin/Library/Caches/Coursier/v1/https/repo1.maven.org/maven2/io/airlift/aircompressor/0.27/aircompressor-0.27.jar:/Users/admin/Library/Caches/Coursier/v1/https/repo1.maven.org/maven2/org/tukaani/xz/1.9/xz-1.9.jar:/Users/admin/Library/Caches/Coursier/v1/https/repo1.maven.org/maven2/com/github/luben/zstd-jni/1.5.6-3/zstd-jni-1.5.6-3.jar:/Users/admin/Library/Caches/Coursier/v1/https/repo1.maven.org/maven2/org/codehaus/plexus/plexus-classworlds/2.6.0/plexus-classworlds-2.6.0.jar:/Users/admin/Library/Caches/Coursier/v1/https/repo1.maven.org/maven2/org/apache/xbean/xbean-reflect/3.7/xbean-reflect-3.7.jar:/Users/admin/Library/Caches/Coursier/v1/https/repo1.maven.org/maven2/org/fusesource/jansi/jansi/2.4.1/jansi-2.4.1.jar:/Users/admin/Library/Caches/Coursier/v1/https/repo1.maven.org/maven2/org/apache/httpcomponents/httpclient/4.5.13/httpclient-4.5.13.jar:/Users/admin/Library/Caches/Coursier/v1/https/repo1.maven.org/maven2/org/apache/httpcomponents/httpcore/4.4.15/httpcore-4.4.15.jar:/Users/admin/Library/Caches/Coursier/v1/https/repo1.maven.org/maven2/io/opencensus/opencensus-api/0.31.1/opencensus-api-0.31.1.jar:/Users/admin/Library/Caches/Coursier/v1/https/repo1.maven.org/maven2/io/opencensus/opencensus-contrib-http-util/0.31.1/opencensus-contrib-http-util-0.31.1.jar:/Users/admin/Library/Caches/Coursier/v1/https/repo1.maven.org/maven2/com/google/auto/value/auto-value-annotations/1.9/auto-value-annotations-1.9.jar:/Users/admin/Library/Caches/Coursier/v1/https/repo1.maven.org/maven2/com/google/auth/google-auth-library-credentials/1.10.0/google-auth-library-credentials-1.10.0.jar:/Users/admin/Library/Caches/Coursier/v1/https/repo1.maven.org/maven2/com/google/http-client/google-http-client-gson/1.42.2/google-http-client-gson-1.42.2.jar:/Users/admin/Library/Caches/Coursier/v1/https/repo1.maven.org/maven2/commons-codec/commons-codec/1.17.0/commons-codec-1.17.0.jar:/Users/admin/Library/Caches/Coursier/v1/https/repo1.maven.org/maven2/org/apache/commons/commons-lang3/3.14.0/commons-lang3-3.14.0.jar:/Users/admin/Library/Caches/Coursier/v1/https/repo1.maven.org/maven2/com/fasterxml/jackson/core/jackson-annotations/2.15.2/jackson-annotations-2.15.2.jar:/Users/admin/Library/Caches/Coursier/v1/https/repo1.maven.org/maven2/com/fasterxml/jackson/core/jackson-core/2.15.2/jackson-core-2.15.2.jar:/Users/admin/Library/Caches/Coursier/v1/https/repo1.maven.org/maven2/org/scala-lang/scala3-interfaces/3.3.4/scala3-interfaces-3.3.4.jar:/Users/admin/Library/Caches/Coursier/v1/https/repo1.maven.org/maven2/org/scala-lang/tasty-core_3/3.3.4/tasty-core_3-3.3.4.jar:/Users/admin/Library/Caches/Coursier/v1/https/repo1.maven.org/maven2/org/scala-lang/modules/scala-asm/9.6.0-scala-1/scala-asm-9.6.0-scala-1.jar:/Users/admin/Library/Caches/Coursier/v1/https/repo1.maven.org/maven2/org/scala-sbt/compiler-interface/1.9.6/compiler-interface-1.9.6.jar:/Users/admin/Library/Caches/Coursier/v1/https/repo1.maven.org/maven2/org/scalameta/parsers_2.13/4.9.9/parsers_2.13-4.9.9.jar:/Users/admin/Library/Caches/Coursier/v1/https/repo1.maven.org/maven2/org/scala-lang/scalap/2.13.11/scalap-2.13.11.jar:/Users/admin/Library/Caches/Coursier/v1/https/repo1.maven.org/maven2/com/thesamet/scalapb/lenses_2.13/0.11.17/lenses_2.13-0.11.17.jar:/Users/admin/Library/Caches/Coursier/v1/https/repo1.maven.org/maven2/com/google/protobuf/protobuf-java/3.19.6/protobuf-java-3.19.6.jar:/Users/admin/Library/Caches/Coursier/v1/https/repo1.maven.org/maven2/org/scala-native/nir_3/0.5.6/nir_3-0.5.6.jar:/Users/admin/Library/Caches/Coursier/v1/https/repo1.maven.org/maven2/org/scala-native/util_3/0.5.6/util_3-0.5.6.jar:/Users/admin/Library/Caches/Coursier/v1/https/repo1.maven.org/maven2/org/hamcrest/hamcrest-core/1.3/hamcrest-core-1.3.jar:/Users/admin/Library/Caches/Coursier/v1/https/repo1.maven.org/maven2/org/scala-js/scalajs-logging_2.13/1.1.1/scalajs-logging_2.13-1.1.1.jar:/Users/admin/Library/Caches/Coursier/v1/https/repo1.maven.org/maven2/com/lihaoyi/unroll-annotation_2.13/0.1.12/unroll-annotation_2.13-0.1.12.jar:/Users/admin/Library/Caches/Coursier/v1/https/repo1.maven.org/maven2/ch/epfl/scala/bloop-rifle_2.13/2.0.8/bloop-rifle_2.13-2.0.8.jar:/Users/admin/Library/Caches/Coursier/v1/https/repo1.maven.org/maven2/io/get-coursier/coursier-jvm_2.13/2.1.24/coursier-jvm_2.13-2.1.24.jar:/Users/admin/Library/Caches/Coursier/v1/https/repo1.maven.org/maven2/io/get-coursier/dependency_3/0.3.2/dependency_3-0.3.2.jar:/Users/admin/Library/Caches/Coursier/v1/https/repo1.maven.org/maven2/org/eclipse/jgit/org.eclipse.jgit/6.8.0.202311291450-r/org.eclipse.jgit-6.8.0.202311291450-r.jar:/Users/admin/Library/Caches/Coursier/v1/https/repo1.maven.org/maven2/org/scala-js/scalajs-env-jsdom-nodejs_2.13/1.1.0/scalajs-env-jsdom-nodejs_2.13-1.1.0.jar:/Users/admin/Library/Caches/Coursier/v1/https/repo1.maven.org/maven2/org/eclipse/lsp4j/org.eclipse.lsp4j.generator/0.20.1/org.eclipse.lsp4j.generator-0.20.1.jar:/Users/admin/Library/Caches/Coursier/v1/https/repo1.maven.org/maven2/org/eclipse/lsp4j/org.eclipse.lsp4j.jsonrpc/0.20.1/org.eclipse.lsp4j.jsonrpc-0.20.1.jar:/Users/admin/Library/Caches/Coursier/v1/https/repo1.maven.org/maven2/commons-logging/commons-logging/1.2/commons-logging-1.2.jar:/Users/admin/Library/Caches/Coursier/v1/https/repo1.maven.org/maven2/io/grpc/grpc-context/1.27.2/grpc-context-1.27.2.jar:/Users/admin/Library/Caches/Coursier/v1/https/repo1.maven.org/maven2/com/google/code/gson/gson/2.10.1/gson-2.10.1.jar:/Users/admin/Library/Caches/Coursier/v1/https/repo1.maven.org/maven2/org/scala-sbt/util-interface/1.9.8/util-interface-1.9.8.jar:/Users/admin/Library/Caches/Coursier/v1/https/repo1.maven.org/maven2/org/scalameta/trees_2.13/4.9.9/trees_2.13-4.9.9.jar:/Users/admin/Library/Caches/Coursier/v1/https/repo1.maven.org/maven2/org/scala-lang/scala-compiler/2.13.11/scala-compiler-2.13.11.jar:/Users/admin/Library/Caches/Coursier/v1/https/repo1.maven.org/maven2/ch/epfl/scala/libdaemon_2.13/0.0.12/libdaemon_2.13-0.0.12.jar:/Users/admin/Library/Caches/Coursier/v1/https/repo1.maven.org/maven2/io/github/alexarchambault/scala-cli/snailgun/snailgun-core_2.13/0.4.1-sc2/snailgun-core_2.13-0.4.1-sc2.jar:/Users/admin/Library/Caches/Coursier/v1/https/repo1.maven.org/maven2/io/get-coursier/coursier_2.13/2.1.24/coursier_2.13-2.1.24.jar:/Users/admin/Library/Caches/Coursier/v1/https/repo1.maven.org/maven2/io/get-coursier/coursier-env_2.13/2.1.24/coursier-env_2.13-2.1.24.jar:/Users/admin/Library/Caches/Coursier/v1/https/repo1.maven.org/maven2/com/googlecode/javaewah/JavaEWAH/1.2.3/JavaEWAH-1.2.3.jar:/Users/admin/Library/Caches/Coursier/v1/https/repo1.maven.org/maven2/org/eclipse/xtend/org.eclipse.xtend.lib/2.28.0/org.eclipse.xtend.lib-2.28.0.jar:/Users/admin/Library/Caches/Coursier/v1/https/repo1.maven.org/maven2/org/scalameta/common_2.13/4.9.9/common_2.13-4.9.9.jar:/Users/admin/Library/Caches/Coursier/v1/https/repo1.maven.org/maven2/io/github/java-diff-utils/java-diff-utils/4.12/java-diff-utils-4.12.jar:/Users/admin/Library/Caches/Coursier/v1/https/repo1.maven.org/maven2/io/get-coursier/dependency_2.13/0.3.2/dependency_2.13-0.3.2.jar:/Users/admin/Library/Caches/Coursier/v1/https/repo1.maven.org/maven2/org/eclipse/xtext/org.eclipse.xtext.xbase.lib/2.28.0/org.eclipse.xtext.xbase.lib-2.28.0.jar:/Users/admin/Library/Caches/Coursier/v1/https/repo1.maven.org/maven2/org/eclipse/xtend/org.eclipse.xtend.lib.macro/2.28.0/org.eclipse.xtend.lib.macro-2.28.0.jar, scala.cli.ScalaCli, bsp, /Users/admin/datastructure)
2025.02.19 10:57:45 INFO  tracing is disabled for protocol BSP, to enable tracing of incoming and outgoing JSON messages create an empty file at /Users/admin/datastructure/.metals/bsp.trace.json or /Users/admin/Library/Caches/org.scalameta.metals/bsp.trace.json
Feb 19, 2025 10:57:47 A.M. org.eclipse.lsp4j.jsonrpc.services.GenericEndpoint notify
INFO: Unsupported notification method: $/setTrace
2025.02.19 10:57:48 INFO  Connected to Scala CLI server v1.6.1
2025.02.19 10:57:48 INFO  compiling datastructure_d5c0a6989e (2 scala sources and 2 java sources)
2025.02.19 10:57:49 INFO  Shutting down server
2025.02.19 10:57:49 INFO  shutting down Metals
2025.02.19 10:57:48 INFO  Shut down connection with build server.
2025.02.19 10:57:49 INFO  Exiting server
2025.02.19 11:00:03 INFO  Started: Metals version 1.5.1+64-506ceb4e-SNAPSHOT in folders '/Users/admin/datastructure' for client Visual Studio Code 1.85.1.
2025.02.19 11:00:03 INFO  no build target found for /Users/admin/datastructure/subarraysum/SubArraySum.scala. Using presentation compiler with project's scala-library version: 3.3.5
2025.02.19 11:00:04 INFO  no build target found for /Users/admin/datastructure/subarraysum/SubArraySum.scala. Using presentation compiler with project's scala-library version: 3.3.5
2025.02.19 11:00:04 WARN  scala-cli >= 0.1.3 not found in PATH, fetching and starting a JVM-based Scala CLI
2025.02.19 11:00:05 INFO  Running List(/Library/Java/JavaVirtualMachines/jdk-19.jdk/Contents/Home/bin/java, -cp, /Users/admin/Library/Caches/Coursier/v1/https/repo1.maven.org/maven2/org/virtuslab/scala-cli/cli_3/1.6.1/cli_3-1.6.1.jar:/Users/admin/Library/Caches/Coursier/v1/https/repo1.maven.org/maven2/com/github/alexarchambault/case-app_3/2.1.0-M29/case-app_3-2.1.0-M29.jar:/Users/admin/Library/Caches/Coursier/v1/https/repo1.maven.org/maven2/io/get-coursier/coursier-launcher_2.13/2.1.24/coursier-launcher_2.13-2.1.24.jar:/Users/admin/Library/Caches/Coursier/v1/https/repo1.maven.org/maven2/io/get-coursier/coursier-proxy-setup/2.1.24/coursier-proxy-setup-2.1.24.jar:/Users/admin/Library/Caches/Coursier/v1/https/repo1.maven.org/maven2/io/get-coursier/publish/publish_2.13/0.2.0/publish_2.13-0.2.0.jar:/Users/admin/Library/Caches/Coursier/v1/https/repo1.maven.org/maven2/com/google/jimfs/jimfs/1.3.0/jimfs-1.3.0.jar:/Users/admin/Library/Caches/Coursier/v1/https/repo1.maven.org/maven2/io/get-coursier/jniutils/windows-jni-utils/0.3.3/windows-jni-utils-0.3.3.jar:/Users/admin/Library/Caches/Coursier/v1/https/repo1.maven.org/maven2/com/github/plokhotnyuk/jsoniter-scala/jsoniter-scala-core_3/2.13.5.2/jsoniter-scala-core_3-2.13.5.2.jar:/Users/admin/Library/Caches/Coursier/v1/https/repo1.maven.org/maven2/org/virtuslab/scala-cli/libsodiumjni/0.0.4/libsodiumjni-0.0.4.jar:/Users/admin/Library/Caches/Coursier/v1/https/repo1.maven.org/maven2/org/scalameta/metaconfig-typesafe-config_3/0.14.0/metaconfig-typesafe-config_3-0.14.0.jar:/Users/admin/Library/Caches/Coursier/v1/https/repo1.maven.org/maven2/ai/kien/python-native-libs_3/0.2.4/python-native-libs_3-0.2.4.jar:/Users/admin/Library/Caches/Coursier/v1/https/repo1.maven.org/maven2/org/virtuslab/scala-packager_2.13/0.1.31/scala-packager_2.13-0.1.31.jar:/Users/admin/Library/Caches/Coursier/v1/https/repo1.maven.org/maven2/org/virtuslab/scala-cli-signing/cli_3/0.2.4/cli_3-0.2.4.jar:/Users/admin/Library/Caches/Coursier/v1/https/repo1.maven.org/maven2/org/slf4j/slf4j-nop/2.0.16/slf4j-nop-2.0.16.jar:/Users/admin/Library/Caches/Coursier/v1/https/repo1.maven.org/maven2/com/softwaremill/sttp/client3/core_2.13/3.10.2/core_2.13-3.10.2.jar:/Users/admin/Library/Caches/Coursier/v1/https/repo1.maven.org/maven2/ch/epfl/scala/scalafix-interfaces/0.14.0/scalafix-interfaces-0.14.0.jar:/Users/admin/Library/Caches/Coursier/v1/https/repo1.maven.org/maven2/org/scala-lang/scala3-library_3/3.3.4/scala3-library_3-3.3.4.jar:/Users/admin/Library/Caches/Coursier/v1/https/repo1.maven.org/maven2/org/virtuslab/scala-cli/build-module_3/1.6.1/build-module_3-1.6.1.jar:/Users/admin/Library/Caches/Coursier/v1/https/repo1.maven.org/maven2/org/virtuslab/scala-cli/config_3/1.6.1/config_3-1.6.1.jar:/Users/admin/Library/Caches/Coursier/v1/https/repo1.maven.org/maven2/org/virtuslab/scala-cli/scala3-graal_3/1.6.1/scala3-graal_3-1.6.1.jar:/Users/admin/Library/Caches/Coursier/v1/https/repo1.maven.org/maven2/org/virtuslab/scala-cli/specification-level_3/1.6.1/specification-level_3-1.6.1.jar:/Users/admin/Library/Caches/Coursier/v1/https/repo1.maven.org/maven2/com/lihaoyi/sourcecode_3/0.4.2/sourcecode_3-0.4.2.jar:/Users/admin/Library/Caches/Coursier/v1/https/repo1.maven.org/maven2/com/github/alexarchambault/case-app-annotations_3/2.1.0-M29/case-app-annotations_3-2.1.0-M29.jar:/Users/admin/Library/Caches/Coursier/v1/https/repo1.maven.org/maven2/com/github/alexarchambault/case-app-util_3/2.1.0-M29/case-app-util_3-2.1.0-M29.jar:/Users/admin/Library/Caches/Coursier/v1/https/repo1.maven.org/maven2/io/github/alexarchambault/scala-cli/tmp/zip-input-stream/0.1.1/zip-input-stream-0.1.1.jar:/Users/admin/Library/Caches/Coursier/v1/https/repo1.maven.org/maven2/org/scala-lang/scala-library/2.13.16/scala-library-2.13.16.jar:/Users/admin/Library/Caches/Coursier/v1/https/repo1.maven.org/maven2/io/get-coursier/coursier-cache_2.13/2.1.24/coursier-cache_2.13-2.1.24.jar:/Users/admin/Library/Caches/Coursier/v1/https/repo1.maven.org/maven2/io/get-coursier/coursier-core_2.13/2.1.24/coursier-core_2.13-2.1.24.jar:/Users/admin/Library/Caches/Coursier/v1/https/repo1.maven.org/maven2/com/google/guava/guava/33.4.0-jre/guava-33.4.0-jre.jar:/Users/admin/Library/Caches/Coursier/v1/https/repo1.maven.org/maven2/net/java/dev/jna/jna/5.13.0/jna-5.13.0.jar:/Users/admin/Library/Caches/Coursier/v1/https/repo1.maven.org/maven2/net/java/dev/jna/jna-platform/5.12.1/jna-platform-5.12.1.jar:/Users/admin/Library/Caches/Coursier/v1/https/repo1.maven.org/maven2/org/scalameta/metaconfig-core_3/0.14.0/metaconfig-core_3-0.14.0.jar:/Users/admin/Library/Caches/Coursier/v1/https/repo1.maven.org/maven2/com/typesafe/config/1.4.3/config-1.4.3.jar:/Users/admin/Library/Caches/Coursier/v1/https/repo1.maven.org/maven2/org/scala-lang/modules/scala-collection-compat_3/2.12.0/scala-collection-compat_3-2.12.0.jar:/Users/admin/Library/Caches/Coursier/v1/https/repo1.maven.org/maven2/commons-io/commons-io/2.18.0/commons-io-2.18.0.jar:/Users/admin/Library/Caches/Coursier/v1/https/repo1.maven.org/maven2/com/google/cloud/tools/jib-core/0.27.2/jib-core-0.27.2.jar:/Users/admin/Library/Caches/Coursier/v1/https/repo1.maven.org/maven2/org/bouncycastle/bcpg-jdk18on/1.78.1/bcpg-jdk18on-1.78.1.jar:/Users/admin/Library/Caches/Coursier/v1/https/repo1.maven.org/maven2/org/virtuslab/scala-cli-signing/shared_3/0.2.4/shared_3-0.2.4.jar:/Users/admin/Library/Caches/Coursier/v1/https/repo1.maven.org/maven2/org/slf4j/slf4j-api/2.0.16/slf4j-api-2.0.16.jar:/Users/admin/Library/Caches/Coursier/v1/https/repo1.maven.org/maven2/com/softwaremill/sttp/model/core_2.13/1.7.11/core_2.13-1.7.11.jar:/Users/admin/Library/Caches/Coursier/v1/https/repo1.maven.org/maven2/com/softwaremill/sttp/shared/core_2.13/1.3.22/core_2.13-1.3.22.jar:/Users/admin/Library/Caches/Coursier/v1/https/repo1.maven.org/maven2/com/softwaremill/sttp/shared/ws_2.13/1.3.22/ws_2.13-1.3.22.jar:/Users/admin/Library/Caches/Coursier/v1/https/repo1.maven.org/maven2/io/get-coursier/interface/1.0.26/interface-1.0.26.jar:/Users/admin/Library/Caches/Coursier/v1/https/repo1.maven.org/maven2/org/ow2/asm/asm/9.7.1/asm-9.7.1.jar:/Users/admin/Library/Caches/Coursier/v1/https/repo1.maven.org/maven2/org/virtuslab/scala-cli/java-class-name/java-class-name_3/0.1.4/java-class-name_3-0.1.4.jar:/Users/admin/Library/Caches/Coursier/v1/https/repo1.maven.org/maven2/org/scalameta/semanticdb-shared_2.13.16/4.9.9/semanticdb-shared_2.13.16-4.9.9.jar:/Users/admin/Library/Caches/Coursier/v1/https/repo1.maven.org/maven2/org/scala-native/test-runner_3/0.5.6/test-runner_3-0.5.6.jar:/Users/admin/Library/Caches/Coursier/v1/https/repo1.maven.org/maven2/com/lihaoyi/os-lib_3/0.11.3/os-lib_3-0.11.3.jar:/Users/admin/Library/Caches/Coursier/v1/https/repo1.maven.org/maven2/com/lihaoyi/pprint_3/0.9.0/pprint_3-0.9.0.jar:/Users/admin/Library/Caches/Coursier/v1/https/repo1.maven.org/maven2/org/scala-js/scalajs-env-nodejs_2.13/1.4.0/scalajs-env-nodejs_2.13-1.4.0.jar:/Users/admin/Library/Caches/Coursier/v1/https/repo1.maven.org/maven2/org/scala-js/scalajs-sbt-test-adapter_2.13/1.18.1/scalajs-sbt-test-adapter_2.13-1.18.1.jar:/Users/admin/Library/Caches/Coursier/v1/https/repo1.maven.org/maven2/com/swoval/file-tree-views/2.1.12/file-tree-views-2.1.12.jar:/Users/admin/Library/Caches/Coursier/v1/https/repo1.maven.org/maven2/org/virtuslab/scala-cli/zip-input-stream/zip-input-stream/0.1.2/zip-input-stream-0.1.2.jar:/Users/admin/Library/Caches/Coursier/v1/https/repo1.maven.org/maven2/org/virtuslab/scala-cli/options_3/1.6.1/options_3-1.6.1.jar:/Users/admin/Library/Caches/Coursier/v1/https/repo1.maven.org/maven2/org/virtuslab/scala-cli/directives_3/1.6.1/directives_3-1.6.1.jar:/Users/admin/Library/Caches/Coursier/v1/https/repo1.maven.org/maven2/org/virtuslab/scala-cli/scala-cli-bsp/1.6.1/scala-cli-bsp-1.6.1.jar:/Users/admin/Library/Caches/Coursier/v1/https/repo1.maven.org/maven2/org/virtuslab/scala-cli/test-runner_3/1.6.1/test-runner_3-1.6.1.jar:/Users/admin/Library/Caches/Coursier/v1/https/repo1.maven.org/maven2/org/virtuslab/scala-cli/tasty-lib_3/1.6.1/tasty-lib_3-1.6.1.jar:/Users/admin/Library/Caches/Coursier/v1/https/repo1.maven.org/maven2/io/github/alexarchambault/is-terminal/0.1.1/is-terminal-0.1.1.jar:/Users/admin/Library/Caches/Coursier/v1/https/repo1.maven.org/maven2/org/codehaus/plexus/plexus-archiver/4.10.0/plexus-archiver-4.10.0.jar:/Users/admin/Library/Caches/Coursier/v1/https/repo1.maven.org/maven2/org/codehaus/plexus/plexus-container-default/2.1.1/plexus-container-default-2.1.1.jar:/Users/admin/Library/Caches/Coursier/v1/https/repo1.maven.org/maven2/io/github/alexarchambault/windows-ansi/windows-ansi/0.0.6/windows-ansi-0.0.6.jar:/Users/admin/Library/Caches/Coursier/v1/https/repo1.maven.org/maven2/io/get-coursier/cache-util/2.1.24/cache-util-2.1.24.jar:/Users/admin/Library/Caches/Coursier/v1/https/repo1.maven.org/maven2/io/get-coursier/coursier-util_2.13/2.1.24/coursier-util_2.13-2.1.24.jar:/Users/admin/Library/Caches/Coursier/v1/https/repo1.maven.org/maven2/io/github/alexarchambault/concurrent-reference-hash-map/1.1.0/concurrent-reference-hash-map-1.1.0.jar:/Users/admin/Library/Caches/Coursier/v1/https/repo1.maven.org/maven2/org/scala-lang/modules/scala-xml_2.13/2.3.0/scala-xml_2.13-2.3.0.jar:/Users/admin/Library/Caches/Coursier/v1/https/repo1.maven.org/maven2/com/google/guava/failureaccess/1.0.2/failureaccess-1.0.2.jar:/Users/admin/Library/Caches/Coursier/v1/https/repo1.maven.org/maven2/com/google/guava/listenablefuture/9999.0-empty-to-avoid-conflict-with-guava/listenablefuture-9999.0-empty-to-avoid-conflict-with-guava.jar:/Users/admin/Library/Caches/Coursier/v1/https/repo1.maven.org/maven2/com/google/code/findbugs/jsr305/3.0.2/jsr305-3.0.2.jar:/Users/admin/Library/Caches/Coursier/v1/https/repo1.maven.org/maven2/org/checkerframework/checker-qual/3.43.0/checker-qual-3.43.0.jar:/Users/admin/Library/Caches/Coursier/v1/https/repo1.maven.org/maven2/com/google/errorprone/error_prone_annotations/2.36.0/error_prone_annotations-2.36.0.jar:/Users/admin/Library/Caches/Coursier/v1/https/repo1.maven.org/maven2/com/google/j2objc/j2objc-annotations/3.0.0/j2objc-annotations-3.0.0.jar:/Users/admin/Library/Caches/Coursier/v1/https/repo1.maven.org/maven2/org/scalameta/metaconfig-pprint_3/0.14.0/metaconfig-pprint_3-0.14.0.jar:/Users/admin/Library/Caches/Coursier/v1/https/repo1.maven.org/maven2/org/typelevel/paiges-core_3/0.4.4/paiges-core_3-0.4.4.jar:/Users/admin/Library/Caches/Coursier/v1/https/repo1.maven.org/maven2/org/scala-lang/scala-reflect/2.13.15/scala-reflect-2.13.15.jar:/Users/admin/Library/Caches/Coursier/v1/https/repo1.maven.org/maven2/com/google/cloud/tools/jib-build-plan/0.4.0/jib-build-plan-0.4.0.jar:/Users/admin/Library/Caches/Coursier/v1/https/repo1.maven.org/maven2/com/google/http-client/google-http-client/1.42.2/google-http-client-1.42.2.jar:/Users/admin/Library/Caches/Coursier/v1/https/repo1.maven.org/maven2/com/google/http-client/google-http-client-apache-v2/1.42.2/google-http-client-apache-v2-1.42.2.jar:/Users/admin/Library/Caches/Coursier/v1/https/repo1.maven.org/maven2/com/google/auth/google-auth-library-oauth2-http/1.10.0/google-auth-library-oauth2-http-1.10.0.jar:/Users/admin/Library/Caches/Coursier/v1/https/repo1.maven.org/maven2/org/apache/commons/commons-compress/1.26.2/commons-compress-1.26.2.jar:/Users/admin/Library/Caches/Coursier/v1/https/repo1.maven.org/maven2/com/fasterxml/jackson/core/jackson-databind/2.15.2/jackson-databind-2.15.2.jar:/Users/admin/Library/Caches/Coursier/v1/https/repo1.maven.org/maven2/com/fasterxml/jackson/datatype/jackson-datatype-jsr310/2.15.2/jackson-datatype-jsr310-2.15.2.jar:/Users/admin/Library/Caches/Coursier/v1/https/repo1.maven.org/maven2/org/bouncycastle/bcprov-jdk18on/1.78.1/bcprov-jdk18on-1.78.1.jar:/Users/admin/Library/Caches/Coursier/v1/https/repo1.maven.org/maven2/org/bouncycastle/bcutil-jdk18on/1.78.1/bcutil-jdk18on-1.78.1.jar:/Users/admin/Library/Caches/Coursier/v1/https/repo1.maven.org/maven2/org/scala-lang/scala3-compiler_3/3.3.4/scala3-compiler_3-3.3.4.jar:/Users/admin/Library/Caches/Coursier/v1/https/repo1.maven.org/maven2/org/scalameta/scalameta_2.13/4.9.9/scalameta_2.13-4.9.9.jar:/Users/admin/Library/Caches/Coursier/v1/https/repo1.maven.org/maven2/com/thesamet/scalapb/scalapb-runtime_2.13/0.11.17/scalapb-runtime_2.13-0.11.17.jar:/Users/admin/Library/Caches/Coursier/v1/https/repo1.maven.org/maven2/org/scala-native/tools_3/0.5.6/tools_3-0.5.6.jar:/Users/admin/Library/Caches/Coursier/v1/https/repo1.maven.org/maven2/org/scala-sbt/test-interface/1.0/test-interface-1.0.jar:/Users/admin/Library/Caches/Coursier/v1/https/repo1.maven.org/maven2/com/github/sbt/junit-interface/0.13.3/junit-interface-0.13.3.jar:/Users/admin/Library/Caches/Coursier/v1/https/repo1.maven.org/maven2/junit/junit/4.13.2/junit-4.13.2.jar:/Users/admin/Library/Caches/Coursier/v1/https/repo1.maven.org/maven2/com/lihaoyi/geny_3/1.1.1/geny_3-1.1.1.jar:/Users/admin/Library/Caches/Coursier/v1/https/repo1.maven.org/maven2/com/lihaoyi/fansi_3/0.5.0/fansi_3-0.5.0.jar:/Users/admin/Library/Caches/Coursier/v1/https/repo1.maven.org/maven2/org/scala-js/scalajs-js-envs_2.13/1.4.0/scalajs-js-envs_2.13-1.4.0.jar:/Users/admin/Library/Caches/Coursier/v1/https/repo1.maven.org/maven2/ch/epfl/scala/bloop-config_2.13/2.3.1/bloop-config_2.13-2.3.1.jar:/Users/admin/Library/Caches/Coursier/v1/https/repo1.maven.org/maven2/org/virtuslab/scala-cli/core_3/1.6.1/core_3-1.6.1.jar:/Users/admin/Library/Caches/Coursier/v1/https/repo1.maven.org/maven2/org/virtuslab/using_directives/1.1.4/using_directives-1.1.4.jar:/Users/admin/Library/Caches/Coursier/v1/https/repo1.maven.org/maven2/org/virtuslab/scala-cli/build-macros_3/1.6.1/build-macros_3-1.6.1.jar:/Users/admin/Library/Caches/Coursier/v1/https/repo1.maven.org/maven2/ch/epfl/scala/bsp4j/2.1.1/bsp4j-2.1.1.jar:/Users/admin/Library/Caches/Coursier/v1/https/repo1.maven.org/maven2/javax/inject/javax.inject/1/javax.inject-1.jar:/Users/admin/Library/Caches/Coursier/v1/https/repo1.maven.org/maven2/org/codehaus/plexus/plexus-utils/4.0.1/plexus-utils-4.0.1.jar:/Users/admin/Library/Caches/Coursier/v1/https/repo1.maven.org/maven2/org/codehaus/plexus/plexus-io/3.5.0/plexus-io-3.5.0.jar:/Users/admin/Library/Caches/Coursier/v1/https/repo1.maven.org/maven2/io/airlift/aircompressor/0.27/aircompressor-0.27.jar:/Users/admin/Library/Caches/Coursier/v1/https/repo1.maven.org/maven2/org/tukaani/xz/1.9/xz-1.9.jar:/Users/admin/Library/Caches/Coursier/v1/https/repo1.maven.org/maven2/com/github/luben/zstd-jni/1.5.6-3/zstd-jni-1.5.6-3.jar:/Users/admin/Library/Caches/Coursier/v1/https/repo1.maven.org/maven2/org/codehaus/plexus/plexus-classworlds/2.6.0/plexus-classworlds-2.6.0.jar:/Users/admin/Library/Caches/Coursier/v1/https/repo1.maven.org/maven2/org/apache/xbean/xbean-reflect/3.7/xbean-reflect-3.7.jar:/Users/admin/Library/Caches/Coursier/v1/https/repo1.maven.org/maven2/org/fusesource/jansi/jansi/2.4.1/jansi-2.4.1.jar:/Users/admin/Library/Caches/Coursier/v1/https/repo1.maven.org/maven2/org/apache/httpcomponents/httpclient/4.5.13/httpclient-4.5.13.jar:/Users/admin/Library/Caches/Coursier/v1/https/repo1.maven.org/maven2/org/apache/httpcomponents/httpcore/4.4.15/httpcore-4.4.15.jar:/Users/admin/Library/Caches/Coursier/v1/https/repo1.maven.org/maven2/io/opencensus/opencensus-api/0.31.1/opencensus-api-0.31.1.jar:/Users/admin/Library/Caches/Coursier/v1/https/repo1.maven.org/maven2/io/opencensus/opencensus-contrib-http-util/0.31.1/opencensus-contrib-http-util-0.31.1.jar:/Users/admin/Library/Caches/Coursier/v1/https/repo1.maven.org/maven2/com/google/auto/value/auto-value-annotations/1.9/auto-value-annotations-1.9.jar:/Users/admin/Library/Caches/Coursier/v1/https/repo1.maven.org/maven2/com/google/auth/google-auth-library-credentials/1.10.0/google-auth-library-credentials-1.10.0.jar:/Users/admin/Library/Caches/Coursier/v1/https/repo1.maven.org/maven2/com/google/http-client/google-http-client-gson/1.42.2/google-http-client-gson-1.42.2.jar:/Users/admin/Library/Caches/Coursier/v1/https/repo1.maven.org/maven2/commons-codec/commons-codec/1.17.0/commons-codec-1.17.0.jar:/Users/admin/Library/Caches/Coursier/v1/https/repo1.maven.org/maven2/org/apache/commons/commons-lang3/3.14.0/commons-lang3-3.14.0.jar:/Users/admin/Library/Caches/Coursier/v1/https/repo1.maven.org/maven2/com/fasterxml/jackson/core/jackson-annotations/2.15.2/jackson-annotations-2.15.2.jar:/Users/admin/Library/Caches/Coursier/v1/https/repo1.maven.org/maven2/com/fasterxml/jackson/core/jackson-core/2.15.2/jackson-core-2.15.2.jar:/Users/admin/Library/Caches/Coursier/v1/https/repo1.maven.org/maven2/org/scala-lang/scala3-interfaces/3.3.4/scala3-interfaces-3.3.4.jar:/Users/admin/Library/Caches/Coursier/v1/https/repo1.maven.org/maven2/org/scala-lang/tasty-core_3/3.3.4/tasty-core_3-3.3.4.jar:/Users/admin/Library/Caches/Coursier/v1/https/repo1.maven.org/maven2/org/scala-lang/modules/scala-asm/9.6.0-scala-1/scala-asm-9.6.0-scala-1.jar:/Users/admin/Library/Caches/Coursier/v1/https/repo1.maven.org/maven2/org/scala-sbt/compiler-interface/1.9.6/compiler-interface-1.9.6.jar:/Users/admin/Library/Caches/Coursier/v1/https/repo1.maven.org/maven2/org/scalameta/parsers_2.13/4.9.9/parsers_2.13-4.9.9.jar:/Users/admin/Library/Caches/Coursier/v1/https/repo1.maven.org/maven2/org/scala-lang/scalap/2.13.11/scalap-2.13.11.jar:/Users/admin/Library/Caches/Coursier/v1/https/repo1.maven.org/maven2/com/thesamet/scalapb/lenses_2.13/0.11.17/lenses_2.13-0.11.17.jar:/Users/admin/Library/Caches/Coursier/v1/https/repo1.maven.org/maven2/com/google/protobuf/protobuf-java/3.19.6/protobuf-java-3.19.6.jar:/Users/admin/Library/Caches/Coursier/v1/https/repo1.maven.org/maven2/org/scala-native/nir_3/0.5.6/nir_3-0.5.6.jar:/Users/admin/Library/Caches/Coursier/v1/https/repo1.maven.org/maven2/org/scala-native/util_3/0.5.6/util_3-0.5.6.jar:/Users/admin/Library/Caches/Coursier/v1/https/repo1.maven.org/maven2/org/hamcrest/hamcrest-core/1.3/hamcrest-core-1.3.jar:/Users/admin/Library/Caches/Coursier/v1/https/repo1.maven.org/maven2/org/scala-js/scalajs-logging_2.13/1.1.1/scalajs-logging_2.13-1.1.1.jar:/Users/admin/Library/Caches/Coursier/v1/https/repo1.maven.org/maven2/com/lihaoyi/unroll-annotation_2.13/0.1.12/unroll-annotation_2.13-0.1.12.jar:/Users/admin/Library/Caches/Coursier/v1/https/repo1.maven.org/maven2/ch/epfl/scala/bloop-rifle_2.13/2.0.8/bloop-rifle_2.13-2.0.8.jar:/Users/admin/Library/Caches/Coursier/v1/https/repo1.maven.org/maven2/io/get-coursier/coursier-jvm_2.13/2.1.24/coursier-jvm_2.13-2.1.24.jar:/Users/admin/Library/Caches/Coursier/v1/https/repo1.maven.org/maven2/io/get-coursier/dependency_3/0.3.2/dependency_3-0.3.2.jar:/Users/admin/Library/Caches/Coursier/v1/https/repo1.maven.org/maven2/org/eclipse/jgit/org.eclipse.jgit/6.8.0.202311291450-r/org.eclipse.jgit-6.8.0.202311291450-r.jar:/Users/admin/Library/Caches/Coursier/v1/https/repo1.maven.org/maven2/org/scala-js/scalajs-env-jsdom-nodejs_2.13/1.1.0/scalajs-env-jsdom-nodejs_2.13-1.1.0.jar:/Users/admin/Library/Caches/Coursier/v1/https/repo1.maven.org/maven2/org/eclipse/lsp4j/org.eclipse.lsp4j.generator/0.20.1/org.eclipse.lsp4j.generator-0.20.1.jar:/Users/admin/Library/Caches/Coursier/v1/https/repo1.maven.org/maven2/org/eclipse/lsp4j/org.eclipse.lsp4j.jsonrpc/0.20.1/org.eclipse.lsp4j.jsonrpc-0.20.1.jar:/Users/admin/Library/Caches/Coursier/v1/https/repo1.maven.org/maven2/commons-logging/commons-logging/1.2/commons-logging-1.2.jar:/Users/admin/Library/Caches/Coursier/v1/https/repo1.maven.org/maven2/io/grpc/grpc-context/1.27.2/grpc-context-1.27.2.jar:/Users/admin/Library/Caches/Coursier/v1/https/repo1.maven.org/maven2/com/google/code/gson/gson/2.10.1/gson-2.10.1.jar:/Users/admin/Library/Caches/Coursier/v1/https/repo1.maven.org/maven2/org/scala-sbt/util-interface/1.9.8/util-interface-1.9.8.jar:/Users/admin/Library/Caches/Coursier/v1/https/repo1.maven.org/maven2/org/scalameta/trees_2.13/4.9.9/trees_2.13-4.9.9.jar:/Users/admin/Library/Caches/Coursier/v1/https/repo1.maven.org/maven2/org/scala-lang/scala-compiler/2.13.11/scala-compiler-2.13.11.jar:/Users/admin/Library/Caches/Coursier/v1/https/repo1.maven.org/maven2/ch/epfl/scala/libdaemon_2.13/0.0.12/libdaemon_2.13-0.0.12.jar:/Users/admin/Library/Caches/Coursier/v1/https/repo1.maven.org/maven2/io/github/alexarchambault/scala-cli/snailgun/snailgun-core_2.13/0.4.1-sc2/snailgun-core_2.13-0.4.1-sc2.jar:/Users/admin/Library/Caches/Coursier/v1/https/repo1.maven.org/maven2/io/get-coursier/coursier_2.13/2.1.24/coursier_2.13-2.1.24.jar:/Users/admin/Library/Caches/Coursier/v1/https/repo1.maven.org/maven2/io/get-coursier/coursier-env_2.13/2.1.24/coursier-env_2.13-2.1.24.jar:/Users/admin/Library/Caches/Coursier/v1/https/repo1.maven.org/maven2/com/googlecode/javaewah/JavaEWAH/1.2.3/JavaEWAH-1.2.3.jar:/Users/admin/Library/Caches/Coursier/v1/https/repo1.maven.org/maven2/org/eclipse/xtend/org.eclipse.xtend.lib/2.28.0/org.eclipse.xtend.lib-2.28.0.jar:/Users/admin/Library/Caches/Coursier/v1/https/repo1.maven.org/maven2/org/scalameta/common_2.13/4.9.9/common_2.13-4.9.9.jar:/Users/admin/Library/Caches/Coursier/v1/https/repo1.maven.org/maven2/io/github/java-diff-utils/java-diff-utils/4.12/java-diff-utils-4.12.jar:/Users/admin/Library/Caches/Coursier/v1/https/repo1.maven.org/maven2/io/get-coursier/dependency_2.13/0.3.2/dependency_2.13-0.3.2.jar:/Users/admin/Library/Caches/Coursier/v1/https/repo1.maven.org/maven2/org/eclipse/xtext/org.eclipse.xtext.xbase.lib/2.28.0/org.eclipse.xtext.xbase.lib-2.28.0.jar:/Users/admin/Library/Caches/Coursier/v1/https/repo1.maven.org/maven2/org/eclipse/xtend/org.eclipse.xtend.lib.macro/2.28.0/org.eclipse.xtend.lib.macro-2.28.0.jar, scala.cli.ScalaCli, bsp, /Users/admin/datastructure)
2025.02.19 11:00:04 INFO  tracing is disabled for protocol BSP, to enable tracing of incoming and outgoing JSON messages create an empty file at /Users/admin/datastructure/.metals/bsp.trace.json or /Users/admin/Library/Caches/org.scalameta.metals/bsp.trace.json
2025.02.19 11:00:08 INFO  Connected to Scala CLI server v1.6.1
2025.02.19 11:00:08 INFO  compiling datastructure_d5c0a6989e (2 scala sources and 2 java sources)
2025.02.19 11:00:08 INFO  time: compiled datastructure_d5c0a6989e in 0.26s
2025.02.19 11:00:08 INFO  compiling datastructure_d5c0a6989e (2 scala sources and 2 java sources)
2025.02.19 11:00:08 INFO  time: compiled datastructure_d5c0a6989e in 0.17s
2025.02.19 11:00:10 INFO  time: indexed workspace in 2.26s
2025.02.19 11:00:11 INFO  compiling datastructure_d5c0a6989e (2 scala sources and 2 java sources)
2025.02.19 11:00:11 INFO  time: compiled datastructure_d5c0a6989e in 0.18s
2025.02.19 11:00:11 INFO  Scala CLI started for /Users/admin/datastructure
2025.02.19 11:00:11 WARN  no build tool detected in workspace '/Users/admin/datastructure'. The most common cause for this problem is that the editor was opened in the wrong working directory, for example if you use sbt then the workspace directory should contain build.sbt. 
2025.02.19 11:00:11 WARN  Build server is not auto-connectable.
2025.02.19 11:00:17 INFO  compiling datastructure_d5c0a6989e (2 scala sources and 2 java sources)
2025.02.19 11:00:17 INFO  time: compiled datastructure_d5c0a6989e in 0.14s
2025.02.19 11:02:05 INFO  compiling datastructure_d5c0a6989e (2 scala sources and 2 java sources)
2025.02.19 11:02:05 INFO  time: compiled datastructure_d5c0a6989e in 0.18s
Feb 19, 2025 11:02:05 A.M. scala.meta.internal.metals.StdReporter $anonfun$create$1
SEVERE: empty definition using pc, found symbol in pc: `<none>`. (full report at: /Users/admin/datastructure/.metals/.reports/metals-full/2025-02-18/r_empty-definition_(datastructure_d5c0a6989e)_21-39-39-741.md)
2025.02.19 11:02:11 INFO  compiling datastructure_d5c0a6989e (2 scala sources and 2 java sources)
2025.02.19 11:02:11 INFO  time: compiled datastructure_d5c0a6989e in 0.14s
2025.02.19 11:02:46 INFO  compiling datastructure_d5c0a6989e (2 scala sources and 2 java sources)
2025.02.19 11:02:46 INFO  time: compiled datastructure_d5c0a6989e in 0.1s
2025.02.19 11:03:05 INFO  compiling datastructure_d5c0a6989e (2 scala sources and 2 java sources)
2025.02.19 11:03:05 INFO  time: compiled datastructure_d5c0a6989e in 0.1s
2025.02.19 11:03:41 INFO  compiling datastructure_d5c0a6989e (2 scala sources and 2 java sources)
2025.02.19 11:03:41 INFO  time: compiled datastructure_d5c0a6989e in 0.3s
2025.02.19 11:03:50 INFO  compiling datastructure_d5c0a6989e (2 scala sources and 2 java sources)
2025.02.19 11:03:50 INFO  time: compiled datastructure_d5c0a6989e in 0.1s
Feb 19, 2025 11:04:08 A.M. org.eclipse.lsp4j.jsonrpc.services.GenericEndpoint notify
WARNING: Unsupported notification method: metals/windowStateDidChange
Feb 19, 2025 11:04:10 A.M. org.eclipse.lsp4j.jsonrpc.services.GenericEndpoint notify
WARNING: Unsupported notification method: metals/windowStateDidChange
2025.02.19 11:04:32 INFO  compiling datastructure_d5c0a6989e (2 scala sources and 2 java sources)
2025.02.19 11:04:32 INFO  time: compiled datastructure_d5c0a6989e in 0.11s
2025.02.19 11:04:58 INFO  compiling datastructure_d5c0a6989e (2 scala sources and 2 java sources)
2025.02.19 11:04:58 INFO  time: compiled datastructure_d5c0a6989e in 0.11s
2025.02.19 11:05:00 INFO  compiling datastructure_d5c0a6989e (2 scala sources and 2 java sources)
2025.02.19 11:05:00 INFO  time: compiled datastructure_d5c0a6989e in 0.12s
2025.02.19 11:05:58 INFO  compiling datastructure_d5c0a6989e (2 scala sources and 2 java sources)
2025.02.19 11:05:58 INFO  time: compiled datastructure_d5c0a6989e in 0.11s
2025.02.19 11:06:09 INFO  compiling datastructure_d5c0a6989e (2 scala sources and 2 java sources)
2025.02.19 11:06:09 INFO  time: compiled datastructure_d5c0a6989e in 0.1s
Feb 19, 2025 11:06:13 A.M. org.eclipse.lsp4j.jsonrpc.services.GenericEndpoint notify
WARNING: Unsupported notification method: metals/windowStateDidChange
Feb 19, 2025 11:08:29 A.M. org.eclipse.lsp4j.jsonrpc.services.GenericEndpoint notify
WARNING: Unsupported notification method: metals/windowStateDidChange
Feb 19, 2025 11:08:45 A.M. org.eclipse.lsp4j.jsonrpc.services.GenericEndpoint notify
WARNING: Unsupported notification method: metals/windowStateDidChange
Feb 19, 2025 11:16:36 A.M. org.eclipse.lsp4j.jsonrpc.services.GenericEndpoint notify
WARNING: Unsupported notification method: metals/windowStateDidChange
2025.02.19 11:20:33 INFO  compiling datastructure_d5c0a6989e (2 scala sources and 2 java sources)
2025.02.19 11:20:33 INFO  time: compiled datastructure_d5c0a6989e in 0.13s
2025.02.19 11:20:33 INFO  compiling datastructure_d5c0a6989e (2 scala sources and 2 java sources)
2025.02.19 11:20:33 INFO  time: compiled datastructure_d5c0a6989e in 90ms
Feb 19, 2025 11:21:10 A.M. org.eclipse.lsp4j.jsonrpc.services.GenericEndpoint notify
WARNING: Unsupported notification method: metals/windowStateDidChange
Feb 19, 2025 11:21:41 A.M. org.eclipse.lsp4j.jsonrpc.services.GenericEndpoint notify
WARNING: Unsupported notification method: metals/windowStateDidChange
Feb 19, 2025 11:21:47 A.M. org.eclipse.lsp4j.jsonrpc.services.GenericEndpoint notify
WARNING: Unsupported notification method: metals/windowStateDidChange
Feb 19, 2025 11:22:36 A.M. org.eclipse.lsp4j.jsonrpc.services.GenericEndpoint notify
WARNING: Unsupported notification method: metals/windowStateDidChange
2025.02.19 11:22:48 INFO  compiling datastructure_d5c0a6989e (2 scala sources and 2 java sources)
2025.02.19 11:22:48 INFO  time: compiled datastructure_d5c0a6989e in 0.12s
Feb 19, 2025 11:23:13 A.M. org.eclipse.lsp4j.jsonrpc.RemoteEndpoint handleCancellation
WARNING: Unmatched cancel notification for request id 833
2025.02.19 11:23:15 INFO  compiling datastructure_d5c0a6989e (2 scala sources and 2 java sources)
2025.02.19 11:23:15 INFO  time: compiled datastructure_d5c0a6989e in 0.1s
2025.02.19 11:23:23 INFO  compiling datastructure_d5c0a6989e (2 scala sources and 2 java sources)
2025.02.19 11:23:23 INFO  time: compiled datastructure_d5c0a6989e in 0.11s
Feb 19, 2025 11:23:47 A.M. org.eclipse.lsp4j.jsonrpc.services.GenericEndpoint notify
WARNING: Unsupported notification method: metals/windowStateDidChange
Feb 19, 2025 11:24:24 A.M. org.eclipse.lsp4j.jsonrpc.services.GenericEndpoint notify
WARNING: Unsupported notification method: metals/windowStateDidChange
Feb 19, 2025 11:24:25 A.M. org.eclipse.lsp4j.jsonrpc.services.GenericEndpoint notify
WARNING: Unsupported notification method: metals/windowStateDidChange
Feb 19, 2025 11:24:32 A.M. org.eclipse.lsp4j.jsonrpc.services.GenericEndpoint notify
WARNING: Unsupported notification method: metals/windowStateDidChange
2025.02.19 11:24:37 INFO  compiling datastructure_d5c0a6989e (2 scala sources and 2 java sources)
2025.02.19 11:24:37 INFO  time: compiled datastructure_d5c0a6989e in 0.25s
Feb 19, 2025 11:24:48 A.M. org.eclipse.lsp4j.jsonrpc.services.GenericEndpoint notify
WARNING: Unsupported notification method: metals/windowStateDidChange
Feb 19, 2025 11:24:51 A.M. org.eclipse.lsp4j.jsonrpc.services.GenericEndpoint notify
WARNING: Unsupported notification method: metals/windowStateDidChange
2025.02.19 11:24:54 INFO  compiling datastructure_d5c0a6989e (2 scala sources and 2 java sources)
2025.02.19 11:24:54 INFO  time: compiled datastructure_d5c0a6989e in 0.11s
Feb 19, 2025 11:24:54 A.M. org.eclipse.lsp4j.jsonrpc.services.GenericEndpoint notify
WARNING: Unsupported notification method: metals/windowStateDidChange
Feb 19, 2025 11:25:19 A.M. org.eclipse.lsp4j.jsonrpc.services.GenericEndpoint notify
WARNING: Unsupported notification method: metals/windowStateDidChange
2025.02.19 11:25:25 INFO  compiling datastructure_d5c0a6989e (2 scala sources and 2 java sources)
2025.02.19 11:25:25 INFO  time: compiled datastructure_d5c0a6989e in 0.13s
Feb 19, 2025 11:25:31 A.M. scala.meta.internal.metals.StdReporter $anonfun$create$1
SEVERE: empty definition using pc, found symbol in pc: `<none>`. (full report at: /Users/admin/datastructure/.metals/.reports/metals-full/2025-02-18/r_empty-definition_(datastructure_d5c0a6989e)_21-39-39-741.md)
Feb 19, 2025 11:25:31 A.M. org.eclipse.lsp4j.jsonrpc.services.GenericEndpoint notify
WARNING: Unsupported notification method: metals/windowStateDidChange
Feb 19, 2025 11:25:43 A.M. org.eclipse.lsp4j.jsonrpc.services.GenericEndpoint notify
WARNING: Unsupported notification method: metals/windowStateDidChange
2025.02.19 11:25:47 INFO  compiling datastructure_d5c0a6989e (2 scala sources and 2 java sources)
2025.02.19 11:25:47 INFO  time: compiled datastructure_d5c0a6989e in 0.1s
2025.02.19 11:26:09 INFO  compiling datastructure_d5c0a6989e (2 scala sources and 2 java sources)
2025.02.19 11:26:09 INFO  time: compiled datastructure_d5c0a6989e in 85ms
2025.02.19 11:26:56 INFO  compiling datastructure_d5c0a6989e (2 scala sources and 2 java sources)
2025.02.19 11:26:56 INFO  time: compiled datastructure_d5c0a6989e in 0.11s
2025.02.19 11:27:08 INFO  compiling datastructure_d5c0a6989e (2 scala sources and 2 java sources)
2025.02.19 11:27:08 INFO  time: compiled datastructure_d5c0a6989e in 87ms
2025.02.19 11:27:12 INFO  compiling datastructure_d5c0a6989e (2 scala sources and 2 java sources)
2025.02.19 11:27:12 INFO  time: compiled datastructure_d5c0a6989e in 82ms
2025.02.19 11:27:23 INFO  compiling datastructure_d5c0a6989e (2 scala sources and 2 java sources)
2025.02.19 11:27:23 INFO  time: compiled datastructure_d5c0a6989e in 99ms
2025.02.19 11:27:30 INFO  compiling datastructure_d5c0a6989e (2 scala sources and 2 java sources)
2025.02.19 11:27:30 INFO  time: compiled datastructure_d5c0a6989e in 0.1s
2025.02.19 11:27:35 INFO  compiling datastructure_d5c0a6989e (2 scala sources and 2 java sources)
2025.02.19 11:27:35 INFO  time: compiled datastructure_d5c0a6989e in 93ms
2025.02.19 11:27:46 INFO  compiling datastructure_d5c0a6989e (2 scala sources and 2 java sources)
2025.02.19 11:27:46 INFO  time: compiled datastructure_d5c0a6989e in 0.29s
2025.02.19 11:27:55 INFO  compiling datastructure_d5c0a6989e (2 scala sources and 2 java sources)
2025.02.19 11:27:55 INFO  time: compiled datastructure_d5c0a6989e in 80ms
Feb 19, 2025 11:28:05 A.M. org.eclipse.lsp4j.jsonrpc.RemoteEndpoint handleCancellation
WARNING: Unmatched cancel notification for request id 1436
2025.02.19 11:28:12 INFO  compiling datastructure_d5c0a6989e (2 scala sources and 2 java sources)
2025.02.19 11:28:12 INFO  time: compiled datastructure_d5c0a6989e in 92ms
2025.02.19 11:28:19 INFO  compiling datastructure_d5c0a6989e (2 scala sources and 2 java sources)
2025.02.19 11:28:19 INFO  time: compiled datastructure_d5c0a6989e in 81ms
Feb 19, 2025 11:29:19 A.M. org.eclipse.lsp4j.jsonrpc.services.GenericEndpoint notify
WARNING: Unsupported notification method: metals/windowStateDidChange
Feb 19, 2025 11:31:23 A.M. org.eclipse.lsp4j.jsonrpc.services.GenericEndpoint notify
WARNING: Unsupported notification method: metals/windowStateDidChange
Feb 19, 2025 11:37:24 A.M. org.eclipse.lsp4j.jsonrpc.services.GenericEndpoint notify
WARNING: Unsupported notification method: metals/windowStateDidChange
Feb 19, 2025 11:37:26 A.M. org.eclipse.lsp4j.jsonrpc.services.GenericEndpoint notify
WARNING: Unsupported notification method: metals/windowStateDidChange
Feb 19, 2025 11:38:32 A.M. org.eclipse.lsp4j.jsonrpc.services.GenericEndpoint notify
WARNING: Unsupported notification method: metals/windowStateDidChange
Feb 19, 2025 11:38:34 A.M. org.eclipse.lsp4j.jsonrpc.services.GenericEndpoint notify
WARNING: Unsupported notification method: metals/windowStateDidChange
2025.02.19 11:38:41 INFO  compiling datastructure_d5c0a6989e (2 scala sources and 2 java sources)
2025.02.19 11:38:41 INFO  time: compiled datastructure_d5c0a6989e in 0.12s
Feb 19, 2025 11:38:44 A.M. org.eclipse.lsp4j.jsonrpc.RemoteEndpoint handleCancellation
WARNING: Unmatched cancel notification for request id 1565
2025.02.19 11:38:46 INFO  compiling datastructure_d5c0a6989e (2 scala sources and 2 java sources)
2025.02.19 11:38:46 INFO  time: compiled datastructure_d5c0a6989e in 88ms
2025.02.19 11:39:02 INFO  compiling datastructure_d5c0a6989e (2 scala sources and 2 java sources)
2025.02.19 11:39:02 INFO  time: compiled datastructure_d5c0a6989e in 0.31s
2025.02.19 11:39:14 INFO  compiling datastructure_d5c0a6989e (2 scala sources and 2 java sources)
2025.02.19 11:39:14 INFO  time: compiled datastructure_d5c0a6989e in 90ms
2025.02.19 11:39:18 INFO  compiling datastructure_d5c0a6989e (2 scala sources and 2 java sources)
2025.02.19 11:39:18 INFO  time: compiled datastructure_d5c0a6989e in 81ms
2025.02.19 11:39:32 INFO  compiling datastructure_d5c0a6989e (2 scala sources and 2 java sources)
2025.02.19 11:39:32 INFO  time: compiled datastructure_d5c0a6989e in 92ms
2025.02.19 11:39:49 INFO  compiling datastructure_d5c0a6989e (2 scala sources and 2 java sources)
2025.02.19 11:39:49 INFO  time: compiled datastructure_d5c0a6989e in 0.1s
2025.02.19 11:40:14 INFO  compiling datastructure_d5c0a6989e (2 scala sources and 2 java sources)
2025.02.19 11:40:14 INFO  time: compiled datastructure_d5c0a6989e in 0.11s
2025.02.19 11:40:20 INFO  compiling datastructure_d5c0a6989e (2 scala sources and 2 java sources)
2025.02.19 11:40:20 INFO  time: compiled datastructure_d5c0a6989e in 90ms
2025.02.19 11:40:25 INFO  compiling datastructure_d5c0a6989e (2 scala sources and 2 java sources)
2025.02.19 11:40:25 INFO  time: compiled datastructure_d5c0a6989e in 86ms
2025.02.19 11:40:25 INFO  Shut down connection with build server.
2025.02.19 11:40:29 INFO  Started: Metals version 1.5.1+64-506ceb4e-SNAPSHOT in folders '/Users/admin/datastructure' for client Visual Studio Code 1.85.1.
2025.02.19 11:40:29 INFO  no build target found for /Users/admin/datastructure/subarraysum/SubArraySum.scala. Using presentation compiler with project's scala-library version: 3.3.5
2025.02.19 11:40:30 INFO  no build target found for /Users/admin/datastructure/subarraysum/SubArraySum.scala. Using presentation compiler with project's scala-library version: 3.3.5
2025.02.19 11:40:30 INFO  no build target found for /Users/admin/datastructure/subarraysum/SubArraySum.scala. Using presentation compiler with project's scala-library version: 3.3.5
Feb 19, 2025 11:40:30 A.M. org.eclipse.lsp4j.jsonrpc.RemoteEndpoint handleCancellation
WARNING: Unmatched cancel notification for request id 7
Feb 19, 2025 11:40:30 A.M. org.eclipse.lsp4j.jsonrpc.RemoteEndpoint handleCancellation
WARNING: Unmatched cancel notification for request id 2
2025.02.19 11:40:30 INFO  no build target found for /Users/admin/datastructure/subarraysum/SubArraySum.scala. Using presentation compiler with project's scala-library version: 3.3.5
2025.02.19 11:40:30 INFO  no build target found for /Users/admin/datastructure/subarraysum/SubArraySum.scala. Using presentation compiler with project's scala-library version: 3.3.5
2025.02.19 11:40:31 INFO  no build target found for /Users/admin/datastructure/subarraysum/SubArraySum.scala. Using presentation compiler with project's scala-library version: 3.3.5
2025.02.19 11:40:31 WARN  scala-cli >= 0.1.3 not found in PATH, fetching and starting a JVM-based Scala CLI
2025.02.19 11:40:31 INFO  no build target found for /Users/admin/datastructure/subarraysum/SubArraySum.scala. Using presentation compiler with project's scala-library version: 3.3.5
2025.02.19 11:40:31 INFO  Running List(/Library/Java/JavaVirtualMachines/jdk-19.jdk/Contents/Home/bin/java, -cp, /Users/admin/Library/Caches/Coursier/v1/https/repo1.maven.org/maven2/org/virtuslab/scala-cli/cli_3/1.6.1/cli_3-1.6.1.jar:/Users/admin/Library/Caches/Coursier/v1/https/repo1.maven.org/maven2/com/github/alexarchambault/case-app_3/2.1.0-M29/case-app_3-2.1.0-M29.jar:/Users/admin/Library/Caches/Coursier/v1/https/repo1.maven.org/maven2/io/get-coursier/coursier-launcher_2.13/2.1.24/coursier-launcher_2.13-2.1.24.jar:/Users/admin/Library/Caches/Coursier/v1/https/repo1.maven.org/maven2/io/get-coursier/coursier-proxy-setup/2.1.24/coursier-proxy-setup-2.1.24.jar:/Users/admin/Library/Caches/Coursier/v1/https/repo1.maven.org/maven2/io/get-coursier/publish/publish_2.13/0.2.0/publish_2.13-0.2.0.jar:/Users/admin/Library/Caches/Coursier/v1/https/repo1.maven.org/maven2/com/google/jimfs/jimfs/1.3.0/jimfs-1.3.0.jar:/Users/admin/Library/Caches/Coursier/v1/https/repo1.maven.org/maven2/io/get-coursier/jniutils/windows-jni-utils/0.3.3/windows-jni-utils-0.3.3.jar:/Users/admin/Library/Caches/Coursier/v1/https/repo1.maven.org/maven2/com/github/plokhotnyuk/jsoniter-scala/jsoniter-scala-core_3/2.13.5.2/jsoniter-scala-core_3-2.13.5.2.jar:/Users/admin/Library/Caches/Coursier/v1/https/repo1.maven.org/maven2/org/virtuslab/scala-cli/libsodiumjni/0.0.4/libsodiumjni-0.0.4.jar:/Users/admin/Library/Caches/Coursier/v1/https/repo1.maven.org/maven2/org/scalameta/metaconfig-typesafe-config_3/0.14.0/metaconfig-typesafe-config_3-0.14.0.jar:/Users/admin/Library/Caches/Coursier/v1/https/repo1.maven.org/maven2/ai/kien/python-native-libs_3/0.2.4/python-native-libs_3-0.2.4.jar:/Users/admin/Library/Caches/Coursier/v1/https/repo1.maven.org/maven2/org/virtuslab/scala-packager_2.13/0.1.31/scala-packager_2.13-0.1.31.jar:/Users/admin/Library/Caches/Coursier/v1/https/repo1.maven.org/maven2/org/virtuslab/scala-cli-signing/cli_3/0.2.4/cli_3-0.2.4.jar:/Users/admin/Library/Caches/Coursier/v1/https/repo1.maven.org/maven2/org/slf4j/slf4j-nop/2.0.16/slf4j-nop-2.0.16.jar:/Users/admin/Library/Caches/Coursier/v1/https/repo1.maven.org/maven2/com/softwaremill/sttp/client3/core_2.13/3.10.2/core_2.13-3.10.2.jar:/Users/admin/Library/Caches/Coursier/v1/https/repo1.maven.org/maven2/ch/epfl/scala/scalafix-interfaces/0.14.0/scalafix-interfaces-0.14.0.jar:/Users/admin/Library/Caches/Coursier/v1/https/repo1.maven.org/maven2/org/scala-lang/scala3-library_3/3.3.4/scala3-library_3-3.3.4.jar:/Users/admin/Library/Caches/Coursier/v1/https/repo1.maven.org/maven2/org/virtuslab/scala-cli/build-module_3/1.6.1/build-module_3-1.6.1.jar:/Users/admin/Library/Caches/Coursier/v1/https/repo1.maven.org/maven2/org/virtuslab/scala-cli/config_3/1.6.1/config_3-1.6.1.jar:/Users/admin/Library/Caches/Coursier/v1/https/repo1.maven.org/maven2/org/virtuslab/scala-cli/scala3-graal_3/1.6.1/scala3-graal_3-1.6.1.jar:/Users/admin/Library/Caches/Coursier/v1/https/repo1.maven.org/maven2/org/virtuslab/scala-cli/specification-level_3/1.6.1/specification-level_3-1.6.1.jar:/Users/admin/Library/Caches/Coursier/v1/https/repo1.maven.org/maven2/com/lihaoyi/sourcecode_3/0.4.2/sourcecode_3-0.4.2.jar:/Users/admin/Library/Caches/Coursier/v1/https/repo1.maven.org/maven2/com/github/alexarchambault/case-app-annotations_3/2.1.0-M29/case-app-annotations_3-2.1.0-M29.jar:/Users/admin/Library/Caches/Coursier/v1/https/repo1.maven.org/maven2/com/github/alexarchambault/case-app-util_3/2.1.0-M29/case-app-util_3-2.1.0-M29.jar:/Users/admin/Library/Caches/Coursier/v1/https/repo1.maven.org/maven2/io/github/alexarchambault/scala-cli/tmp/zip-input-stream/0.1.1/zip-input-stream-0.1.1.jar:/Users/admin/Library/Caches/Coursier/v1/https/repo1.maven.org/maven2/org/scala-lang/scala-library/2.13.16/scala-library-2.13.16.jar:/Users/admin/Library/Caches/Coursier/v1/https/repo1.maven.org/maven2/io/get-coursier/coursier-cache_2.13/2.1.24/coursier-cache_2.13-2.1.24.jar:/Users/admin/Library/Caches/Coursier/v1/https/repo1.maven.org/maven2/io/get-coursier/coursier-core_2.13/2.1.24/coursier-core_2.13-2.1.24.jar:/Users/admin/Library/Caches/Coursier/v1/https/repo1.maven.org/maven2/com/google/guava/guava/33.4.0-jre/guava-33.4.0-jre.jar:/Users/admin/Library/Caches/Coursier/v1/https/repo1.maven.org/maven2/net/java/dev/jna/jna/5.13.0/jna-5.13.0.jar:/Users/admin/Library/Caches/Coursier/v1/https/repo1.maven.org/maven2/net/java/dev/jna/jna-platform/5.12.1/jna-platform-5.12.1.jar:/Users/admin/Library/Caches/Coursier/v1/https/repo1.maven.org/maven2/org/scalameta/metaconfig-core_3/0.14.0/metaconfig-core_3-0.14.0.jar:/Users/admin/Library/Caches/Coursier/v1/https/repo1.maven.org/maven2/com/typesafe/config/1.4.3/config-1.4.3.jar:/Users/admin/Library/Caches/Coursier/v1/https/repo1.maven.org/maven2/org/scala-lang/modules/scala-collection-compat_3/2.12.0/scala-collection-compat_3-2.12.0.jar:/Users/admin/Library/Caches/Coursier/v1/https/repo1.maven.org/maven2/commons-io/commons-io/2.18.0/commons-io-2.18.0.jar:/Users/admin/Library/Caches/Coursier/v1/https/repo1.maven.org/maven2/com/google/cloud/tools/jib-core/0.27.2/jib-core-0.27.2.jar:/Users/admin/Library/Caches/Coursier/v1/https/repo1.maven.org/maven2/org/bouncycastle/bcpg-jdk18on/1.78.1/bcpg-jdk18on-1.78.1.jar:/Users/admin/Library/Caches/Coursier/v1/https/repo1.maven.org/maven2/org/virtuslab/scala-cli-signing/shared_3/0.2.4/shared_3-0.2.4.jar:/Users/admin/Library/Caches/Coursier/v1/https/repo1.maven.org/maven2/org/slf4j/slf4j-api/2.0.16/slf4j-api-2.0.16.jar:/Users/admin/Library/Caches/Coursier/v1/https/repo1.maven.org/maven2/com/softwaremill/sttp/model/core_2.13/1.7.11/core_2.13-1.7.11.jar:/Users/admin/Library/Caches/Coursier/v1/https/repo1.maven.org/maven2/com/softwaremill/sttp/shared/core_2.13/1.3.22/core_2.13-1.3.22.jar:/Users/admin/Library/Caches/Coursier/v1/https/repo1.maven.org/maven2/com/softwaremill/sttp/shared/ws_2.13/1.3.22/ws_2.13-1.3.22.jar:/Users/admin/Library/Caches/Coursier/v1/https/repo1.maven.org/maven2/io/get-coursier/interface/1.0.26/interface-1.0.26.jar:/Users/admin/Library/Caches/Coursier/v1/https/repo1.maven.org/maven2/org/ow2/asm/asm/9.7.1/asm-9.7.1.jar:/Users/admin/Library/Caches/Coursier/v1/https/repo1.maven.org/maven2/org/virtuslab/scala-cli/java-class-name/java-class-name_3/0.1.4/java-class-name_3-0.1.4.jar:/Users/admin/Library/Caches/Coursier/v1/https/repo1.maven.org/maven2/org/scalameta/semanticdb-shared_2.13.16/4.9.9/semanticdb-shared_2.13.16-4.9.9.jar:/Users/admin/Library/Caches/Coursier/v1/https/repo1.maven.org/maven2/org/scala-native/test-runner_3/0.5.6/test-runner_3-0.5.6.jar:/Users/admin/Library/Caches/Coursier/v1/https/repo1.maven.org/maven2/com/lihaoyi/os-lib_3/0.11.3/os-lib_3-0.11.3.jar:/Users/admin/Library/Caches/Coursier/v1/https/repo1.maven.org/maven2/com/lihaoyi/pprint_3/0.9.0/pprint_3-0.9.0.jar:/Users/admin/Library/Caches/Coursier/v1/https/repo1.maven.org/maven2/org/scala-js/scalajs-env-nodejs_2.13/1.4.0/scalajs-env-nodejs_2.13-1.4.0.jar:/Users/admin/Library/Caches/Coursier/v1/https/repo1.maven.org/maven2/org/scala-js/scalajs-sbt-test-adapter_2.13/1.18.1/scalajs-sbt-test-adapter_2.13-1.18.1.jar:/Users/admin/Library/Caches/Coursier/v1/https/repo1.maven.org/maven2/com/swoval/file-tree-views/2.1.12/file-tree-views-2.1.12.jar:/Users/admin/Library/Caches/Coursier/v1/https/repo1.maven.org/maven2/org/virtuslab/scala-cli/zip-input-stream/zip-input-stream/0.1.2/zip-input-stream-0.1.2.jar:/Users/admin/Library/Caches/Coursier/v1/https/repo1.maven.org/maven2/org/virtuslab/scala-cli/options_3/1.6.1/options_3-1.6.1.jar:/Users/admin/Library/Caches/Coursier/v1/https/repo1.maven.org/maven2/org/virtuslab/scala-cli/directives_3/1.6.1/directives_3-1.6.1.jar:/Users/admin/Library/Caches/Coursier/v1/https/repo1.maven.org/maven2/org/virtuslab/scala-cli/scala-cli-bsp/1.6.1/scala-cli-bsp-1.6.1.jar:/Users/admin/Library/Caches/Coursier/v1/https/repo1.maven.org/maven2/org/virtuslab/scala-cli/test-runner_3/1.6.1/test-runner_3-1.6.1.jar:/Users/admin/Library/Caches/Coursier/v1/https/repo1.maven.org/maven2/org/virtuslab/scala-cli/tasty-lib_3/1.6.1/tasty-lib_3-1.6.1.jar:/Users/admin/Library/Caches/Coursier/v1/https/repo1.maven.org/maven2/io/github/alexarchambault/is-terminal/0.1.1/is-terminal-0.1.1.jar:/Users/admin/Library/Caches/Coursier/v1/https/repo1.maven.org/maven2/org/codehaus/plexus/plexus-archiver/4.10.0/plexus-archiver-4.10.0.jar:/Users/admin/Library/Caches/Coursier/v1/https/repo1.maven.org/maven2/org/codehaus/plexus/plexus-container-default/2.1.1/plexus-container-default-2.1.1.jar:/Users/admin/Library/Caches/Coursier/v1/https/repo1.maven.org/maven2/io/github/alexarchambault/windows-ansi/windows-ansi/0.0.6/windows-ansi-0.0.6.jar:/Users/admin/Library/Caches/Coursier/v1/https/repo1.maven.org/maven2/io/get-coursier/cache-util/2.1.24/cache-util-2.1.24.jar:/Users/admin/Library/Caches/Coursier/v1/https/repo1.maven.org/maven2/io/get-coursier/coursier-util_2.13/2.1.24/coursier-util_2.13-2.1.24.jar:/Users/admin/Library/Caches/Coursier/v1/https/repo1.maven.org/maven2/io/github/alexarchambault/concurrent-reference-hash-map/1.1.0/concurrent-reference-hash-map-1.1.0.jar:/Users/admin/Library/Caches/Coursier/v1/https/repo1.maven.org/maven2/org/scala-lang/modules/scala-xml_2.13/2.3.0/scala-xml_2.13-2.3.0.jar:/Users/admin/Library/Caches/Coursier/v1/https/repo1.maven.org/maven2/com/google/guava/failureaccess/1.0.2/failureaccess-1.0.2.jar:/Users/admin/Library/Caches/Coursier/v1/https/repo1.maven.org/maven2/com/google/guava/listenablefuture/9999.0-empty-to-avoid-conflict-with-guava/listenablefuture-9999.0-empty-to-avoid-conflict-with-guava.jar:/Users/admin/Library/Caches/Coursier/v1/https/repo1.maven.org/maven2/com/google/code/findbugs/jsr305/3.0.2/jsr305-3.0.2.jar:/Users/admin/Library/Caches/Coursier/v1/https/repo1.maven.org/maven2/org/checkerframework/checker-qual/3.43.0/checker-qual-3.43.0.jar:/Users/admin/Library/Caches/Coursier/v1/https/repo1.maven.org/maven2/com/google/errorprone/error_prone_annotations/2.36.0/error_prone_annotations-2.36.0.jar:/Users/admin/Library/Caches/Coursier/v1/https/repo1.maven.org/maven2/com/google/j2objc/j2objc-annotations/3.0.0/j2objc-annotations-3.0.0.jar:/Users/admin/Library/Caches/Coursier/v1/https/repo1.maven.org/maven2/org/scalameta/metaconfig-pprint_3/0.14.0/metaconfig-pprint_3-0.14.0.jar:/Users/admin/Library/Caches/Coursier/v1/https/repo1.maven.org/maven2/org/typelevel/paiges-core_3/0.4.4/paiges-core_3-0.4.4.jar:/Users/admin/Library/Caches/Coursier/v1/https/repo1.maven.org/maven2/org/scala-lang/scala-reflect/2.13.15/scala-reflect-2.13.15.jar:/Users/admin/Library/Caches/Coursier/v1/https/repo1.maven.org/maven2/com/google/cloud/tools/jib-build-plan/0.4.0/jib-build-plan-0.4.0.jar:/Users/admin/Library/Caches/Coursier/v1/https/repo1.maven.org/maven2/com/google/http-client/google-http-client/1.42.2/google-http-client-1.42.2.jar:/Users/admin/Library/Caches/Coursier/v1/https/repo1.maven.org/maven2/com/google/http-client/google-http-client-apache-v2/1.42.2/google-http-client-apache-v2-1.42.2.jar:/Users/admin/Library/Caches/Coursier/v1/https/repo1.maven.org/maven2/com/google/auth/google-auth-library-oauth2-http/1.10.0/google-auth-library-oauth2-http-1.10.0.jar:/Users/admin/Library/Caches/Coursier/v1/https/repo1.maven.org/maven2/org/apache/commons/commons-compress/1.26.2/commons-compress-1.26.2.jar:/Users/admin/Library/Caches/Coursier/v1/https/repo1.maven.org/maven2/com/fasterxml/jackson/core/jackson-databind/2.15.2/jackson-databind-2.15.2.jar:/Users/admin/Library/Caches/Coursier/v1/https/repo1.maven.org/maven2/com/fasterxml/jackson/datatype/jackson-datatype-jsr310/2.15.2/jackson-datatype-jsr310-2.15.2.jar:/Users/admin/Library/Caches/Coursier/v1/https/repo1.maven.org/maven2/org/bouncycastle/bcprov-jdk18on/1.78.1/bcprov-jdk18on-1.78.1.jar:/Users/admin/Library/Caches/Coursier/v1/https/repo1.maven.org/maven2/org/bouncycastle/bcutil-jdk18on/1.78.1/bcutil-jdk18on-1.78.1.jar:/Users/admin/Library/Caches/Coursier/v1/https/repo1.maven.org/maven2/org/scala-lang/scala3-compiler_3/3.3.4/scala3-compiler_3-3.3.4.jar:/Users/admin/Library/Caches/Coursier/v1/https/repo1.maven.org/maven2/org/scalameta/scalameta_2.13/4.9.9/scalameta_2.13-4.9.9.jar:/Users/admin/Library/Caches/Coursier/v1/https/repo1.maven.org/maven2/com/thesamet/scalapb/scalapb-runtime_2.13/0.11.17/scalapb-runtime_2.13-0.11.17.jar:/Users/admin/Library/Caches/Coursier/v1/https/repo1.maven.org/maven2/org/scala-native/tools_3/0.5.6/tools_3-0.5.6.jar:/Users/admin/Library/Caches/Coursier/v1/https/repo1.maven.org/maven2/org/scala-sbt/test-interface/1.0/test-interface-1.0.jar:/Users/admin/Library/Caches/Coursier/v1/https/repo1.maven.org/maven2/com/github/sbt/junit-interface/0.13.3/junit-interface-0.13.3.jar:/Users/admin/Library/Caches/Coursier/v1/https/repo1.maven.org/maven2/junit/junit/4.13.2/junit-4.13.2.jar:/Users/admin/Library/Caches/Coursier/v1/https/repo1.maven.org/maven2/com/lihaoyi/geny_3/1.1.1/geny_3-1.1.1.jar:/Users/admin/Library/Caches/Coursier/v1/https/repo1.maven.org/maven2/com/lihaoyi/fansi_3/0.5.0/fansi_3-0.5.0.jar:/Users/admin/Library/Caches/Coursier/v1/https/repo1.maven.org/maven2/org/scala-js/scalajs-js-envs_2.13/1.4.0/scalajs-js-envs_2.13-1.4.0.jar:/Users/admin/Library/Caches/Coursier/v1/https/repo1.maven.org/maven2/ch/epfl/scala/bloop-config_2.13/2.3.1/bloop-config_2.13-2.3.1.jar:/Users/admin/Library/Caches/Coursier/v1/https/repo1.maven.org/maven2/org/virtuslab/scala-cli/core_3/1.6.1/core_3-1.6.1.jar:/Users/admin/Library/Caches/Coursier/v1/https/repo1.maven.org/maven2/org/virtuslab/using_directives/1.1.4/using_directives-1.1.4.jar:/Users/admin/Library/Caches/Coursier/v1/https/repo1.maven.org/maven2/org/virtuslab/scala-cli/build-macros_3/1.6.1/build-macros_3-1.6.1.jar:/Users/admin/Library/Caches/Coursier/v1/https/repo1.maven.org/maven2/ch/epfl/scala/bsp4j/2.1.1/bsp4j-2.1.1.jar:/Users/admin/Library/Caches/Coursier/v1/https/repo1.maven.org/maven2/javax/inject/javax.inject/1/javax.inject-1.jar:/Users/admin/Library/Caches/Coursier/v1/https/repo1.maven.org/maven2/org/codehaus/plexus/plexus-utils/4.0.1/plexus-utils-4.0.1.jar:/Users/admin/Library/Caches/Coursier/v1/https/repo1.maven.org/maven2/org/codehaus/plexus/plexus-io/3.5.0/plexus-io-3.5.0.jar:/Users/admin/Library/Caches/Coursier/v1/https/repo1.maven.org/maven2/io/airlift/aircompressor/0.27/aircompressor-0.27.jar:/Users/admin/Library/Caches/Coursier/v1/https/repo1.maven.org/maven2/org/tukaani/xz/1.9/xz-1.9.jar:/Users/admin/Library/Caches/Coursier/v1/https/repo1.maven.org/maven2/com/github/luben/zstd-jni/1.5.6-3/zstd-jni-1.5.6-3.jar:/Users/admin/Library/Caches/Coursier/v1/https/repo1.maven.org/maven2/org/codehaus/plexus/plexus-classworlds/2.6.0/plexus-classworlds-2.6.0.jar:/Users/admin/Library/Caches/Coursier/v1/https/repo1.maven.org/maven2/org/apache/xbean/xbean-reflect/3.7/xbean-reflect-3.7.jar:/Users/admin/Library/Caches/Coursier/v1/https/repo1.maven.org/maven2/org/fusesource/jansi/jansi/2.4.1/jansi-2.4.1.jar:/Users/admin/Library/Caches/Coursier/v1/https/repo1.maven.org/maven2/org/apache/httpcomponents/httpclient/4.5.13/httpclient-4.5.13.jar:/Users/admin/Library/Caches/Coursier/v1/https/repo1.maven.org/maven2/org/apache/httpcomponents/httpcore/4.4.15/httpcore-4.4.15.jar:/Users/admin/Library/Caches/Coursier/v1/https/repo1.maven.org/maven2/io/opencensus/opencensus-api/0.31.1/opencensus-api-0.31.1.jar:/Users/admin/Library/Caches/Coursier/v1/https/repo1.maven.org/maven2/io/opencensus/opencensus-contrib-http-util/0.31.1/opencensus-contrib-http-util-0.31.1.jar:/Users/admin/Library/Caches/Coursier/v1/https/repo1.maven.org/maven2/com/google/auto/value/auto-value-annotations/1.9/auto-value-annotations-1.9.jar:/Users/admin/Library/Caches/Coursier/v1/https/repo1.maven.org/maven2/com/google/auth/google-auth-library-credentials/1.10.0/google-auth-library-credentials-1.10.0.jar:/Users/admin/Library/Caches/Coursier/v1/https/repo1.maven.org/maven2/com/google/http-client/google-http-client-gson/1.42.2/google-http-client-gson-1.42.2.jar:/Users/admin/Library/Caches/Coursier/v1/https/repo1.maven.org/maven2/commons-codec/commons-codec/1.17.0/commons-codec-1.17.0.jar:/Users/admin/Library/Caches/Coursier/v1/https/repo1.maven.org/maven2/org/apache/commons/commons-lang3/3.14.0/commons-lang3-3.14.0.jar:/Users/admin/Library/Caches/Coursier/v1/https/repo1.maven.org/maven2/com/fasterxml/jackson/core/jackson-annotations/2.15.2/jackson-annotations-2.15.2.jar:/Users/admin/Library/Caches/Coursier/v1/https/repo1.maven.org/maven2/com/fasterxml/jackson/core/jackson-core/2.15.2/jackson-core-2.15.2.jar:/Users/admin/Library/Caches/Coursier/v1/https/repo1.maven.org/maven2/org/scala-lang/scala3-interfaces/3.3.4/scala3-interfaces-3.3.4.jar:/Users/admin/Library/Caches/Coursier/v1/https/repo1.maven.org/maven2/org/scala-lang/tasty-core_3/3.3.4/tasty-core_3-3.3.4.jar:/Users/admin/Library/Caches/Coursier/v1/https/repo1.maven.org/maven2/org/scala-lang/modules/scala-asm/9.6.0-scala-1/scala-asm-9.6.0-scala-1.jar:/Users/admin/Library/Caches/Coursier/v1/https/repo1.maven.org/maven2/org/scala-sbt/compiler-interface/1.9.6/compiler-interface-1.9.6.jar:/Users/admin/Library/Caches/Coursier/v1/https/repo1.maven.org/maven2/org/scalameta/parsers_2.13/4.9.9/parsers_2.13-4.9.9.jar:/Users/admin/Library/Caches/Coursier/v1/https/repo1.maven.org/maven2/org/scala-lang/scalap/2.13.11/scalap-2.13.11.jar:/Users/admin/Library/Caches/Coursier/v1/https/repo1.maven.org/maven2/com/thesamet/scalapb/lenses_2.13/0.11.17/lenses_2.13-0.11.17.jar:/Users/admin/Library/Caches/Coursier/v1/https/repo1.maven.org/maven2/com/google/protobuf/protobuf-java/3.19.6/protobuf-java-3.19.6.jar:/Users/admin/Library/Caches/Coursier/v1/https/repo1.maven.org/maven2/org/scala-native/nir_3/0.5.6/nir_3-0.5.6.jar:/Users/admin/Library/Caches/Coursier/v1/https/repo1.maven.org/maven2/org/scala-native/util_3/0.5.6/util_3-0.5.6.jar:/Users/admin/Library/Caches/Coursier/v1/https/repo1.maven.org/maven2/org/hamcrest/hamcrest-core/1.3/hamcrest-core-1.3.jar:/Users/admin/Library/Caches/Coursier/v1/https/repo1.maven.org/maven2/org/scala-js/scalajs-logging_2.13/1.1.1/scalajs-logging_2.13-1.1.1.jar:/Users/admin/Library/Caches/Coursier/v1/https/repo1.maven.org/maven2/com/lihaoyi/unroll-annotation_2.13/0.1.12/unroll-annotation_2.13-0.1.12.jar:/Users/admin/Library/Caches/Coursier/v1/https/repo1.maven.org/maven2/ch/epfl/scala/bloop-rifle_2.13/2.0.8/bloop-rifle_2.13-2.0.8.jar:/Users/admin/Library/Caches/Coursier/v1/https/repo1.maven.org/maven2/io/get-coursier/coursier-jvm_2.13/2.1.24/coursier-jvm_2.13-2.1.24.jar:/Users/admin/Library/Caches/Coursier/v1/https/repo1.maven.org/maven2/io/get-coursier/dependency_3/0.3.2/dependency_3-0.3.2.jar:/Users/admin/Library/Caches/Coursier/v1/https/repo1.maven.org/maven2/org/eclipse/jgit/org.eclipse.jgit/6.8.0.202311291450-r/org.eclipse.jgit-6.8.0.202311291450-r.jar:/Users/admin/Library/Caches/Coursier/v1/https/repo1.maven.org/maven2/org/scala-js/scalajs-env-jsdom-nodejs_2.13/1.1.0/scalajs-env-jsdom-nodejs_2.13-1.1.0.jar:/Users/admin/Library/Caches/Coursier/v1/https/repo1.maven.org/maven2/org/eclipse/lsp4j/org.eclipse.lsp4j.generator/0.20.1/org.eclipse.lsp4j.generator-0.20.1.jar:/Users/admin/Library/Caches/Coursier/v1/https/repo1.maven.org/maven2/org/eclipse/lsp4j/org.eclipse.lsp4j.jsonrpc/0.20.1/org.eclipse.lsp4j.jsonrpc-0.20.1.jar:/Users/admin/Library/Caches/Coursier/v1/https/repo1.maven.org/maven2/commons-logging/commons-logging/1.2/commons-logging-1.2.jar:/Users/admin/Library/Caches/Coursier/v1/https/repo1.maven.org/maven2/io/grpc/grpc-context/1.27.2/grpc-context-1.27.2.jar:/Users/admin/Library/Caches/Coursier/v1/https/repo1.maven.org/maven2/com/google/code/gson/gson/2.10.1/gson-2.10.1.jar:/Users/admin/Library/Caches/Coursier/v1/https/repo1.maven.org/maven2/org/scala-sbt/util-interface/1.9.8/util-interface-1.9.8.jar:/Users/admin/Library/Caches/Coursier/v1/https/repo1.maven.org/maven2/org/scalameta/trees_2.13/4.9.9/trees_2.13-4.9.9.jar:/Users/admin/Library/Caches/Coursier/v1/https/repo1.maven.org/maven2/org/scala-lang/scala-compiler/2.13.11/scala-compiler-2.13.11.jar:/Users/admin/Library/Caches/Coursier/v1/https/repo1.maven.org/maven2/ch/epfl/scala/libdaemon_2.13/0.0.12/libdaemon_2.13-0.0.12.jar:/Users/admin/Library/Caches/Coursier/v1/https/repo1.maven.org/maven2/io/github/alexarchambault/scala-cli/snailgun/snailgun-core_2.13/0.4.1-sc2/snailgun-core_2.13-0.4.1-sc2.jar:/Users/admin/Library/Caches/Coursier/v1/https/repo1.maven.org/maven2/io/get-coursier/coursier_2.13/2.1.24/coursier_2.13-2.1.24.jar:/Users/admin/Library/Caches/Coursier/v1/https/repo1.maven.org/maven2/io/get-coursier/coursier-env_2.13/2.1.24/coursier-env_2.13-2.1.24.jar:/Users/admin/Library/Caches/Coursier/v1/https/repo1.maven.org/maven2/com/googlecode/javaewah/JavaEWAH/1.2.3/JavaEWAH-1.2.3.jar:/Users/admin/Library/Caches/Coursier/v1/https/repo1.maven.org/maven2/org/eclipse/xtend/org.eclipse.xtend.lib/2.28.0/org.eclipse.xtend.lib-2.28.0.jar:/Users/admin/Library/Caches/Coursier/v1/https/repo1.maven.org/maven2/org/scalameta/common_2.13/4.9.9/common_2.13-4.9.9.jar:/Users/admin/Library/Caches/Coursier/v1/https/repo1.maven.org/maven2/io/github/java-diff-utils/java-diff-utils/4.12/java-diff-utils-4.12.jar:/Users/admin/Library/Caches/Coursier/v1/https/repo1.maven.org/maven2/io/get-coursier/dependency_2.13/0.3.2/dependency_2.13-0.3.2.jar:/Users/admin/Library/Caches/Coursier/v1/https/repo1.maven.org/maven2/org/eclipse/xtext/org.eclipse.xtext.xbase.lib/2.28.0/org.eclipse.xtext.xbase.lib-2.28.0.jar:/Users/admin/Library/Caches/Coursier/v1/https/repo1.maven.org/maven2/org/eclipse/xtend/org.eclipse.xtend.lib.macro/2.28.0/org.eclipse.xtend.lib.macro-2.28.0.jar, scala.cli.ScalaCli, bsp, /Users/admin/datastructure)
2025.02.19 11:40:32 INFO  tracing is disabled for protocol BSP, to enable tracing of incoming and outgoing JSON messages create an empty file at /Users/admin/datastructure/.metals/bsp.trace.json or /Users/admin/Library/Caches/org.scalameta.metals/bsp.trace.json
2025.02.19 11:40:31 INFO  no build target found for /Users/admin/datastructure/subarraysum/SubArraySum.scala. Using presentation compiler with project's scala-library version: 3.3.5
2025.02.19 11:40:33 INFO  no build target found for /Users/admin/datastructure/subarraysum/SubArraySum.scala. Using presentation compiler with project's scala-library version: 3.3.5
2025.02.19 11:40:33 INFO  no build target found for /Users/admin/datastructure/subarraysum/SubArraySum.scala. Using presentation compiler with project's scala-library version: 3.3.5
2025.02.19 11:40:35 INFO  Connected to Scala CLI server v1.6.1
2025.02.19 11:40:35 INFO  compiling datastructure_d5c0a6989e (2 scala sources and 2 java sources)
2025.02.19 11:40:35 INFO  time: compiled datastructure_d5c0a6989e in 0.12s
2025.02.19 11:40:35 INFO  compiling datastructure_d5c0a6989e (2 scala sources and 2 java sources)
2025.02.19 11:40:35 INFO  time: compiled datastructure_d5c0a6989e in 0.1s
2025.02.19 11:40:36 INFO  compiling datastructure_d5c0a6989e (2 scala sources and 2 java sources)
2025.02.19 11:40:36 INFO  time: compiled datastructure_d5c0a6989e in 94ms
2025.02.19 11:40:36 INFO  time: indexed workspace in 1.85s
2025.02.19 11:40:36 INFO  compiling datastructure_d5c0a6989e (2 scala sources and 2 java sources)
2025.02.19 11:40:36 INFO  time: compiled datastructure_d5c0a6989e in 82ms
2025.02.19 11:40:36 INFO  Scala CLI started for /Users/admin/datastructure
2025.02.19 11:40:37 WARN  no build tool detected in workspace '/Users/admin/datastructure'. The most common cause for this problem is that the editor was opened in the wrong working directory, for example if you use sbt then the workspace directory should contain build.sbt. 
2025.02.19 11:40:37 WARN  Build server is not auto-connectable.
2025.02.19 11:40:40 INFO  compiling datastructure_d5c0a6989e (2 scala sources and 2 java sources)
2025.02.19 11:40:40 INFO  time: compiled datastructure_d5c0a6989e in 87ms
Feb 19, 2025 11:41:19 A.M. org.eclipse.lsp4j.jsonrpc.services.GenericEndpoint notify
WARNING: Unsupported notification method: metals/windowStateDidChange
Feb 19, 2025 11:42:14 A.M. org.eclipse.lsp4j.jsonrpc.services.GenericEndpoint notify
WARNING: Unsupported notification method: metals/windowStateDidChange
Feb 19, 2025 12:01:11 P.M. org.eclipse.lsp4j.jsonrpc.services.GenericEndpoint notify
WARNING: Unsupported notification method: metals/windowStateDidChange
Feb 19, 2025 12:01:14 P.M. org.eclipse.lsp4j.jsonrpc.services.GenericEndpoint notify
WARNING: Unsupported notification method: metals/windowStateDidChange
2025.02.19 12:01:19 INFO  Shut down connection with build server.
2025.02.19 12:01:23 INFO  Started: Metals version 1.5.1+64-506ceb4e-SNAPSHOT in folders '/Users/admin/datastructure' for client Visual Studio Code 1.85.1.
2025.02.19 12:01:26 WARN  scala-cli >= 0.1.3 not found in PATH, fetching and starting a JVM-based Scala CLI
2025.02.19 12:01:26 INFO  Running List(/Library/Java/JavaVirtualMachines/jdk-19.jdk/Contents/Home/bin/java, -cp, /Users/admin/Library/Caches/Coursier/v1/https/repo1.maven.org/maven2/org/virtuslab/scala-cli/cli_3/1.6.1/cli_3-1.6.1.jar:/Users/admin/Library/Caches/Coursier/v1/https/repo1.maven.org/maven2/com/github/alexarchambault/case-app_3/2.1.0-M29/case-app_3-2.1.0-M29.jar:/Users/admin/Library/Caches/Coursier/v1/https/repo1.maven.org/maven2/io/get-coursier/coursier-launcher_2.13/2.1.24/coursier-launcher_2.13-2.1.24.jar:/Users/admin/Library/Caches/Coursier/v1/https/repo1.maven.org/maven2/io/get-coursier/coursier-proxy-setup/2.1.24/coursier-proxy-setup-2.1.24.jar:/Users/admin/Library/Caches/Coursier/v1/https/repo1.maven.org/maven2/io/get-coursier/publish/publish_2.13/0.2.0/publish_2.13-0.2.0.jar:/Users/admin/Library/Caches/Coursier/v1/https/repo1.maven.org/maven2/com/google/jimfs/jimfs/1.3.0/jimfs-1.3.0.jar:/Users/admin/Library/Caches/Coursier/v1/https/repo1.maven.org/maven2/io/get-coursier/jniutils/windows-jni-utils/0.3.3/windows-jni-utils-0.3.3.jar:/Users/admin/Library/Caches/Coursier/v1/https/repo1.maven.org/maven2/com/github/plokhotnyuk/jsoniter-scala/jsoniter-scala-core_3/2.13.5.2/jsoniter-scala-core_3-2.13.5.2.jar:/Users/admin/Library/Caches/Coursier/v1/https/repo1.maven.org/maven2/org/virtuslab/scala-cli/libsodiumjni/0.0.4/libsodiumjni-0.0.4.jar:/Users/admin/Library/Caches/Coursier/v1/https/repo1.maven.org/maven2/org/scalameta/metaconfig-typesafe-config_3/0.14.0/metaconfig-typesafe-config_3-0.14.0.jar:/Users/admin/Library/Caches/Coursier/v1/https/repo1.maven.org/maven2/ai/kien/python-native-libs_3/0.2.4/python-native-libs_3-0.2.4.jar:/Users/admin/Library/Caches/Coursier/v1/https/repo1.maven.org/maven2/org/virtuslab/scala-packager_2.13/0.1.31/scala-packager_2.13-0.1.31.jar:/Users/admin/Library/Caches/Coursier/v1/https/repo1.maven.org/maven2/org/virtuslab/scala-cli-signing/cli_3/0.2.4/cli_3-0.2.4.jar:/Users/admin/Library/Caches/Coursier/v1/https/repo1.maven.org/maven2/org/slf4j/slf4j-nop/2.0.16/slf4j-nop-2.0.16.jar:/Users/admin/Library/Caches/Coursier/v1/https/repo1.maven.org/maven2/com/softwaremill/sttp/client3/core_2.13/3.10.2/core_2.13-3.10.2.jar:/Users/admin/Library/Caches/Coursier/v1/https/repo1.maven.org/maven2/ch/epfl/scala/scalafix-interfaces/0.14.0/scalafix-interfaces-0.14.0.jar:/Users/admin/Library/Caches/Coursier/v1/https/repo1.maven.org/maven2/org/scala-lang/scala3-library_3/3.3.4/scala3-library_3-3.3.4.jar:/Users/admin/Library/Caches/Coursier/v1/https/repo1.maven.org/maven2/org/virtuslab/scala-cli/build-module_3/1.6.1/build-module_3-1.6.1.jar:/Users/admin/Library/Caches/Coursier/v1/https/repo1.maven.org/maven2/org/virtuslab/scala-cli/config_3/1.6.1/config_3-1.6.1.jar:/Users/admin/Library/Caches/Coursier/v1/https/repo1.maven.org/maven2/org/virtuslab/scala-cli/scala3-graal_3/1.6.1/scala3-graal_3-1.6.1.jar:/Users/admin/Library/Caches/Coursier/v1/https/repo1.maven.org/maven2/org/virtuslab/scala-cli/specification-level_3/1.6.1/specification-level_3-1.6.1.jar:/Users/admin/Library/Caches/Coursier/v1/https/repo1.maven.org/maven2/com/lihaoyi/sourcecode_3/0.4.2/sourcecode_3-0.4.2.jar:/Users/admin/Library/Caches/Coursier/v1/https/repo1.maven.org/maven2/com/github/alexarchambault/case-app-annotations_3/2.1.0-M29/case-app-annotations_3-2.1.0-M29.jar:/Users/admin/Library/Caches/Coursier/v1/https/repo1.maven.org/maven2/com/github/alexarchambault/case-app-util_3/2.1.0-M29/case-app-util_3-2.1.0-M29.jar:/Users/admin/Library/Caches/Coursier/v1/https/repo1.maven.org/maven2/io/github/alexarchambault/scala-cli/tmp/zip-input-stream/0.1.1/zip-input-stream-0.1.1.jar:/Users/admin/Library/Caches/Coursier/v1/https/repo1.maven.org/maven2/org/scala-lang/scala-library/2.13.16/scala-library-2.13.16.jar:/Users/admin/Library/Caches/Coursier/v1/https/repo1.maven.org/maven2/io/get-coursier/coursier-cache_2.13/2.1.24/coursier-cache_2.13-2.1.24.jar:/Users/admin/Library/Caches/Coursier/v1/https/repo1.maven.org/maven2/io/get-coursier/coursier-core_2.13/2.1.24/coursier-core_2.13-2.1.24.jar:/Users/admin/Library/Caches/Coursier/v1/https/repo1.maven.org/maven2/com/google/guava/guava/33.4.0-jre/guava-33.4.0-jre.jar:/Users/admin/Library/Caches/Coursier/v1/https/repo1.maven.org/maven2/net/java/dev/jna/jna/5.13.0/jna-5.13.0.jar:/Users/admin/Library/Caches/Coursier/v1/https/repo1.maven.org/maven2/net/java/dev/jna/jna-platform/5.12.1/jna-platform-5.12.1.jar:/Users/admin/Library/Caches/Coursier/v1/https/repo1.maven.org/maven2/org/scalameta/metaconfig-core_3/0.14.0/metaconfig-core_3-0.14.0.jar:/Users/admin/Library/Caches/Coursier/v1/https/repo1.maven.org/maven2/com/typesafe/config/1.4.3/config-1.4.3.jar:/Users/admin/Library/Caches/Coursier/v1/https/repo1.maven.org/maven2/org/scala-lang/modules/scala-collection-compat_3/2.12.0/scala-collection-compat_3-2.12.0.jar:/Users/admin/Library/Caches/Coursier/v1/https/repo1.maven.org/maven2/commons-io/commons-io/2.18.0/commons-io-2.18.0.jar:/Users/admin/Library/Caches/Coursier/v1/https/repo1.maven.org/maven2/com/google/cloud/tools/jib-core/0.27.2/jib-core-0.27.2.jar:/Users/admin/Library/Caches/Coursier/v1/https/repo1.maven.org/maven2/org/bouncycastle/bcpg-jdk18on/1.78.1/bcpg-jdk18on-1.78.1.jar:/Users/admin/Library/Caches/Coursier/v1/https/repo1.maven.org/maven2/org/virtuslab/scala-cli-signing/shared_3/0.2.4/shared_3-0.2.4.jar:/Users/admin/Library/Caches/Coursier/v1/https/repo1.maven.org/maven2/org/slf4j/slf4j-api/2.0.16/slf4j-api-2.0.16.jar:/Users/admin/Library/Caches/Coursier/v1/https/repo1.maven.org/maven2/com/softwaremill/sttp/model/core_2.13/1.7.11/core_2.13-1.7.11.jar:/Users/admin/Library/Caches/Coursier/v1/https/repo1.maven.org/maven2/com/softwaremill/sttp/shared/core_2.13/1.3.22/core_2.13-1.3.22.jar:/Users/admin/Library/Caches/Coursier/v1/https/repo1.maven.org/maven2/com/softwaremill/sttp/shared/ws_2.13/1.3.22/ws_2.13-1.3.22.jar:/Users/admin/Library/Caches/Coursier/v1/https/repo1.maven.org/maven2/io/get-coursier/interface/1.0.26/interface-1.0.26.jar:/Users/admin/Library/Caches/Coursier/v1/https/repo1.maven.org/maven2/org/ow2/asm/asm/9.7.1/asm-9.7.1.jar:/Users/admin/Library/Caches/Coursier/v1/https/repo1.maven.org/maven2/org/virtuslab/scala-cli/java-class-name/java-class-name_3/0.1.4/java-class-name_3-0.1.4.jar:/Users/admin/Library/Caches/Coursier/v1/https/repo1.maven.org/maven2/org/scalameta/semanticdb-shared_2.13.16/4.9.9/semanticdb-shared_2.13.16-4.9.9.jar:/Users/admin/Library/Caches/Coursier/v1/https/repo1.maven.org/maven2/org/scala-native/test-runner_3/0.5.6/test-runner_3-0.5.6.jar:/Users/admin/Library/Caches/Coursier/v1/https/repo1.maven.org/maven2/com/lihaoyi/os-lib_3/0.11.3/os-lib_3-0.11.3.jar:/Users/admin/Library/Caches/Coursier/v1/https/repo1.maven.org/maven2/com/lihaoyi/pprint_3/0.9.0/pprint_3-0.9.0.jar:/Users/admin/Library/Caches/Coursier/v1/https/repo1.maven.org/maven2/org/scala-js/scalajs-env-nodejs_2.13/1.4.0/scalajs-env-nodejs_2.13-1.4.0.jar:/Users/admin/Library/Caches/Coursier/v1/https/repo1.maven.org/maven2/org/scala-js/scalajs-sbt-test-adapter_2.13/1.18.1/scalajs-sbt-test-adapter_2.13-1.18.1.jar:/Users/admin/Library/Caches/Coursier/v1/https/repo1.maven.org/maven2/com/swoval/file-tree-views/2.1.12/file-tree-views-2.1.12.jar:/Users/admin/Library/Caches/Coursier/v1/https/repo1.maven.org/maven2/org/virtuslab/scala-cli/zip-input-stream/zip-input-stream/0.1.2/zip-input-stream-0.1.2.jar:/Users/admin/Library/Caches/Coursier/v1/https/repo1.maven.org/maven2/org/virtuslab/scala-cli/options_3/1.6.1/options_3-1.6.1.jar:/Users/admin/Library/Caches/Coursier/v1/https/repo1.maven.org/maven2/org/virtuslab/scala-cli/directives_3/1.6.1/directives_3-1.6.1.jar:/Users/admin/Library/Caches/Coursier/v1/https/repo1.maven.org/maven2/org/virtuslab/scala-cli/scala-cli-bsp/1.6.1/scala-cli-bsp-1.6.1.jar:/Users/admin/Library/Caches/Coursier/v1/https/repo1.maven.org/maven2/org/virtuslab/scala-cli/test-runner_3/1.6.1/test-runner_3-1.6.1.jar:/Users/admin/Library/Caches/Coursier/v1/https/repo1.maven.org/maven2/org/virtuslab/scala-cli/tasty-lib_3/1.6.1/tasty-lib_3-1.6.1.jar:/Users/admin/Library/Caches/Coursier/v1/https/repo1.maven.org/maven2/io/github/alexarchambault/is-terminal/0.1.1/is-terminal-0.1.1.jar:/Users/admin/Library/Caches/Coursier/v1/https/repo1.maven.org/maven2/org/codehaus/plexus/plexus-archiver/4.10.0/plexus-archiver-4.10.0.jar:/Users/admin/Library/Caches/Coursier/v1/https/repo1.maven.org/maven2/org/codehaus/plexus/plexus-container-default/2.1.1/plexus-container-default-2.1.1.jar:/Users/admin/Library/Caches/Coursier/v1/https/repo1.maven.org/maven2/io/github/alexarchambault/windows-ansi/windows-ansi/0.0.6/windows-ansi-0.0.6.jar:/Users/admin/Library/Caches/Coursier/v1/https/repo1.maven.org/maven2/io/get-coursier/cache-util/2.1.24/cache-util-2.1.24.jar:/Users/admin/Library/Caches/Coursier/v1/https/repo1.maven.org/maven2/io/get-coursier/coursier-util_2.13/2.1.24/coursier-util_2.13-2.1.24.jar:/Users/admin/Library/Caches/Coursier/v1/https/repo1.maven.org/maven2/io/github/alexarchambault/concurrent-reference-hash-map/1.1.0/concurrent-reference-hash-map-1.1.0.jar:/Users/admin/Library/Caches/Coursier/v1/https/repo1.maven.org/maven2/org/scala-lang/modules/scala-xml_2.13/2.3.0/scala-xml_2.13-2.3.0.jar:/Users/admin/Library/Caches/Coursier/v1/https/repo1.maven.org/maven2/com/google/guava/failureaccess/1.0.2/failureaccess-1.0.2.jar:/Users/admin/Library/Caches/Coursier/v1/https/repo1.maven.org/maven2/com/google/guava/listenablefuture/9999.0-empty-to-avoid-conflict-with-guava/listenablefuture-9999.0-empty-to-avoid-conflict-with-guava.jar:/Users/admin/Library/Caches/Coursier/v1/https/repo1.maven.org/maven2/com/google/code/findbugs/jsr305/3.0.2/jsr305-3.0.2.jar:/Users/admin/Library/Caches/Coursier/v1/https/repo1.maven.org/maven2/org/checkerframework/checker-qual/3.43.0/checker-qual-3.43.0.jar:/Users/admin/Library/Caches/Coursier/v1/https/repo1.maven.org/maven2/com/google/errorprone/error_prone_annotations/2.36.0/error_prone_annotations-2.36.0.jar:/Users/admin/Library/Caches/Coursier/v1/https/repo1.maven.org/maven2/com/google/j2objc/j2objc-annotations/3.0.0/j2objc-annotations-3.0.0.jar:/Users/admin/Library/Caches/Coursier/v1/https/repo1.maven.org/maven2/org/scalameta/metaconfig-pprint_3/0.14.0/metaconfig-pprint_3-0.14.0.jar:/Users/admin/Library/Caches/Coursier/v1/https/repo1.maven.org/maven2/org/typelevel/paiges-core_3/0.4.4/paiges-core_3-0.4.4.jar:/Users/admin/Library/Caches/Coursier/v1/https/repo1.maven.org/maven2/org/scala-lang/scala-reflect/2.13.15/scala-reflect-2.13.15.jar:/Users/admin/Library/Caches/Coursier/v1/https/repo1.maven.org/maven2/com/google/cloud/tools/jib-build-plan/0.4.0/jib-build-plan-0.4.0.jar:/Users/admin/Library/Caches/Coursier/v1/https/repo1.maven.org/maven2/com/google/http-client/google-http-client/1.42.2/google-http-client-1.42.2.jar:/Users/admin/Library/Caches/Coursier/v1/https/repo1.maven.org/maven2/com/google/http-client/google-http-client-apache-v2/1.42.2/google-http-client-apache-v2-1.42.2.jar:/Users/admin/Library/Caches/Coursier/v1/https/repo1.maven.org/maven2/com/google/auth/google-auth-library-oauth2-http/1.10.0/google-auth-library-oauth2-http-1.10.0.jar:/Users/admin/Library/Caches/Coursier/v1/https/repo1.maven.org/maven2/org/apache/commons/commons-compress/1.26.2/commons-compress-1.26.2.jar:/Users/admin/Library/Caches/Coursier/v1/https/repo1.maven.org/maven2/com/fasterxml/jackson/core/jackson-databind/2.15.2/jackson-databind-2.15.2.jar:/Users/admin/Library/Caches/Coursier/v1/https/repo1.maven.org/maven2/com/fasterxml/jackson/datatype/jackson-datatype-jsr310/2.15.2/jackson-datatype-jsr310-2.15.2.jar:/Users/admin/Library/Caches/Coursier/v1/https/repo1.maven.org/maven2/org/bouncycastle/bcprov-jdk18on/1.78.1/bcprov-jdk18on-1.78.1.jar:/Users/admin/Library/Caches/Coursier/v1/https/repo1.maven.org/maven2/org/bouncycastle/bcutil-jdk18on/1.78.1/bcutil-jdk18on-1.78.1.jar:/Users/admin/Library/Caches/Coursier/v1/https/repo1.maven.org/maven2/org/scala-lang/scala3-compiler_3/3.3.4/scala3-compiler_3-3.3.4.jar:/Users/admin/Library/Caches/Coursier/v1/https/repo1.maven.org/maven2/org/scalameta/scalameta_2.13/4.9.9/scalameta_2.13-4.9.9.jar:/Users/admin/Library/Caches/Coursier/v1/https/repo1.maven.org/maven2/com/thesamet/scalapb/scalapb-runtime_2.13/0.11.17/scalapb-runtime_2.13-0.11.17.jar:/Users/admin/Library/Caches/Coursier/v1/https/repo1.maven.org/maven2/org/scala-native/tools_3/0.5.6/tools_3-0.5.6.jar:/Users/admin/Library/Caches/Coursier/v1/https/repo1.maven.org/maven2/org/scala-sbt/test-interface/1.0/test-interface-1.0.jar:/Users/admin/Library/Caches/Coursier/v1/https/repo1.maven.org/maven2/com/github/sbt/junit-interface/0.13.3/junit-interface-0.13.3.jar:/Users/admin/Library/Caches/Coursier/v1/https/repo1.maven.org/maven2/junit/junit/4.13.2/junit-4.13.2.jar:/Users/admin/Library/Caches/Coursier/v1/https/repo1.maven.org/maven2/com/lihaoyi/geny_3/1.1.1/geny_3-1.1.1.jar:/Users/admin/Library/Caches/Coursier/v1/https/repo1.maven.org/maven2/com/lihaoyi/fansi_3/0.5.0/fansi_3-0.5.0.jar:/Users/admin/Library/Caches/Coursier/v1/https/repo1.maven.org/maven2/org/scala-js/scalajs-js-envs_2.13/1.4.0/scalajs-js-envs_2.13-1.4.0.jar:/Users/admin/Library/Caches/Coursier/v1/https/repo1.maven.org/maven2/ch/epfl/scala/bloop-config_2.13/2.3.1/bloop-config_2.13-2.3.1.jar:/Users/admin/Library/Caches/Coursier/v1/https/repo1.maven.org/maven2/org/virtuslab/scala-cli/core_3/1.6.1/core_3-1.6.1.jar:/Users/admin/Library/Caches/Coursier/v1/https/repo1.maven.org/maven2/org/virtuslab/using_directives/1.1.4/using_directives-1.1.4.jar:/Users/admin/Library/Caches/Coursier/v1/https/repo1.maven.org/maven2/org/virtuslab/scala-cli/build-macros_3/1.6.1/build-macros_3-1.6.1.jar:/Users/admin/Library/Caches/Coursier/v1/https/repo1.maven.org/maven2/ch/epfl/scala/bsp4j/2.1.1/bsp4j-2.1.1.jar:/Users/admin/Library/Caches/Coursier/v1/https/repo1.maven.org/maven2/javax/inject/javax.inject/1/javax.inject-1.jar:/Users/admin/Library/Caches/Coursier/v1/https/repo1.maven.org/maven2/org/codehaus/plexus/plexus-utils/4.0.1/plexus-utils-4.0.1.jar:/Users/admin/Library/Caches/Coursier/v1/https/repo1.maven.org/maven2/org/codehaus/plexus/plexus-io/3.5.0/plexus-io-3.5.0.jar:/Users/admin/Library/Caches/Coursier/v1/https/repo1.maven.org/maven2/io/airlift/aircompressor/0.27/aircompressor-0.27.jar:/Users/admin/Library/Caches/Coursier/v1/https/repo1.maven.org/maven2/org/tukaani/xz/1.9/xz-1.9.jar:/Users/admin/Library/Caches/Coursier/v1/https/repo1.maven.org/maven2/com/github/luben/zstd-jni/1.5.6-3/zstd-jni-1.5.6-3.jar:/Users/admin/Library/Caches/Coursier/v1/https/repo1.maven.org/maven2/org/codehaus/plexus/plexus-classworlds/2.6.0/plexus-classworlds-2.6.0.jar:/Users/admin/Library/Caches/Coursier/v1/https/repo1.maven.org/maven2/org/apache/xbean/xbean-reflect/3.7/xbean-reflect-3.7.jar:/Users/admin/Library/Caches/Coursier/v1/https/repo1.maven.org/maven2/org/fusesource/jansi/jansi/2.4.1/jansi-2.4.1.jar:/Users/admin/Library/Caches/Coursier/v1/https/repo1.maven.org/maven2/org/apache/httpcomponents/httpclient/4.5.13/httpclient-4.5.13.jar:/Users/admin/Library/Caches/Coursier/v1/https/repo1.maven.org/maven2/org/apache/httpcomponents/httpcore/4.4.15/httpcore-4.4.15.jar:/Users/admin/Library/Caches/Coursier/v1/https/repo1.maven.org/maven2/io/opencensus/opencensus-api/0.31.1/opencensus-api-0.31.1.jar:/Users/admin/Library/Caches/Coursier/v1/https/repo1.maven.org/maven2/io/opencensus/opencensus-contrib-http-util/0.31.1/opencensus-contrib-http-util-0.31.1.jar:/Users/admin/Library/Caches/Coursier/v1/https/repo1.maven.org/maven2/com/google/auto/value/auto-value-annotations/1.9/auto-value-annotations-1.9.jar:/Users/admin/Library/Caches/Coursier/v1/https/repo1.maven.org/maven2/com/google/auth/google-auth-library-credentials/1.10.0/google-auth-library-credentials-1.10.0.jar:/Users/admin/Library/Caches/Coursier/v1/https/repo1.maven.org/maven2/com/google/http-client/google-http-client-gson/1.42.2/google-http-client-gson-1.42.2.jar:/Users/admin/Library/Caches/Coursier/v1/https/repo1.maven.org/maven2/commons-codec/commons-codec/1.17.0/commons-codec-1.17.0.jar:/Users/admin/Library/Caches/Coursier/v1/https/repo1.maven.org/maven2/org/apache/commons/commons-lang3/3.14.0/commons-lang3-3.14.0.jar:/Users/admin/Library/Caches/Coursier/v1/https/repo1.maven.org/maven2/com/fasterxml/jackson/core/jackson-annotations/2.15.2/jackson-annotations-2.15.2.jar:/Users/admin/Library/Caches/Coursier/v1/https/repo1.maven.org/maven2/com/fasterxml/jackson/core/jackson-core/2.15.2/jackson-core-2.15.2.jar:/Users/admin/Library/Caches/Coursier/v1/https/repo1.maven.org/maven2/org/scala-lang/scala3-interfaces/3.3.4/scala3-interfaces-3.3.4.jar:/Users/admin/Library/Caches/Coursier/v1/https/repo1.maven.org/maven2/org/scala-lang/tasty-core_3/3.3.4/tasty-core_3-3.3.4.jar:/Users/admin/Library/Caches/Coursier/v1/https/repo1.maven.org/maven2/org/scala-lang/modules/scala-asm/9.6.0-scala-1/scala-asm-9.6.0-scala-1.jar:/Users/admin/Library/Caches/Coursier/v1/https/repo1.maven.org/maven2/org/scala-sbt/compiler-interface/1.9.6/compiler-interface-1.9.6.jar:/Users/admin/Library/Caches/Coursier/v1/https/repo1.maven.org/maven2/org/scalameta/parsers_2.13/4.9.9/parsers_2.13-4.9.9.jar:/Users/admin/Library/Caches/Coursier/v1/https/repo1.maven.org/maven2/org/scala-lang/scalap/2.13.11/scalap-2.13.11.jar:/Users/admin/Library/Caches/Coursier/v1/https/repo1.maven.org/maven2/com/thesamet/scalapb/lenses_2.13/0.11.17/lenses_2.13-0.11.17.jar:/Users/admin/Library/Caches/Coursier/v1/https/repo1.maven.org/maven2/com/google/protobuf/protobuf-java/3.19.6/protobuf-java-3.19.6.jar:/Users/admin/Library/Caches/Coursier/v1/https/repo1.maven.org/maven2/org/scala-native/nir_3/0.5.6/nir_3-0.5.6.jar:/Users/admin/Library/Caches/Coursier/v1/https/repo1.maven.org/maven2/org/scala-native/util_3/0.5.6/util_3-0.5.6.jar:/Users/admin/Library/Caches/Coursier/v1/https/repo1.maven.org/maven2/org/hamcrest/hamcrest-core/1.3/hamcrest-core-1.3.jar:/Users/admin/Library/Caches/Coursier/v1/https/repo1.maven.org/maven2/org/scala-js/scalajs-logging_2.13/1.1.1/scalajs-logging_2.13-1.1.1.jar:/Users/admin/Library/Caches/Coursier/v1/https/repo1.maven.org/maven2/com/lihaoyi/unroll-annotation_2.13/0.1.12/unroll-annotation_2.13-0.1.12.jar:/Users/admin/Library/Caches/Coursier/v1/https/repo1.maven.org/maven2/ch/epfl/scala/bloop-rifle_2.13/2.0.8/bloop-rifle_2.13-2.0.8.jar:/Users/admin/Library/Caches/Coursier/v1/https/repo1.maven.org/maven2/io/get-coursier/coursier-jvm_2.13/2.1.24/coursier-jvm_2.13-2.1.24.jar:/Users/admin/Library/Caches/Coursier/v1/https/repo1.maven.org/maven2/io/get-coursier/dependency_3/0.3.2/dependency_3-0.3.2.jar:/Users/admin/Library/Caches/Coursier/v1/https/repo1.maven.org/maven2/org/eclipse/jgit/org.eclipse.jgit/6.8.0.202311291450-r/org.eclipse.jgit-6.8.0.202311291450-r.jar:/Users/admin/Library/Caches/Coursier/v1/https/repo1.maven.org/maven2/org/scala-js/scalajs-env-jsdom-nodejs_2.13/1.1.0/scalajs-env-jsdom-nodejs_2.13-1.1.0.jar:/Users/admin/Library/Caches/Coursier/v1/https/repo1.maven.org/maven2/org/eclipse/lsp4j/org.eclipse.lsp4j.generator/0.20.1/org.eclipse.lsp4j.generator-0.20.1.jar:/Users/admin/Library/Caches/Coursier/v1/https/repo1.maven.org/maven2/org/eclipse/lsp4j/org.eclipse.lsp4j.jsonrpc/0.20.1/org.eclipse.lsp4j.jsonrpc-0.20.1.jar:/Users/admin/Library/Caches/Coursier/v1/https/repo1.maven.org/maven2/commons-logging/commons-logging/1.2/commons-logging-1.2.jar:/Users/admin/Library/Caches/Coursier/v1/https/repo1.maven.org/maven2/io/grpc/grpc-context/1.27.2/grpc-context-1.27.2.jar:/Users/admin/Library/Caches/Coursier/v1/https/repo1.maven.org/maven2/com/google/code/gson/gson/2.10.1/gson-2.10.1.jar:/Users/admin/Library/Caches/Coursier/v1/https/repo1.maven.org/maven2/org/scala-sbt/util-interface/1.9.8/util-interface-1.9.8.jar:/Users/admin/Library/Caches/Coursier/v1/https/repo1.maven.org/maven2/org/scalameta/trees_2.13/4.9.9/trees_2.13-4.9.9.jar:/Users/admin/Library/Caches/Coursier/v1/https/repo1.maven.org/maven2/org/scala-lang/scala-compiler/2.13.11/scala-compiler-2.13.11.jar:/Users/admin/Library/Caches/Coursier/v1/https/repo1.maven.org/maven2/ch/epfl/scala/libdaemon_2.13/0.0.12/libdaemon_2.13-0.0.12.jar:/Users/admin/Library/Caches/Coursier/v1/https/repo1.maven.org/maven2/io/github/alexarchambault/scala-cli/snailgun/snailgun-core_2.13/0.4.1-sc2/snailgun-core_2.13-0.4.1-sc2.jar:/Users/admin/Library/Caches/Coursier/v1/https/repo1.maven.org/maven2/io/get-coursier/coursier_2.13/2.1.24/coursier_2.13-2.1.24.jar:/Users/admin/Library/Caches/Coursier/v1/https/repo1.maven.org/maven2/io/get-coursier/coursier-env_2.13/2.1.24/coursier-env_2.13-2.1.24.jar:/Users/admin/Library/Caches/Coursier/v1/https/repo1.maven.org/maven2/com/googlecode/javaewah/JavaEWAH/1.2.3/JavaEWAH-1.2.3.jar:/Users/admin/Library/Caches/Coursier/v1/https/repo1.maven.org/maven2/org/eclipse/xtend/org.eclipse.xtend.lib/2.28.0/org.eclipse.xtend.lib-2.28.0.jar:/Users/admin/Library/Caches/Coursier/v1/https/repo1.maven.org/maven2/org/scalameta/common_2.13/4.9.9/common_2.13-4.9.9.jar:/Users/admin/Library/Caches/Coursier/v1/https/repo1.maven.org/maven2/io/github/java-diff-utils/java-diff-utils/4.12/java-diff-utils-4.12.jar:/Users/admin/Library/Caches/Coursier/v1/https/repo1.maven.org/maven2/io/get-coursier/dependency_2.13/0.3.2/dependency_2.13-0.3.2.jar:/Users/admin/Library/Caches/Coursier/v1/https/repo1.maven.org/maven2/org/eclipse/xtext/org.eclipse.xtext.xbase.lib/2.28.0/org.eclipse.xtext.xbase.lib-2.28.0.jar:/Users/admin/Library/Caches/Coursier/v1/https/repo1.maven.org/maven2/org/eclipse/xtend/org.eclipse.xtend.lib.macro/2.28.0/org.eclipse.xtend.lib.macro-2.28.0.jar, scala.cli.ScalaCli, bsp, /Users/admin/datastructure)
2025.02.19 12:01:27 INFO  tracing is disabled for protocol BSP, to enable tracing of incoming and outgoing JSON messages create an empty file at /Users/admin/datastructure/.metals/bsp.trace.json or /Users/admin/Library/Caches/org.scalameta.metals/bsp.trace.json
2025.02.19 12:01:30 INFO  Connected to Scala CLI server v1.6.1
2025.02.19 12:01:30 INFO  compiling datastructure_d5c0a6989e (2 scala sources and 2 java sources)
2025.02.19 12:01:30 INFO  time: compiled datastructure_d5c0a6989e in 0.27s
2025.02.19 12:01:30 INFO  compiling datastructure_d5c0a6989e (2 scala sources and 2 java sources)
2025.02.19 12:01:30 INFO  time: compiled datastructure_d5c0a6989e in 78ms
2025.02.19 12:01:32 INFO  time: indexed workspace in 2.33s
2025.02.19 12:01:33 INFO  compiling datastructure_d5c0a6989e (2 scala sources and 2 java sources)
2025.02.19 12:01:33 INFO  time: compiled datastructure_d5c0a6989e in 99ms
2025.02.19 12:01:33 INFO  Scala CLI started for /Users/admin/datastructure
2025.02.19 12:01:33 WARN  no build tool detected in workspace '/Users/admin/datastructure'. The most common cause for this problem is that the editor was opened in the wrong working directory, for example if you use sbt then the workspace directory should contain build.sbt. 
2025.02.19 12:01:33 WARN  Build server is not auto-connectable.
Feb 19, 2025 12:05:15 P.M. org.eclipse.lsp4j.jsonrpc.services.GenericEndpoint notify
WARNING: Unsupported notification method: metals/windowStateDidChange
Feb 19, 2025 12:05:17 P.M. org.eclipse.lsp4j.jsonrpc.services.GenericEndpoint notify
WARNING: Unsupported notification method: metals/windowStateDidChange
Feb 19, 2025 12:05:47 P.M. org.eclipse.lsp4j.jsonrpc.services.GenericEndpoint notify
WARNING: Unsupported notification method: metals/windowStateDidChange
Feb 19, 2025 12:05:51 P.M. org.eclipse.lsp4j.jsonrpc.services.GenericEndpoint notify
WARNING: Unsupported notification method: metals/windowStateDidChange
Feb 19, 2025 12:05:55 P.M. org.eclipse.lsp4j.jsonrpc.services.GenericEndpoint notify
WARNING: Unsupported notification method: metals/windowStateDidChange
Feb 19, 2025 12:05:58 P.M. org.eclipse.lsp4j.jsonrpc.services.GenericEndpoint notify
WARNING: Unsupported notification method: metals/windowStateDidChange
2025.02.19 12:06:19 INFO  Shut down connection with build server.
2025.02.19 12:06:22 INFO  Started: Metals version 1.5.1+64-506ceb4e-SNAPSHOT in folders '/Users/admin/datastructure' for client Visual Studio Code 1.85.1.
2025.02.19 12:06:24 WARN  scala-cli >= 0.1.3 not found in PATH, fetching and starting a JVM-based Scala CLI
2025.02.19 12:06:24 INFO  Running List(/Library/Java/JavaVirtualMachines/jdk-19.jdk/Contents/Home/bin/java, -cp, /Users/admin/Library/Caches/Coursier/v1/https/repo1.maven.org/maven2/org/virtuslab/scala-cli/cli_3/1.6.1/cli_3-1.6.1.jar:/Users/admin/Library/Caches/Coursier/v1/https/repo1.maven.org/maven2/com/github/alexarchambault/case-app_3/2.1.0-M29/case-app_3-2.1.0-M29.jar:/Users/admin/Library/Caches/Coursier/v1/https/repo1.maven.org/maven2/io/get-coursier/coursier-launcher_2.13/2.1.24/coursier-launcher_2.13-2.1.24.jar:/Users/admin/Library/Caches/Coursier/v1/https/repo1.maven.org/maven2/io/get-coursier/coursier-proxy-setup/2.1.24/coursier-proxy-setup-2.1.24.jar:/Users/admin/Library/Caches/Coursier/v1/https/repo1.maven.org/maven2/io/get-coursier/publish/publish_2.13/0.2.0/publish_2.13-0.2.0.jar:/Users/admin/Library/Caches/Coursier/v1/https/repo1.maven.org/maven2/com/google/jimfs/jimfs/1.3.0/jimfs-1.3.0.jar:/Users/admin/Library/Caches/Coursier/v1/https/repo1.maven.org/maven2/io/get-coursier/jniutils/windows-jni-utils/0.3.3/windows-jni-utils-0.3.3.jar:/Users/admin/Library/Caches/Coursier/v1/https/repo1.maven.org/maven2/com/github/plokhotnyuk/jsoniter-scala/jsoniter-scala-core_3/2.13.5.2/jsoniter-scala-core_3-2.13.5.2.jar:/Users/admin/Library/Caches/Coursier/v1/https/repo1.maven.org/maven2/org/virtuslab/scala-cli/libsodiumjni/0.0.4/libsodiumjni-0.0.4.jar:/Users/admin/Library/Caches/Coursier/v1/https/repo1.maven.org/maven2/org/scalameta/metaconfig-typesafe-config_3/0.14.0/metaconfig-typesafe-config_3-0.14.0.jar:/Users/admin/Library/Caches/Coursier/v1/https/repo1.maven.org/maven2/ai/kien/python-native-libs_3/0.2.4/python-native-libs_3-0.2.4.jar:/Users/admin/Library/Caches/Coursier/v1/https/repo1.maven.org/maven2/org/virtuslab/scala-packager_2.13/0.1.31/scala-packager_2.13-0.1.31.jar:/Users/admin/Library/Caches/Coursier/v1/https/repo1.maven.org/maven2/org/virtuslab/scala-cli-signing/cli_3/0.2.4/cli_3-0.2.4.jar:/Users/admin/Library/Caches/Coursier/v1/https/repo1.maven.org/maven2/org/slf4j/slf4j-nop/2.0.16/slf4j-nop-2.0.16.jar:/Users/admin/Library/Caches/Coursier/v1/https/repo1.maven.org/maven2/com/softwaremill/sttp/client3/core_2.13/3.10.2/core_2.13-3.10.2.jar:/Users/admin/Library/Caches/Coursier/v1/https/repo1.maven.org/maven2/ch/epfl/scala/scalafix-interfaces/0.14.0/scalafix-interfaces-0.14.0.jar:/Users/admin/Library/Caches/Coursier/v1/https/repo1.maven.org/maven2/org/scala-lang/scala3-library_3/3.3.4/scala3-library_3-3.3.4.jar:/Users/admin/Library/Caches/Coursier/v1/https/repo1.maven.org/maven2/org/virtuslab/scala-cli/build-module_3/1.6.1/build-module_3-1.6.1.jar:/Users/admin/Library/Caches/Coursier/v1/https/repo1.maven.org/maven2/org/virtuslab/scala-cli/config_3/1.6.1/config_3-1.6.1.jar:/Users/admin/Library/Caches/Coursier/v1/https/repo1.maven.org/maven2/org/virtuslab/scala-cli/scala3-graal_3/1.6.1/scala3-graal_3-1.6.1.jar:/Users/admin/Library/Caches/Coursier/v1/https/repo1.maven.org/maven2/org/virtuslab/scala-cli/specification-level_3/1.6.1/specification-level_3-1.6.1.jar:/Users/admin/Library/Caches/Coursier/v1/https/repo1.maven.org/maven2/com/lihaoyi/sourcecode_3/0.4.2/sourcecode_3-0.4.2.jar:/Users/admin/Library/Caches/Coursier/v1/https/repo1.maven.org/maven2/com/github/alexarchambault/case-app-annotations_3/2.1.0-M29/case-app-annotations_3-2.1.0-M29.jar:/Users/admin/Library/Caches/Coursier/v1/https/repo1.maven.org/maven2/com/github/alexarchambault/case-app-util_3/2.1.0-M29/case-app-util_3-2.1.0-M29.jar:/Users/admin/Library/Caches/Coursier/v1/https/repo1.maven.org/maven2/io/github/alexarchambault/scala-cli/tmp/zip-input-stream/0.1.1/zip-input-stream-0.1.1.jar:/Users/admin/Library/Caches/Coursier/v1/https/repo1.maven.org/maven2/org/scala-lang/scala-library/2.13.16/scala-library-2.13.16.jar:/Users/admin/Library/Caches/Coursier/v1/https/repo1.maven.org/maven2/io/get-coursier/coursier-cache_2.13/2.1.24/coursier-cache_2.13-2.1.24.jar:/Users/admin/Library/Caches/Coursier/v1/https/repo1.maven.org/maven2/io/get-coursier/coursier-core_2.13/2.1.24/coursier-core_2.13-2.1.24.jar:/Users/admin/Library/Caches/Coursier/v1/https/repo1.maven.org/maven2/com/google/guava/guava/33.4.0-jre/guava-33.4.0-jre.jar:/Users/admin/Library/Caches/Coursier/v1/https/repo1.maven.org/maven2/net/java/dev/jna/jna/5.13.0/jna-5.13.0.jar:/Users/admin/Library/Caches/Coursier/v1/https/repo1.maven.org/maven2/net/java/dev/jna/jna-platform/5.12.1/jna-platform-5.12.1.jar:/Users/admin/Library/Caches/Coursier/v1/https/repo1.maven.org/maven2/org/scalameta/metaconfig-core_3/0.14.0/metaconfig-core_3-0.14.0.jar:/Users/admin/Library/Caches/Coursier/v1/https/repo1.maven.org/maven2/com/typesafe/config/1.4.3/config-1.4.3.jar:/Users/admin/Library/Caches/Coursier/v1/https/repo1.maven.org/maven2/org/scala-lang/modules/scala-collection-compat_3/2.12.0/scala-collection-compat_3-2.12.0.jar:/Users/admin/Library/Caches/Coursier/v1/https/repo1.maven.org/maven2/commons-io/commons-io/2.18.0/commons-io-2.18.0.jar:/Users/admin/Library/Caches/Coursier/v1/https/repo1.maven.org/maven2/com/google/cloud/tools/jib-core/0.27.2/jib-core-0.27.2.jar:/Users/admin/Library/Caches/Coursier/v1/https/repo1.maven.org/maven2/org/bouncycastle/bcpg-jdk18on/1.78.1/bcpg-jdk18on-1.78.1.jar:/Users/admin/Library/Caches/Coursier/v1/https/repo1.maven.org/maven2/org/virtuslab/scala-cli-signing/shared_3/0.2.4/shared_3-0.2.4.jar:/Users/admin/Library/Caches/Coursier/v1/https/repo1.maven.org/maven2/org/slf4j/slf4j-api/2.0.16/slf4j-api-2.0.16.jar:/Users/admin/Library/Caches/Coursier/v1/https/repo1.maven.org/maven2/com/softwaremill/sttp/model/core_2.13/1.7.11/core_2.13-1.7.11.jar:/Users/admin/Library/Caches/Coursier/v1/https/repo1.maven.org/maven2/com/softwaremill/sttp/shared/core_2.13/1.3.22/core_2.13-1.3.22.jar:/Users/admin/Library/Caches/Coursier/v1/https/repo1.maven.org/maven2/com/softwaremill/sttp/shared/ws_2.13/1.3.22/ws_2.13-1.3.22.jar:/Users/admin/Library/Caches/Coursier/v1/https/repo1.maven.org/maven2/io/get-coursier/interface/1.0.26/interface-1.0.26.jar:/Users/admin/Library/Caches/Coursier/v1/https/repo1.maven.org/maven2/org/ow2/asm/asm/9.7.1/asm-9.7.1.jar:/Users/admin/Library/Caches/Coursier/v1/https/repo1.maven.org/maven2/org/virtuslab/scala-cli/java-class-name/java-class-name_3/0.1.4/java-class-name_3-0.1.4.jar:/Users/admin/Library/Caches/Coursier/v1/https/repo1.maven.org/maven2/org/scalameta/semanticdb-shared_2.13.16/4.9.9/semanticdb-shared_2.13.16-4.9.9.jar:/Users/admin/Library/Caches/Coursier/v1/https/repo1.maven.org/maven2/org/scala-native/test-runner_3/0.5.6/test-runner_3-0.5.6.jar:/Users/admin/Library/Caches/Coursier/v1/https/repo1.maven.org/maven2/com/lihaoyi/os-lib_3/0.11.3/os-lib_3-0.11.3.jar:/Users/admin/Library/Caches/Coursier/v1/https/repo1.maven.org/maven2/com/lihaoyi/pprint_3/0.9.0/pprint_3-0.9.0.jar:/Users/admin/Library/Caches/Coursier/v1/https/repo1.maven.org/maven2/org/scala-js/scalajs-env-nodejs_2.13/1.4.0/scalajs-env-nodejs_2.13-1.4.0.jar:/Users/admin/Library/Caches/Coursier/v1/https/repo1.maven.org/maven2/org/scala-js/scalajs-sbt-test-adapter_2.13/1.18.1/scalajs-sbt-test-adapter_2.13-1.18.1.jar:/Users/admin/Library/Caches/Coursier/v1/https/repo1.maven.org/maven2/com/swoval/file-tree-views/2.1.12/file-tree-views-2.1.12.jar:/Users/admin/Library/Caches/Coursier/v1/https/repo1.maven.org/maven2/org/virtuslab/scala-cli/zip-input-stream/zip-input-stream/0.1.2/zip-input-stream-0.1.2.jar:/Users/admin/Library/Caches/Coursier/v1/https/repo1.maven.org/maven2/org/virtuslab/scala-cli/options_3/1.6.1/options_3-1.6.1.jar:/Users/admin/Library/Caches/Coursier/v1/https/repo1.maven.org/maven2/org/virtuslab/scala-cli/directives_3/1.6.1/directives_3-1.6.1.jar:/Users/admin/Library/Caches/Coursier/v1/https/repo1.maven.org/maven2/org/virtuslab/scala-cli/scala-cli-bsp/1.6.1/scala-cli-bsp-1.6.1.jar:/Users/admin/Library/Caches/Coursier/v1/https/repo1.maven.org/maven2/org/virtuslab/scala-cli/test-runner_3/1.6.1/test-runner_3-1.6.1.jar:/Users/admin/Library/Caches/Coursier/v1/https/repo1.maven.org/maven2/org/virtuslab/scala-cli/tasty-lib_3/1.6.1/tasty-lib_3-1.6.1.jar:/Users/admin/Library/Caches/Coursier/v1/https/repo1.maven.org/maven2/io/github/alexarchambault/is-terminal/0.1.1/is-terminal-0.1.1.jar:/Users/admin/Library/Caches/Coursier/v1/https/repo1.maven.org/maven2/org/codehaus/plexus/plexus-archiver/4.10.0/plexus-archiver-4.10.0.jar:/Users/admin/Library/Caches/Coursier/v1/https/repo1.maven.org/maven2/org/codehaus/plexus/plexus-container-default/2.1.1/plexus-container-default-2.1.1.jar:/Users/admin/Library/Caches/Coursier/v1/https/repo1.maven.org/maven2/io/github/alexarchambault/windows-ansi/windows-ansi/0.0.6/windows-ansi-0.0.6.jar:/Users/admin/Library/Caches/Coursier/v1/https/repo1.maven.org/maven2/io/get-coursier/cache-util/2.1.24/cache-util-2.1.24.jar:/Users/admin/Library/Caches/Coursier/v1/https/repo1.maven.org/maven2/io/get-coursier/coursier-util_2.13/2.1.24/coursier-util_2.13-2.1.24.jar:/Users/admin/Library/Caches/Coursier/v1/https/repo1.maven.org/maven2/io/github/alexarchambault/concurrent-reference-hash-map/1.1.0/concurrent-reference-hash-map-1.1.0.jar:/Users/admin/Library/Caches/Coursier/v1/https/repo1.maven.org/maven2/org/scala-lang/modules/scala-xml_2.13/2.3.0/scala-xml_2.13-2.3.0.jar:/Users/admin/Library/Caches/Coursier/v1/https/repo1.maven.org/maven2/com/google/guava/failureaccess/1.0.2/failureaccess-1.0.2.jar:/Users/admin/Library/Caches/Coursier/v1/https/repo1.maven.org/maven2/com/google/guava/listenablefuture/9999.0-empty-to-avoid-conflict-with-guava/listenablefuture-9999.0-empty-to-avoid-conflict-with-guava.jar:/Users/admin/Library/Caches/Coursier/v1/https/repo1.maven.org/maven2/com/google/code/findbugs/jsr305/3.0.2/jsr305-3.0.2.jar:/Users/admin/Library/Caches/Coursier/v1/https/repo1.maven.org/maven2/org/checkerframework/checker-qual/3.43.0/checker-qual-3.43.0.jar:/Users/admin/Library/Caches/Coursier/v1/https/repo1.maven.org/maven2/com/google/errorprone/error_prone_annotations/2.36.0/error_prone_annotations-2.36.0.jar:/Users/admin/Library/Caches/Coursier/v1/https/repo1.maven.org/maven2/com/google/j2objc/j2objc-annotations/3.0.0/j2objc-annotations-3.0.0.jar:/Users/admin/Library/Caches/Coursier/v1/https/repo1.maven.org/maven2/org/scalameta/metaconfig-pprint_3/0.14.0/metaconfig-pprint_3-0.14.0.jar:/Users/admin/Library/Caches/Coursier/v1/https/repo1.maven.org/maven2/org/typelevel/paiges-core_3/0.4.4/paiges-core_3-0.4.4.jar:/Users/admin/Library/Caches/Coursier/v1/https/repo1.maven.org/maven2/org/scala-lang/scala-reflect/2.13.15/scala-reflect-2.13.15.jar:/Users/admin/Library/Caches/Coursier/v1/https/repo1.maven.org/maven2/com/google/cloud/tools/jib-build-plan/0.4.0/jib-build-plan-0.4.0.jar:/Users/admin/Library/Caches/Coursier/v1/https/repo1.maven.org/maven2/com/google/http-client/google-http-client/1.42.2/google-http-client-1.42.2.jar:/Users/admin/Library/Caches/Coursier/v1/https/repo1.maven.org/maven2/com/google/http-client/google-http-client-apache-v2/1.42.2/google-http-client-apache-v2-1.42.2.jar:/Users/admin/Library/Caches/Coursier/v1/https/repo1.maven.org/maven2/com/google/auth/google-auth-library-oauth2-http/1.10.0/google-auth-library-oauth2-http-1.10.0.jar:/Users/admin/Library/Caches/Coursier/v1/https/repo1.maven.org/maven2/org/apache/commons/commons-compress/1.26.2/commons-compress-1.26.2.jar:/Users/admin/Library/Caches/Coursier/v1/https/repo1.maven.org/maven2/com/fasterxml/jackson/core/jackson-databind/2.15.2/jackson-databind-2.15.2.jar:/Users/admin/Library/Caches/Coursier/v1/https/repo1.maven.org/maven2/com/fasterxml/jackson/datatype/jackson-datatype-jsr310/2.15.2/jackson-datatype-jsr310-2.15.2.jar:/Users/admin/Library/Caches/Coursier/v1/https/repo1.maven.org/maven2/org/bouncycastle/bcprov-jdk18on/1.78.1/bcprov-jdk18on-1.78.1.jar:/Users/admin/Library/Caches/Coursier/v1/https/repo1.maven.org/maven2/org/bouncycastle/bcutil-jdk18on/1.78.1/bcutil-jdk18on-1.78.1.jar:/Users/admin/Library/Caches/Coursier/v1/https/repo1.maven.org/maven2/org/scala-lang/scala3-compiler_3/3.3.4/scala3-compiler_3-3.3.4.jar:/Users/admin/Library/Caches/Coursier/v1/https/repo1.maven.org/maven2/org/scalameta/scalameta_2.13/4.9.9/scalameta_2.13-4.9.9.jar:/Users/admin/Library/Caches/Coursier/v1/https/repo1.maven.org/maven2/com/thesamet/scalapb/scalapb-runtime_2.13/0.11.17/scalapb-runtime_2.13-0.11.17.jar:/Users/admin/Library/Caches/Coursier/v1/https/repo1.maven.org/maven2/org/scala-native/tools_3/0.5.6/tools_3-0.5.6.jar:/Users/admin/Library/Caches/Coursier/v1/https/repo1.maven.org/maven2/org/scala-sbt/test-interface/1.0/test-interface-1.0.jar:/Users/admin/Library/Caches/Coursier/v1/https/repo1.maven.org/maven2/com/github/sbt/junit-interface/0.13.3/junit-interface-0.13.3.jar:/Users/admin/Library/Caches/Coursier/v1/https/repo1.maven.org/maven2/junit/junit/4.13.2/junit-4.13.2.jar:/Users/admin/Library/Caches/Coursier/v1/https/repo1.maven.org/maven2/com/lihaoyi/geny_3/1.1.1/geny_3-1.1.1.jar:/Users/admin/Library/Caches/Coursier/v1/https/repo1.maven.org/maven2/com/lihaoyi/fansi_3/0.5.0/fansi_3-0.5.0.jar:/Users/admin/Library/Caches/Coursier/v1/https/repo1.maven.org/maven2/org/scala-js/scalajs-js-envs_2.13/1.4.0/scalajs-js-envs_2.13-1.4.0.jar:/Users/admin/Library/Caches/Coursier/v1/https/repo1.maven.org/maven2/ch/epfl/scala/bloop-config_2.13/2.3.1/bloop-config_2.13-2.3.1.jar:/Users/admin/Library/Caches/Coursier/v1/https/repo1.maven.org/maven2/org/virtuslab/scala-cli/core_3/1.6.1/core_3-1.6.1.jar:/Users/admin/Library/Caches/Coursier/v1/https/repo1.maven.org/maven2/org/virtuslab/using_directives/1.1.4/using_directives-1.1.4.jar:/Users/admin/Library/Caches/Coursier/v1/https/repo1.maven.org/maven2/org/virtuslab/scala-cli/build-macros_3/1.6.1/build-macros_3-1.6.1.jar:/Users/admin/Library/Caches/Coursier/v1/https/repo1.maven.org/maven2/ch/epfl/scala/bsp4j/2.1.1/bsp4j-2.1.1.jar:/Users/admin/Library/Caches/Coursier/v1/https/repo1.maven.org/maven2/javax/inject/javax.inject/1/javax.inject-1.jar:/Users/admin/Library/Caches/Coursier/v1/https/repo1.maven.org/maven2/org/codehaus/plexus/plexus-utils/4.0.1/plexus-utils-4.0.1.jar:/Users/admin/Library/Caches/Coursier/v1/https/repo1.maven.org/maven2/org/codehaus/plexus/plexus-io/3.5.0/plexus-io-3.5.0.jar:/Users/admin/Library/Caches/Coursier/v1/https/repo1.maven.org/maven2/io/airlift/aircompressor/0.27/aircompressor-0.27.jar:/Users/admin/Library/Caches/Coursier/v1/https/repo1.maven.org/maven2/org/tukaani/xz/1.9/xz-1.9.jar:/Users/admin/Library/Caches/Coursier/v1/https/repo1.maven.org/maven2/com/github/luben/zstd-jni/1.5.6-3/zstd-jni-1.5.6-3.jar:/Users/admin/Library/Caches/Coursier/v1/https/repo1.maven.org/maven2/org/codehaus/plexus/plexus-classworlds/2.6.0/plexus-classworlds-2.6.0.jar:/Users/admin/Library/Caches/Coursier/v1/https/repo1.maven.org/maven2/org/apache/xbean/xbean-reflect/3.7/xbean-reflect-3.7.jar:/Users/admin/Library/Caches/Coursier/v1/https/repo1.maven.org/maven2/org/fusesource/jansi/jansi/2.4.1/jansi-2.4.1.jar:/Users/admin/Library/Caches/Coursier/v1/https/repo1.maven.org/maven2/org/apache/httpcomponents/httpclient/4.5.13/httpclient-4.5.13.jar:/Users/admin/Library/Caches/Coursier/v1/https/repo1.maven.org/maven2/org/apache/httpcomponents/httpcore/4.4.15/httpcore-4.4.15.jar:/Users/admin/Library/Caches/Coursier/v1/https/repo1.maven.org/maven2/io/opencensus/opencensus-api/0.31.1/opencensus-api-0.31.1.jar:/Users/admin/Library/Caches/Coursier/v1/https/repo1.maven.org/maven2/io/opencensus/opencensus-contrib-http-util/0.31.1/opencensus-contrib-http-util-0.31.1.jar:/Users/admin/Library/Caches/Coursier/v1/https/repo1.maven.org/maven2/com/google/auto/value/auto-value-annotations/1.9/auto-value-annotations-1.9.jar:/Users/admin/Library/Caches/Coursier/v1/https/repo1.maven.org/maven2/com/google/auth/google-auth-library-credentials/1.10.0/google-auth-library-credentials-1.10.0.jar:/Users/admin/Library/Caches/Coursier/v1/https/repo1.maven.org/maven2/com/google/http-client/google-http-client-gson/1.42.2/google-http-client-gson-1.42.2.jar:/Users/admin/Library/Caches/Coursier/v1/https/repo1.maven.org/maven2/commons-codec/commons-codec/1.17.0/commons-codec-1.17.0.jar:/Users/admin/Library/Caches/Coursier/v1/https/repo1.maven.org/maven2/org/apache/commons/commons-lang3/3.14.0/commons-lang3-3.14.0.jar:/Users/admin/Library/Caches/Coursier/v1/https/repo1.maven.org/maven2/com/fasterxml/jackson/core/jackson-annotations/2.15.2/jackson-annotations-2.15.2.jar:/Users/admin/Library/Caches/Coursier/v1/https/repo1.maven.org/maven2/com/fasterxml/jackson/core/jackson-core/2.15.2/jackson-core-2.15.2.jar:/Users/admin/Library/Caches/Coursier/v1/https/repo1.maven.org/maven2/org/scala-lang/scala3-interfaces/3.3.4/scala3-interfaces-3.3.4.jar:/Users/admin/Library/Caches/Coursier/v1/https/repo1.maven.org/maven2/org/scala-lang/tasty-core_3/3.3.4/tasty-core_3-3.3.4.jar:/Users/admin/Library/Caches/Coursier/v1/https/repo1.maven.org/maven2/org/scala-lang/modules/scala-asm/9.6.0-scala-1/scala-asm-9.6.0-scala-1.jar:/Users/admin/Library/Caches/Coursier/v1/https/repo1.maven.org/maven2/org/scala-sbt/compiler-interface/1.9.6/compiler-interface-1.9.6.jar:/Users/admin/Library/Caches/Coursier/v1/https/repo1.maven.org/maven2/org/scalameta/parsers_2.13/4.9.9/parsers_2.13-4.9.9.jar:/Users/admin/Library/Caches/Coursier/v1/https/repo1.maven.org/maven2/org/scala-lang/scalap/2.13.11/scalap-2.13.11.jar:/Users/admin/Library/Caches/Coursier/v1/https/repo1.maven.org/maven2/com/thesamet/scalapb/lenses_2.13/0.11.17/lenses_2.13-0.11.17.jar:/Users/admin/Library/Caches/Coursier/v1/https/repo1.maven.org/maven2/com/google/protobuf/protobuf-java/3.19.6/protobuf-java-3.19.6.jar:/Users/admin/Library/Caches/Coursier/v1/https/repo1.maven.org/maven2/org/scala-native/nir_3/0.5.6/nir_3-0.5.6.jar:/Users/admin/Library/Caches/Coursier/v1/https/repo1.maven.org/maven2/org/scala-native/util_3/0.5.6/util_3-0.5.6.jar:/Users/admin/Library/Caches/Coursier/v1/https/repo1.maven.org/maven2/org/hamcrest/hamcrest-core/1.3/hamcrest-core-1.3.jar:/Users/admin/Library/Caches/Coursier/v1/https/repo1.maven.org/maven2/org/scala-js/scalajs-logging_2.13/1.1.1/scalajs-logging_2.13-1.1.1.jar:/Users/admin/Library/Caches/Coursier/v1/https/repo1.maven.org/maven2/com/lihaoyi/unroll-annotation_2.13/0.1.12/unroll-annotation_2.13-0.1.12.jar:/Users/admin/Library/Caches/Coursier/v1/https/repo1.maven.org/maven2/ch/epfl/scala/bloop-rifle_2.13/2.0.8/bloop-rifle_2.13-2.0.8.jar:/Users/admin/Library/Caches/Coursier/v1/https/repo1.maven.org/maven2/io/get-coursier/coursier-jvm_2.13/2.1.24/coursier-jvm_2.13-2.1.24.jar:/Users/admin/Library/Caches/Coursier/v1/https/repo1.maven.org/maven2/io/get-coursier/dependency_3/0.3.2/dependency_3-0.3.2.jar:/Users/admin/Library/Caches/Coursier/v1/https/repo1.maven.org/maven2/org/eclipse/jgit/org.eclipse.jgit/6.8.0.202311291450-r/org.eclipse.jgit-6.8.0.202311291450-r.jar:/Users/admin/Library/Caches/Coursier/v1/https/repo1.maven.org/maven2/org/scala-js/scalajs-env-jsdom-nodejs_2.13/1.1.0/scalajs-env-jsdom-nodejs_2.13-1.1.0.jar:/Users/admin/Library/Caches/Coursier/v1/https/repo1.maven.org/maven2/org/eclipse/lsp4j/org.eclipse.lsp4j.generator/0.20.1/org.eclipse.lsp4j.generator-0.20.1.jar:/Users/admin/Library/Caches/Coursier/v1/https/repo1.maven.org/maven2/org/eclipse/lsp4j/org.eclipse.lsp4j.jsonrpc/0.20.1/org.eclipse.lsp4j.jsonrpc-0.20.1.jar:/Users/admin/Library/Caches/Coursier/v1/https/repo1.maven.org/maven2/commons-logging/commons-logging/1.2/commons-logging-1.2.jar:/Users/admin/Library/Caches/Coursier/v1/https/repo1.maven.org/maven2/io/grpc/grpc-context/1.27.2/grpc-context-1.27.2.jar:/Users/admin/Library/Caches/Coursier/v1/https/repo1.maven.org/maven2/com/google/code/gson/gson/2.10.1/gson-2.10.1.jar:/Users/admin/Library/Caches/Coursier/v1/https/repo1.maven.org/maven2/org/scala-sbt/util-interface/1.9.8/util-interface-1.9.8.jar:/Users/admin/Library/Caches/Coursier/v1/https/repo1.maven.org/maven2/org/scalameta/trees_2.13/4.9.9/trees_2.13-4.9.9.jar:/Users/admin/Library/Caches/Coursier/v1/https/repo1.maven.org/maven2/org/scala-lang/scala-compiler/2.13.11/scala-compiler-2.13.11.jar:/Users/admin/Library/Caches/Coursier/v1/https/repo1.maven.org/maven2/ch/epfl/scala/libdaemon_2.13/0.0.12/libdaemon_2.13-0.0.12.jar:/Users/admin/Library/Caches/Coursier/v1/https/repo1.maven.org/maven2/io/github/alexarchambault/scala-cli/snailgun/snailgun-core_2.13/0.4.1-sc2/snailgun-core_2.13-0.4.1-sc2.jar:/Users/admin/Library/Caches/Coursier/v1/https/repo1.maven.org/maven2/io/get-coursier/coursier_2.13/2.1.24/coursier_2.13-2.1.24.jar:/Users/admin/Library/Caches/Coursier/v1/https/repo1.maven.org/maven2/io/get-coursier/coursier-env_2.13/2.1.24/coursier-env_2.13-2.1.24.jar:/Users/admin/Library/Caches/Coursier/v1/https/repo1.maven.org/maven2/com/googlecode/javaewah/JavaEWAH/1.2.3/JavaEWAH-1.2.3.jar:/Users/admin/Library/Caches/Coursier/v1/https/repo1.maven.org/maven2/org/eclipse/xtend/org.eclipse.xtend.lib/2.28.0/org.eclipse.xtend.lib-2.28.0.jar:/Users/admin/Library/Caches/Coursier/v1/https/repo1.maven.org/maven2/org/scalameta/common_2.13/4.9.9/common_2.13-4.9.9.jar:/Users/admin/Library/Caches/Coursier/v1/https/repo1.maven.org/maven2/io/github/java-diff-utils/java-diff-utils/4.12/java-diff-utils-4.12.jar:/Users/admin/Library/Caches/Coursier/v1/https/repo1.maven.org/maven2/io/get-coursier/dependency_2.13/0.3.2/dependency_2.13-0.3.2.jar:/Users/admin/Library/Caches/Coursier/v1/https/repo1.maven.org/maven2/org/eclipse/xtext/org.eclipse.xtext.xbase.lib/2.28.0/org.eclipse.xtext.xbase.lib-2.28.0.jar:/Users/admin/Library/Caches/Coursier/v1/https/repo1.maven.org/maven2/org/eclipse/xtend/org.eclipse.xtend.lib.macro/2.28.0/org.eclipse.xtend.lib.macro-2.28.0.jar, scala.cli.ScalaCli, bsp, /Users/admin/datastructure)
2025.02.19 12:06:25 INFO  tracing is disabled for protocol BSP, to enable tracing of incoming and outgoing JSON messages create an empty file at /Users/admin/datastructure/.metals/bsp.trace.json or /Users/admin/Library/Caches/org.scalameta.metals/bsp.trace.json
2025.02.19 12:06:27 INFO  Connected to Scala CLI server v1.6.1
2025.02.19 12:06:28 INFO  compiling datastructure_d5c0a6989e (2 scala sources and 2 java sources)
2025.02.19 12:06:28 INFO  time: compiled datastructure_d5c0a6989e in 0.21s
2025.02.19 12:06:28 INFO  compiling datastructure_d5c0a6989e (2 scala sources and 2 java sources)
2025.02.19 12:06:28 INFO  time: compiled datastructure_d5c0a6989e in 0.14s
2025.02.19 12:06:29 INFO  time: indexed workspace in 2.03s
2025.02.19 12:06:30 INFO  compiling datastructure_d5c0a6989e (2 scala sources and 2 java sources)
2025.02.19 12:06:30 INFO  time: compiled datastructure_d5c0a6989e in 0.13s
2025.02.19 12:06:30 INFO  Scala CLI started for /Users/admin/datastructure
2025.02.19 12:06:30 WARN  no build tool detected in workspace '/Users/admin/datastructure'. The most common cause for this problem is that the editor was opened in the wrong working directory, for example if you use sbt then the workspace directory should contain build.sbt. 
2025.02.19 12:06:30 WARN  Build server is not auto-connectable.
Feb 19, 2025 12:07:06 P.M. org.eclipse.lsp4j.jsonrpc.services.GenericEndpoint notify
WARNING: Unsupported notification method: metals/windowStateDidChange
Feb 19, 2025 12:07:54 P.M. org.eclipse.lsp4j.jsonrpc.services.GenericEndpoint notify
WARNING: Unsupported notification method: metals/windowStateDidChange
Feb 19, 2025 12:09:18 P.M. org.eclipse.lsp4j.jsonrpc.services.GenericEndpoint notify
WARNING: Unsupported notification method: metals/windowStateDidChange
Feb 19, 2025 12:09:25 P.M. org.eclipse.lsp4j.jsonrpc.services.GenericEndpoint notify
WARNING: Unsupported notification method: metals/windowStateDidChange
Feb 19, 2025 12:09:32 P.M. org.eclipse.lsp4j.jsonrpc.services.GenericEndpoint notify
WARNING: Unsupported notification method: metals/windowStateDidChange
Feb 19, 2025 12:09:34 P.M. org.eclipse.lsp4j.jsonrpc.services.GenericEndpoint notify
WARNING: Unsupported notification method: metals/windowStateDidChange
Feb 19, 2025 12:10:04 P.M. org.eclipse.lsp4j.jsonrpc.services.GenericEndpoint notify
WARNING: Unsupported notification method: metals/windowStateDidChange
Feb 19, 2025 12:10:10 P.M. org.eclipse.lsp4j.jsonrpc.services.GenericEndpoint notify
WARNING: Unsupported notification method: metals/windowStateDidChange
Feb 19, 2025 12:12:22 P.M. org.eclipse.lsp4j.jsonrpc.services.GenericEndpoint notify
WARNING: Unsupported notification method: metals/windowStateDidChange
Feb 19, 2025 12:12:29 P.M. org.eclipse.lsp4j.jsonrpc.services.GenericEndpoint notify
WARNING: Unsupported notification method: metals/windowStateDidChange
Feb 19, 2025 12:12:33 P.M. org.eclipse.lsp4j.jsonrpc.services.GenericEndpoint notify
WARNING: Unsupported notification method: metals/windowStateDidChange
Feb 19, 2025 12:12:46 P.M. org.eclipse.lsp4j.jsonrpc.services.GenericEndpoint notify
WARNING: Unsupported notification method: metals/windowStateDidChange
Feb 19, 2025 12:12:51 P.M. org.eclipse.lsp4j.jsonrpc.services.GenericEndpoint notify
WARNING: Unsupported notification method: metals/windowStateDidChange
Feb 19, 2025 12:13:10 P.M. org.eclipse.lsp4j.jsonrpc.services.GenericEndpoint notify
WARNING: Unsupported notification method: metals/windowStateDidChange
Feb 19, 2025 12:13:20 P.M. org.eclipse.lsp4j.jsonrpc.services.GenericEndpoint notify
WARNING: Unsupported notification method: metals/windowStateDidChange
Feb 19, 2025 12:13:37 P.M. org.eclipse.lsp4j.jsonrpc.services.GenericEndpoint notify
WARNING: Unsupported notification method: metals/windowStateDidChange
2025.02.19 12:13:55 INFO  Shut down connection with build server.
2025.02.19 12:13:58 INFO  Started: Metals version 1.5.1+64-506ceb4e-SNAPSHOT in folders '/Users/admin/datastructure' for client Visual Studio Code 1.85.1.
2025.02.19 12:14:00 WARN  scala-cli >= 0.1.3 not found in PATH, fetching and starting a JVM-based Scala CLI
2025.02.19 12:14:00 INFO  Running List(/Library/Java/JavaVirtualMachines/jdk-19.jdk/Contents/Home/bin/java, -cp, /Users/admin/Library/Caches/Coursier/v1/https/repo1.maven.org/maven2/org/virtuslab/scala-cli/cli_3/1.6.1/cli_3-1.6.1.jar:/Users/admin/Library/Caches/Coursier/v1/https/repo1.maven.org/maven2/com/github/alexarchambault/case-app_3/2.1.0-M29/case-app_3-2.1.0-M29.jar:/Users/admin/Library/Caches/Coursier/v1/https/repo1.maven.org/maven2/io/get-coursier/coursier-launcher_2.13/2.1.24/coursier-launcher_2.13-2.1.24.jar:/Users/admin/Library/Caches/Coursier/v1/https/repo1.maven.org/maven2/io/get-coursier/coursier-proxy-setup/2.1.24/coursier-proxy-setup-2.1.24.jar:/Users/admin/Library/Caches/Coursier/v1/https/repo1.maven.org/maven2/io/get-coursier/publish/publish_2.13/0.2.0/publish_2.13-0.2.0.jar:/Users/admin/Library/Caches/Coursier/v1/https/repo1.maven.org/maven2/com/google/jimfs/jimfs/1.3.0/jimfs-1.3.0.jar:/Users/admin/Library/Caches/Coursier/v1/https/repo1.maven.org/maven2/io/get-coursier/jniutils/windows-jni-utils/0.3.3/windows-jni-utils-0.3.3.jar:/Users/admin/Library/Caches/Coursier/v1/https/repo1.maven.org/maven2/com/github/plokhotnyuk/jsoniter-scala/jsoniter-scala-core_3/2.13.5.2/jsoniter-scala-core_3-2.13.5.2.jar:/Users/admin/Library/Caches/Coursier/v1/https/repo1.maven.org/maven2/org/virtuslab/scala-cli/libsodiumjni/0.0.4/libsodiumjni-0.0.4.jar:/Users/admin/Library/Caches/Coursier/v1/https/repo1.maven.org/maven2/org/scalameta/metaconfig-typesafe-config_3/0.14.0/metaconfig-typesafe-config_3-0.14.0.jar:/Users/admin/Library/Caches/Coursier/v1/https/repo1.maven.org/maven2/ai/kien/python-native-libs_3/0.2.4/python-native-libs_3-0.2.4.jar:/Users/admin/Library/Caches/Coursier/v1/https/repo1.maven.org/maven2/org/virtuslab/scala-packager_2.13/0.1.31/scala-packager_2.13-0.1.31.jar:/Users/admin/Library/Caches/Coursier/v1/https/repo1.maven.org/maven2/org/virtuslab/scala-cli-signing/cli_3/0.2.4/cli_3-0.2.4.jar:/Users/admin/Library/Caches/Coursier/v1/https/repo1.maven.org/maven2/org/slf4j/slf4j-nop/2.0.16/slf4j-nop-2.0.16.jar:/Users/admin/Library/Caches/Coursier/v1/https/repo1.maven.org/maven2/com/softwaremill/sttp/client3/core_2.13/3.10.2/core_2.13-3.10.2.jar:/Users/admin/Library/Caches/Coursier/v1/https/repo1.maven.org/maven2/ch/epfl/scala/scalafix-interfaces/0.14.0/scalafix-interfaces-0.14.0.jar:/Users/admin/Library/Caches/Coursier/v1/https/repo1.maven.org/maven2/org/scala-lang/scala3-library_3/3.3.4/scala3-library_3-3.3.4.jar:/Users/admin/Library/Caches/Coursier/v1/https/repo1.maven.org/maven2/org/virtuslab/scala-cli/build-module_3/1.6.1/build-module_3-1.6.1.jar:/Users/admin/Library/Caches/Coursier/v1/https/repo1.maven.org/maven2/org/virtuslab/scala-cli/config_3/1.6.1/config_3-1.6.1.jar:/Users/admin/Library/Caches/Coursier/v1/https/repo1.maven.org/maven2/org/virtuslab/scala-cli/scala3-graal_3/1.6.1/scala3-graal_3-1.6.1.jar:/Users/admin/Library/Caches/Coursier/v1/https/repo1.maven.org/maven2/org/virtuslab/scala-cli/specification-level_3/1.6.1/specification-level_3-1.6.1.jar:/Users/admin/Library/Caches/Coursier/v1/https/repo1.maven.org/maven2/com/lihaoyi/sourcecode_3/0.4.2/sourcecode_3-0.4.2.jar:/Users/admin/Library/Caches/Coursier/v1/https/repo1.maven.org/maven2/com/github/alexarchambault/case-app-annotations_3/2.1.0-M29/case-app-annotations_3-2.1.0-M29.jar:/Users/admin/Library/Caches/Coursier/v1/https/repo1.maven.org/maven2/com/github/alexarchambault/case-app-util_3/2.1.0-M29/case-app-util_3-2.1.0-M29.jar:/Users/admin/Library/Caches/Coursier/v1/https/repo1.maven.org/maven2/io/github/alexarchambault/scala-cli/tmp/zip-input-stream/0.1.1/zip-input-stream-0.1.1.jar:/Users/admin/Library/Caches/Coursier/v1/https/repo1.maven.org/maven2/org/scala-lang/scala-library/2.13.16/scala-library-2.13.16.jar:/Users/admin/Library/Caches/Coursier/v1/https/repo1.maven.org/maven2/io/get-coursier/coursier-cache_2.13/2.1.24/coursier-cache_2.13-2.1.24.jar:/Users/admin/Library/Caches/Coursier/v1/https/repo1.maven.org/maven2/io/get-coursier/coursier-core_2.13/2.1.24/coursier-core_2.13-2.1.24.jar:/Users/admin/Library/Caches/Coursier/v1/https/repo1.maven.org/maven2/com/google/guava/guava/33.4.0-jre/guava-33.4.0-jre.jar:/Users/admin/Library/Caches/Coursier/v1/https/repo1.maven.org/maven2/net/java/dev/jna/jna/5.13.0/jna-5.13.0.jar:/Users/admin/Library/Caches/Coursier/v1/https/repo1.maven.org/maven2/net/java/dev/jna/jna-platform/5.12.1/jna-platform-5.12.1.jar:/Users/admin/Library/Caches/Coursier/v1/https/repo1.maven.org/maven2/org/scalameta/metaconfig-core_3/0.14.0/metaconfig-core_3-0.14.0.jar:/Users/admin/Library/Caches/Coursier/v1/https/repo1.maven.org/maven2/com/typesafe/config/1.4.3/config-1.4.3.jar:/Users/admin/Library/Caches/Coursier/v1/https/repo1.maven.org/maven2/org/scala-lang/modules/scala-collection-compat_3/2.12.0/scala-collection-compat_3-2.12.0.jar:/Users/admin/Library/Caches/Coursier/v1/https/repo1.maven.org/maven2/commons-io/commons-io/2.18.0/commons-io-2.18.0.jar:/Users/admin/Library/Caches/Coursier/v1/https/repo1.maven.org/maven2/com/google/cloud/tools/jib-core/0.27.2/jib-core-0.27.2.jar:/Users/admin/Library/Caches/Coursier/v1/https/repo1.maven.org/maven2/org/bouncycastle/bcpg-jdk18on/1.78.1/bcpg-jdk18on-1.78.1.jar:/Users/admin/Library/Caches/Coursier/v1/https/repo1.maven.org/maven2/org/virtuslab/scala-cli-signing/shared_3/0.2.4/shared_3-0.2.4.jar:/Users/admin/Library/Caches/Coursier/v1/https/repo1.maven.org/maven2/org/slf4j/slf4j-api/2.0.16/slf4j-api-2.0.16.jar:/Users/admin/Library/Caches/Coursier/v1/https/repo1.maven.org/maven2/com/softwaremill/sttp/model/core_2.13/1.7.11/core_2.13-1.7.11.jar:/Users/admin/Library/Caches/Coursier/v1/https/repo1.maven.org/maven2/com/softwaremill/sttp/shared/core_2.13/1.3.22/core_2.13-1.3.22.jar:/Users/admin/Library/Caches/Coursier/v1/https/repo1.maven.org/maven2/com/softwaremill/sttp/shared/ws_2.13/1.3.22/ws_2.13-1.3.22.jar:/Users/admin/Library/Caches/Coursier/v1/https/repo1.maven.org/maven2/io/get-coursier/interface/1.0.26/interface-1.0.26.jar:/Users/admin/Library/Caches/Coursier/v1/https/repo1.maven.org/maven2/org/ow2/asm/asm/9.7.1/asm-9.7.1.jar:/Users/admin/Library/Caches/Coursier/v1/https/repo1.maven.org/maven2/org/virtuslab/scala-cli/java-class-name/java-class-name_3/0.1.4/java-class-name_3-0.1.4.jar:/Users/admin/Library/Caches/Coursier/v1/https/repo1.maven.org/maven2/org/scalameta/semanticdb-shared_2.13.16/4.9.9/semanticdb-shared_2.13.16-4.9.9.jar:/Users/admin/Library/Caches/Coursier/v1/https/repo1.maven.org/maven2/org/scala-native/test-runner_3/0.5.6/test-runner_3-0.5.6.jar:/Users/admin/Library/Caches/Coursier/v1/https/repo1.maven.org/maven2/com/lihaoyi/os-lib_3/0.11.3/os-lib_3-0.11.3.jar:/Users/admin/Library/Caches/Coursier/v1/https/repo1.maven.org/maven2/com/lihaoyi/pprint_3/0.9.0/pprint_3-0.9.0.jar:/Users/admin/Library/Caches/Coursier/v1/https/repo1.maven.org/maven2/org/scala-js/scalajs-env-nodejs_2.13/1.4.0/scalajs-env-nodejs_2.13-1.4.0.jar:/Users/admin/Library/Caches/Coursier/v1/https/repo1.maven.org/maven2/org/scala-js/scalajs-sbt-test-adapter_2.13/1.18.1/scalajs-sbt-test-adapter_2.13-1.18.1.jar:/Users/admin/Library/Caches/Coursier/v1/https/repo1.maven.org/maven2/com/swoval/file-tree-views/2.1.12/file-tree-views-2.1.12.jar:/Users/admin/Library/Caches/Coursier/v1/https/repo1.maven.org/maven2/org/virtuslab/scala-cli/zip-input-stream/zip-input-stream/0.1.2/zip-input-stream-0.1.2.jar:/Users/admin/Library/Caches/Coursier/v1/https/repo1.maven.org/maven2/org/virtuslab/scala-cli/options_3/1.6.1/options_3-1.6.1.jar:/Users/admin/Library/Caches/Coursier/v1/https/repo1.maven.org/maven2/org/virtuslab/scala-cli/directives_3/1.6.1/directives_3-1.6.1.jar:/Users/admin/Library/Caches/Coursier/v1/https/repo1.maven.org/maven2/org/virtuslab/scala-cli/scala-cli-bsp/1.6.1/scala-cli-bsp-1.6.1.jar:/Users/admin/Library/Caches/Coursier/v1/https/repo1.maven.org/maven2/org/virtuslab/scala-cli/test-runner_3/1.6.1/test-runner_3-1.6.1.jar:/Users/admin/Library/Caches/Coursier/v1/https/repo1.maven.org/maven2/org/virtuslab/scala-cli/tasty-lib_3/1.6.1/tasty-lib_3-1.6.1.jar:/Users/admin/Library/Caches/Coursier/v1/https/repo1.maven.org/maven2/io/github/alexarchambault/is-terminal/0.1.1/is-terminal-0.1.1.jar:/Users/admin/Library/Caches/Coursier/v1/https/repo1.maven.org/maven2/org/codehaus/plexus/plexus-archiver/4.10.0/plexus-archiver-4.10.0.jar:/Users/admin/Library/Caches/Coursier/v1/https/repo1.maven.org/maven2/org/codehaus/plexus/plexus-container-default/2.1.1/plexus-container-default-2.1.1.jar:/Users/admin/Library/Caches/Coursier/v1/https/repo1.maven.org/maven2/io/github/alexarchambault/windows-ansi/windows-ansi/0.0.6/windows-ansi-0.0.6.jar:/Users/admin/Library/Caches/Coursier/v1/https/repo1.maven.org/maven2/io/get-coursier/cache-util/2.1.24/cache-util-2.1.24.jar:/Users/admin/Library/Caches/Coursier/v1/https/repo1.maven.org/maven2/io/get-coursier/coursier-util_2.13/2.1.24/coursier-util_2.13-2.1.24.jar:/Users/admin/Library/Caches/Coursier/v1/https/repo1.maven.org/maven2/io/github/alexarchambault/concurrent-reference-hash-map/1.1.0/concurrent-reference-hash-map-1.1.0.jar:/Users/admin/Library/Caches/Coursier/v1/https/repo1.maven.org/maven2/org/scala-lang/modules/scala-xml_2.13/2.3.0/scala-xml_2.13-2.3.0.jar:/Users/admin/Library/Caches/Coursier/v1/https/repo1.maven.org/maven2/com/google/guava/failureaccess/1.0.2/failureaccess-1.0.2.jar:/Users/admin/Library/Caches/Coursier/v1/https/repo1.maven.org/maven2/com/google/guava/listenablefuture/9999.0-empty-to-avoid-conflict-with-guava/listenablefuture-9999.0-empty-to-avoid-conflict-with-guava.jar:/Users/admin/Library/Caches/Coursier/v1/https/repo1.maven.org/maven2/com/google/code/findbugs/jsr305/3.0.2/jsr305-3.0.2.jar:/Users/admin/Library/Caches/Coursier/v1/https/repo1.maven.org/maven2/org/checkerframework/checker-qual/3.43.0/checker-qual-3.43.0.jar:/Users/admin/Library/Caches/Coursier/v1/https/repo1.maven.org/maven2/com/google/errorprone/error_prone_annotations/2.36.0/error_prone_annotations-2.36.0.jar:/Users/admin/Library/Caches/Coursier/v1/https/repo1.maven.org/maven2/com/google/j2objc/j2objc-annotations/3.0.0/j2objc-annotations-3.0.0.jar:/Users/admin/Library/Caches/Coursier/v1/https/repo1.maven.org/maven2/org/scalameta/metaconfig-pprint_3/0.14.0/metaconfig-pprint_3-0.14.0.jar:/Users/admin/Library/Caches/Coursier/v1/https/repo1.maven.org/maven2/org/typelevel/paiges-core_3/0.4.4/paiges-core_3-0.4.4.jar:/Users/admin/Library/Caches/Coursier/v1/https/repo1.maven.org/maven2/org/scala-lang/scala-reflect/2.13.15/scala-reflect-2.13.15.jar:/Users/admin/Library/Caches/Coursier/v1/https/repo1.maven.org/maven2/com/google/cloud/tools/jib-build-plan/0.4.0/jib-build-plan-0.4.0.jar:/Users/admin/Library/Caches/Coursier/v1/https/repo1.maven.org/maven2/com/google/http-client/google-http-client/1.42.2/google-http-client-1.42.2.jar:/Users/admin/Library/Caches/Coursier/v1/https/repo1.maven.org/maven2/com/google/http-client/google-http-client-apache-v2/1.42.2/google-http-client-apache-v2-1.42.2.jar:/Users/admin/Library/Caches/Coursier/v1/https/repo1.maven.org/maven2/com/google/auth/google-auth-library-oauth2-http/1.10.0/google-auth-library-oauth2-http-1.10.0.jar:/Users/admin/Library/Caches/Coursier/v1/https/repo1.maven.org/maven2/org/apache/commons/commons-compress/1.26.2/commons-compress-1.26.2.jar:/Users/admin/Library/Caches/Coursier/v1/https/repo1.maven.org/maven2/com/fasterxml/jackson/core/jackson-databind/2.15.2/jackson-databind-2.15.2.jar:/Users/admin/Library/Caches/Coursier/v1/https/repo1.maven.org/maven2/com/fasterxml/jackson/datatype/jackson-datatype-jsr310/2.15.2/jackson-datatype-jsr310-2.15.2.jar:/Users/admin/Library/Caches/Coursier/v1/https/repo1.maven.org/maven2/org/bouncycastle/bcprov-jdk18on/1.78.1/bcprov-jdk18on-1.78.1.jar:/Users/admin/Library/Caches/Coursier/v1/https/repo1.maven.org/maven2/org/bouncycastle/bcutil-jdk18on/1.78.1/bcutil-jdk18on-1.78.1.jar:/Users/admin/Library/Caches/Coursier/v1/https/repo1.maven.org/maven2/org/scala-lang/scala3-compiler_3/3.3.4/scala3-compiler_3-3.3.4.jar:/Users/admin/Library/Caches/Coursier/v1/https/repo1.maven.org/maven2/org/scalameta/scalameta_2.13/4.9.9/scalameta_2.13-4.9.9.jar:/Users/admin/Library/Caches/Coursier/v1/https/repo1.maven.org/maven2/com/thesamet/scalapb/scalapb-runtime_2.13/0.11.17/scalapb-runtime_2.13-0.11.17.jar:/Users/admin/Library/Caches/Coursier/v1/https/repo1.maven.org/maven2/org/scala-native/tools_3/0.5.6/tools_3-0.5.6.jar:/Users/admin/Library/Caches/Coursier/v1/https/repo1.maven.org/maven2/org/scala-sbt/test-interface/1.0/test-interface-1.0.jar:/Users/admin/Library/Caches/Coursier/v1/https/repo1.maven.org/maven2/com/github/sbt/junit-interface/0.13.3/junit-interface-0.13.3.jar:/Users/admin/Library/Caches/Coursier/v1/https/repo1.maven.org/maven2/junit/junit/4.13.2/junit-4.13.2.jar:/Users/admin/Library/Caches/Coursier/v1/https/repo1.maven.org/maven2/com/lihaoyi/geny_3/1.1.1/geny_3-1.1.1.jar:/Users/admin/Library/Caches/Coursier/v1/https/repo1.maven.org/maven2/com/lihaoyi/fansi_3/0.5.0/fansi_3-0.5.0.jar:/Users/admin/Library/Caches/Coursier/v1/https/repo1.maven.org/maven2/org/scala-js/scalajs-js-envs_2.13/1.4.0/scalajs-js-envs_2.13-1.4.0.jar:/Users/admin/Library/Caches/Coursier/v1/https/repo1.maven.org/maven2/ch/epfl/scala/bloop-config_2.13/2.3.1/bloop-config_2.13-2.3.1.jar:/Users/admin/Library/Caches/Coursier/v1/https/repo1.maven.org/maven2/org/virtuslab/scala-cli/core_3/1.6.1/core_3-1.6.1.jar:/Users/admin/Library/Caches/Coursier/v1/https/repo1.maven.org/maven2/org/virtuslab/using_directives/1.1.4/using_directives-1.1.4.jar:/Users/admin/Library/Caches/Coursier/v1/https/repo1.maven.org/maven2/org/virtuslab/scala-cli/build-macros_3/1.6.1/build-macros_3-1.6.1.jar:/Users/admin/Library/Caches/Coursier/v1/https/repo1.maven.org/maven2/ch/epfl/scala/bsp4j/2.1.1/bsp4j-2.1.1.jar:/Users/admin/Library/Caches/Coursier/v1/https/repo1.maven.org/maven2/javax/inject/javax.inject/1/javax.inject-1.jar:/Users/admin/Library/Caches/Coursier/v1/https/repo1.maven.org/maven2/org/codehaus/plexus/plexus-utils/4.0.1/plexus-utils-4.0.1.jar:/Users/admin/Library/Caches/Coursier/v1/https/repo1.maven.org/maven2/org/codehaus/plexus/plexus-io/3.5.0/plexus-io-3.5.0.jar:/Users/admin/Library/Caches/Coursier/v1/https/repo1.maven.org/maven2/io/airlift/aircompressor/0.27/aircompressor-0.27.jar:/Users/admin/Library/Caches/Coursier/v1/https/repo1.maven.org/maven2/org/tukaani/xz/1.9/xz-1.9.jar:/Users/admin/Library/Caches/Coursier/v1/https/repo1.maven.org/maven2/com/github/luben/zstd-jni/1.5.6-3/zstd-jni-1.5.6-3.jar:/Users/admin/Library/Caches/Coursier/v1/https/repo1.maven.org/maven2/org/codehaus/plexus/plexus-classworlds/2.6.0/plexus-classworlds-2.6.0.jar:/Users/admin/Library/Caches/Coursier/v1/https/repo1.maven.org/maven2/org/apache/xbean/xbean-reflect/3.7/xbean-reflect-3.7.jar:/Users/admin/Library/Caches/Coursier/v1/https/repo1.maven.org/maven2/org/fusesource/jansi/jansi/2.4.1/jansi-2.4.1.jar:/Users/admin/Library/Caches/Coursier/v1/https/repo1.maven.org/maven2/org/apache/httpcomponents/httpclient/4.5.13/httpclient-4.5.13.jar:/Users/admin/Library/Caches/Coursier/v1/https/repo1.maven.org/maven2/org/apache/httpcomponents/httpcore/4.4.15/httpcore-4.4.15.jar:/Users/admin/Library/Caches/Coursier/v1/https/repo1.maven.org/maven2/io/opencensus/opencensus-api/0.31.1/opencensus-api-0.31.1.jar:/Users/admin/Library/Caches/Coursier/v1/https/repo1.maven.org/maven2/io/opencensus/opencensus-contrib-http-util/0.31.1/opencensus-contrib-http-util-0.31.1.jar:/Users/admin/Library/Caches/Coursier/v1/https/repo1.maven.org/maven2/com/google/auto/value/auto-value-annotations/1.9/auto-value-annotations-1.9.jar:/Users/admin/Library/Caches/Coursier/v1/https/repo1.maven.org/maven2/com/google/auth/google-auth-library-credentials/1.10.0/google-auth-library-credentials-1.10.0.jar:/Users/admin/Library/Caches/Coursier/v1/https/repo1.maven.org/maven2/com/google/http-client/google-http-client-gson/1.42.2/google-http-client-gson-1.42.2.jar:/Users/admin/Library/Caches/Coursier/v1/https/repo1.maven.org/maven2/commons-codec/commons-codec/1.17.0/commons-codec-1.17.0.jar:/Users/admin/Library/Caches/Coursier/v1/https/repo1.maven.org/maven2/org/apache/commons/commons-lang3/3.14.0/commons-lang3-3.14.0.jar:/Users/admin/Library/Caches/Coursier/v1/https/repo1.maven.org/maven2/com/fasterxml/jackson/core/jackson-annotations/2.15.2/jackson-annotations-2.15.2.jar:/Users/admin/Library/Caches/Coursier/v1/https/repo1.maven.org/maven2/com/fasterxml/jackson/core/jackson-core/2.15.2/jackson-core-2.15.2.jar:/Users/admin/Library/Caches/Coursier/v1/https/repo1.maven.org/maven2/org/scala-lang/scala3-interfaces/3.3.4/scala3-interfaces-3.3.4.jar:/Users/admin/Library/Caches/Coursier/v1/https/repo1.maven.org/maven2/org/scala-lang/tasty-core_3/3.3.4/tasty-core_3-3.3.4.jar:/Users/admin/Library/Caches/Coursier/v1/https/repo1.maven.org/maven2/org/scala-lang/modules/scala-asm/9.6.0-scala-1/scala-asm-9.6.0-scala-1.jar:/Users/admin/Library/Caches/Coursier/v1/https/repo1.maven.org/maven2/org/scala-sbt/compiler-interface/1.9.6/compiler-interface-1.9.6.jar:/Users/admin/Library/Caches/Coursier/v1/https/repo1.maven.org/maven2/org/scalameta/parsers_2.13/4.9.9/parsers_2.13-4.9.9.jar:/Users/admin/Library/Caches/Coursier/v1/https/repo1.maven.org/maven2/org/scala-lang/scalap/2.13.11/scalap-2.13.11.jar:/Users/admin/Library/Caches/Coursier/v1/https/repo1.maven.org/maven2/com/thesamet/scalapb/lenses_2.13/0.11.17/lenses_2.13-0.11.17.jar:/Users/admin/Library/Caches/Coursier/v1/https/repo1.maven.org/maven2/com/google/protobuf/protobuf-java/3.19.6/protobuf-java-3.19.6.jar:/Users/admin/Library/Caches/Coursier/v1/https/repo1.maven.org/maven2/org/scala-native/nir_3/0.5.6/nir_3-0.5.6.jar:/Users/admin/Library/Caches/Coursier/v1/https/repo1.maven.org/maven2/org/scala-native/util_3/0.5.6/util_3-0.5.6.jar:/Users/admin/Library/Caches/Coursier/v1/https/repo1.maven.org/maven2/org/hamcrest/hamcrest-core/1.3/hamcrest-core-1.3.jar:/Users/admin/Library/Caches/Coursier/v1/https/repo1.maven.org/maven2/org/scala-js/scalajs-logging_2.13/1.1.1/scalajs-logging_2.13-1.1.1.jar:/Users/admin/Library/Caches/Coursier/v1/https/repo1.maven.org/maven2/com/lihaoyi/unroll-annotation_2.13/0.1.12/unroll-annotation_2.13-0.1.12.jar:/Users/admin/Library/Caches/Coursier/v1/https/repo1.maven.org/maven2/ch/epfl/scala/bloop-rifle_2.13/2.0.8/bloop-rifle_2.13-2.0.8.jar:/Users/admin/Library/Caches/Coursier/v1/https/repo1.maven.org/maven2/io/get-coursier/coursier-jvm_2.13/2.1.24/coursier-jvm_2.13-2.1.24.jar:/Users/admin/Library/Caches/Coursier/v1/https/repo1.maven.org/maven2/io/get-coursier/dependency_3/0.3.2/dependency_3-0.3.2.jar:/Users/admin/Library/Caches/Coursier/v1/https/repo1.maven.org/maven2/org/eclipse/jgit/org.eclipse.jgit/6.8.0.202311291450-r/org.eclipse.jgit-6.8.0.202311291450-r.jar:/Users/admin/Library/Caches/Coursier/v1/https/repo1.maven.org/maven2/org/scala-js/scalajs-env-jsdom-nodejs_2.13/1.1.0/scalajs-env-jsdom-nodejs_2.13-1.1.0.jar:/Users/admin/Library/Caches/Coursier/v1/https/repo1.maven.org/maven2/org/eclipse/lsp4j/org.eclipse.lsp4j.generator/0.20.1/org.eclipse.lsp4j.generator-0.20.1.jar:/Users/admin/Library/Caches/Coursier/v1/https/repo1.maven.org/maven2/org/eclipse/lsp4j/org.eclipse.lsp4j.jsonrpc/0.20.1/org.eclipse.lsp4j.jsonrpc-0.20.1.jar:/Users/admin/Library/Caches/Coursier/v1/https/repo1.maven.org/maven2/commons-logging/commons-logging/1.2/commons-logging-1.2.jar:/Users/admin/Library/Caches/Coursier/v1/https/repo1.maven.org/maven2/io/grpc/grpc-context/1.27.2/grpc-context-1.27.2.jar:/Users/admin/Library/Caches/Coursier/v1/https/repo1.maven.org/maven2/com/google/code/gson/gson/2.10.1/gson-2.10.1.jar:/Users/admin/Library/Caches/Coursier/v1/https/repo1.maven.org/maven2/org/scala-sbt/util-interface/1.9.8/util-interface-1.9.8.jar:/Users/admin/Library/Caches/Coursier/v1/https/repo1.maven.org/maven2/org/scalameta/trees_2.13/4.9.9/trees_2.13-4.9.9.jar:/Users/admin/Library/Caches/Coursier/v1/https/repo1.maven.org/maven2/org/scala-lang/scala-compiler/2.13.11/scala-compiler-2.13.11.jar:/Users/admin/Library/Caches/Coursier/v1/https/repo1.maven.org/maven2/ch/epfl/scala/libdaemon_2.13/0.0.12/libdaemon_2.13-0.0.12.jar:/Users/admin/Library/Caches/Coursier/v1/https/repo1.maven.org/maven2/io/github/alexarchambault/scala-cli/snailgun/snailgun-core_2.13/0.4.1-sc2/snailgun-core_2.13-0.4.1-sc2.jar:/Users/admin/Library/Caches/Coursier/v1/https/repo1.maven.org/maven2/io/get-coursier/coursier_2.13/2.1.24/coursier_2.13-2.1.24.jar:/Users/admin/Library/Caches/Coursier/v1/https/repo1.maven.org/maven2/io/get-coursier/coursier-env_2.13/2.1.24/coursier-env_2.13-2.1.24.jar:/Users/admin/Library/Caches/Coursier/v1/https/repo1.maven.org/maven2/com/googlecode/javaewah/JavaEWAH/1.2.3/JavaEWAH-1.2.3.jar:/Users/admin/Library/Caches/Coursier/v1/https/repo1.maven.org/maven2/org/eclipse/xtend/org.eclipse.xtend.lib/2.28.0/org.eclipse.xtend.lib-2.28.0.jar:/Users/admin/Library/Caches/Coursier/v1/https/repo1.maven.org/maven2/org/scalameta/common_2.13/4.9.9/common_2.13-4.9.9.jar:/Users/admin/Library/Caches/Coursier/v1/https/repo1.maven.org/maven2/io/github/java-diff-utils/java-diff-utils/4.12/java-diff-utils-4.12.jar:/Users/admin/Library/Caches/Coursier/v1/https/repo1.maven.org/maven2/io/get-coursier/dependency_2.13/0.3.2/dependency_2.13-0.3.2.jar:/Users/admin/Library/Caches/Coursier/v1/https/repo1.maven.org/maven2/org/eclipse/xtext/org.eclipse.xtext.xbase.lib/2.28.0/org.eclipse.xtext.xbase.lib-2.28.0.jar:/Users/admin/Library/Caches/Coursier/v1/https/repo1.maven.org/maven2/org/eclipse/xtend/org.eclipse.xtend.lib.macro/2.28.0/org.eclipse.xtend.lib.macro-2.28.0.jar, scala.cli.ScalaCli, bsp, /Users/admin/datastructure)
2025.02.19 12:14:01 INFO  tracing is disabled for protocol BSP, to enable tracing of incoming and outgoing JSON messages create an empty file at /Users/admin/datastructure/.metals/bsp.trace.json or /Users/admin/Library/Caches/org.scalameta.metals/bsp.trace.json
2025.02.19 12:14:04 INFO  Connected to Scala CLI server v1.6.1
2025.02.19 12:14:04 INFO  compiling datastructure_d5c0a6989e (2 scala sources and 2 java sources)
2025.02.19 12:14:04 INFO  time: compiled datastructure_d5c0a6989e in 0.19s
2025.02.19 12:14:04 INFO  compiling datastructure_d5c0a6989e (2 scala sources and 2 java sources)
2025.02.19 12:14:04 INFO  time: compiled datastructure_d5c0a6989e in 72ms
2025.02.19 12:14:06 INFO  time: indexed workspace in 2.34s
2025.02.19 12:14:06 INFO  compiling datastructure_d5c0a6989e (2 scala sources and 2 java sources)
2025.02.19 12:14:06 INFO  time: compiled datastructure_d5c0a6989e in 0.11s
2025.02.19 12:14:06 INFO  Scala CLI started for /Users/admin/datastructure
2025.02.19 12:14:06 WARN  no build tool detected in workspace '/Users/admin/datastructure'. The most common cause for this problem is that the editor was opened in the wrong working directory, for example if you use sbt then the workspace directory should contain build.sbt. 
2025.02.19 12:14:06 WARN  Build server is not auto-connectable.
Feb 19, 2025 12:14:11 P.M. org.eclipse.lsp4j.jsonrpc.services.GenericEndpoint notify
WARNING: Unsupported notification method: metals/windowStateDidChange
Feb 19, 2025 12:15:14 P.M. org.eclipse.lsp4j.jsonrpc.services.GenericEndpoint notify
WARNING: Unsupported notification method: metals/windowStateDidChange
Feb 19, 2025 12:18:10 P.M. org.eclipse.lsp4j.jsonrpc.services.GenericEndpoint notify
WARNING: Unsupported notification method: metals/windowStateDidChange
Feb 19, 2025 12:18:12 P.M. org.eclipse.lsp4j.jsonrpc.services.GenericEndpoint notify
WARNING: Unsupported notification method: metals/windowStateDidChange
Feb 19, 2025 12:19:15 P.M. org.eclipse.lsp4j.jsonrpc.services.GenericEndpoint notify
WARNING: Unsupported notification method: metals/windowStateDidChange
Feb 19, 2025 12:19:52 P.M. org.eclipse.lsp4j.jsonrpc.services.GenericEndpoint notify
WARNING: Unsupported notification method: metals/windowStateDidChange
Feb 19, 2025 12:21:10 P.M. org.eclipse.lsp4j.jsonrpc.services.GenericEndpoint notify
WARNING: Unsupported notification method: metals/windowStateDidChange
Feb 19, 2025 12:21:16 P.M. org.eclipse.lsp4j.jsonrpc.services.GenericEndpoint notify
WARNING: Unsupported notification method: metals/windowStateDidChange
Feb 19, 2025 12:21:43 P.M. org.eclipse.lsp4j.jsonrpc.services.GenericEndpoint notify
WARNING: Unsupported notification method: metals/windowStateDidChange
Feb 19, 2025 12:21:50 P.M. org.eclipse.lsp4j.jsonrpc.services.GenericEndpoint notify
WARNING: Unsupported notification method: metals/windowStateDidChange
Feb 19, 2025 12:21:59 P.M. org.eclipse.lsp4j.jsonrpc.services.GenericEndpoint notify
WARNING: Unsupported notification method: metals/windowStateDidChange
Feb 19, 2025 12:22:00 P.M. org.eclipse.lsp4j.jsonrpc.services.GenericEndpoint notify
WARNING: Unsupported notification method: metals/windowStateDidChange
Feb 19, 2025 12:22:19 P.M. org.eclipse.lsp4j.jsonrpc.services.GenericEndpoint notify
WARNING: Unsupported notification method: metals/windowStateDidChange
Feb 19, 2025 12:22:41 P.M. org.eclipse.lsp4j.jsonrpc.services.GenericEndpoint notify
WARNING: Unsupported notification method: metals/windowStateDidChange
Feb 19, 2025 12:22:51 P.M. org.eclipse.lsp4j.jsonrpc.services.GenericEndpoint notify
WARNING: Unsupported notification method: metals/windowStateDidChange
Feb 19, 2025 12:22:54 P.M. org.eclipse.lsp4j.jsonrpc.services.GenericEndpoint notify
WARNING: Unsupported notification method: metals/windowStateDidChange
Feb 19, 2025 12:23:00 P.M. org.eclipse.lsp4j.jsonrpc.services.GenericEndpoint notify
WARNING: Unsupported notification method: metals/windowStateDidChange
Feb 19, 2025 12:23:03 P.M. org.eclipse.lsp4j.jsonrpc.services.GenericEndpoint notify
WARNING: Unsupported notification method: metals/windowStateDidChange
Feb 19, 2025 12:23:08 P.M. org.eclipse.lsp4j.jsonrpc.services.GenericEndpoint notify
WARNING: Unsupported notification method: metals/windowStateDidChange
Feb 19, 2025 12:23:12 P.M. org.eclipse.lsp4j.jsonrpc.services.GenericEndpoint notify
WARNING: Unsupported notification method: metals/windowStateDidChange
Feb 19, 2025 12:24:26 P.M. org.eclipse.lsp4j.jsonrpc.services.GenericEndpoint notify
WARNING: Unsupported notification method: metals/windowStateDidChange
Feb 19, 2025 12:30:04 P.M. org.eclipse.lsp4j.jsonrpc.services.GenericEndpoint notify
WARNING: Unsupported notification method: metals/windowStateDidChange
Feb 19, 2025 12:30:29 P.M. org.eclipse.lsp4j.jsonrpc.services.GenericEndpoint notify
WARNING: Unsupported notification method: metals/windowStateDidChange
Feb 19, 2025 12:30:32 P.M. org.eclipse.lsp4j.jsonrpc.services.GenericEndpoint notify
WARNING: Unsupported notification method: metals/windowStateDidChange
2025.02.19 12:30:37 INFO  Shut down connection with build server.
java.util.concurrent.RejectedExecutionException: Task Future(<not completed>) rejected from java.util.concurrent.ThreadPoolExecutor@2344fc66[Shutting down, pool size = 1, active threads = 1, queued tasks = 0, completed tasks = 421]
	at java.base/java.util.concurrent.ThreadPoolExecutor$AbortPolicy.rejectedExecution(ThreadPoolExecutor.java:2081)
	at java.base/java.util.concurrent.ThreadPoolExecutor.reject(ThreadPoolExecutor.java:841)
	at java.base/java.util.concurrent.ThreadPoolExecutor.execute(ThreadPoolExecutor.java:1376)
	at scala.concurrent.impl.ExecutionContextImpl.execute(ExecutionContextImpl.scala:21)
	at scala.concurrent.impl.Promise$Transformation.submitWithValue(Promise.scala:429)
	at scala.concurrent.impl.Promise$DefaultPromise.submitWithValue(Promise.scala:338)
	at scala.concurrent.impl.Promise$DefaultPromise.tryComplete0(Promise.scala:285)
	at scala.concurrent.impl.Promise$Transformation.handleFailure(Promise.scala:444)
	at scala.concurrent.impl.Promise$Transformation.submitWithValue(Promise.scala:435)
	at scala.concurrent.impl.Promise$DefaultPromise.submitWithValue(Promise.scala:338)
	at scala.concurrent.impl.Promise$DefaultPromise.tryComplete0(Promise.scala:285)
	at scala.concurrent.impl.Promise$Transformation.handleFailure(Promise.scala:444)
	at scala.concurrent.impl.Promise$Transformation.run(Promise.scala:506)
	at java.base/java.util.concurrent.ThreadPoolExecutor.runWorker(ThreadPoolExecutor.java:1144)
	at java.base/java.util.concurrent.ThreadPoolExecutor$Worker.run(ThreadPoolExecutor.java:642)
	at java.base/java.lang.Thread.run(Thread.java:1589)
2025.02.19 12:30:42 INFO  Started: Metals version 1.5.1+64-506ceb4e-SNAPSHOT in folders '/Users/admin/datastructure' for client Visual Studio Code 1.85.1.
2025.02.19 12:30:44 WARN  scala-cli >= 0.1.3 not found in PATH, fetching and starting a JVM-based Scala CLI
2025.02.19 12:30:44 INFO  Running List(/Library/Java/JavaVirtualMachines/jdk-19.jdk/Contents/Home/bin/java, -cp, /Users/admin/Library/Caches/Coursier/v1/https/repo1.maven.org/maven2/org/virtuslab/scala-cli/cli_3/1.6.1/cli_3-1.6.1.jar:/Users/admin/Library/Caches/Coursier/v1/https/repo1.maven.org/maven2/com/github/alexarchambault/case-app_3/2.1.0-M29/case-app_3-2.1.0-M29.jar:/Users/admin/Library/Caches/Coursier/v1/https/repo1.maven.org/maven2/io/get-coursier/coursier-launcher_2.13/2.1.24/coursier-launcher_2.13-2.1.24.jar:/Users/admin/Library/Caches/Coursier/v1/https/repo1.maven.org/maven2/io/get-coursier/coursier-proxy-setup/2.1.24/coursier-proxy-setup-2.1.24.jar:/Users/admin/Library/Caches/Coursier/v1/https/repo1.maven.org/maven2/io/get-coursier/publish/publish_2.13/0.2.0/publish_2.13-0.2.0.jar:/Users/admin/Library/Caches/Coursier/v1/https/repo1.maven.org/maven2/com/google/jimfs/jimfs/1.3.0/jimfs-1.3.0.jar:/Users/admin/Library/Caches/Coursier/v1/https/repo1.maven.org/maven2/io/get-coursier/jniutils/windows-jni-utils/0.3.3/windows-jni-utils-0.3.3.jar:/Users/admin/Library/Caches/Coursier/v1/https/repo1.maven.org/maven2/com/github/plokhotnyuk/jsoniter-scala/jsoniter-scala-core_3/2.13.5.2/jsoniter-scala-core_3-2.13.5.2.jar:/Users/admin/Library/Caches/Coursier/v1/https/repo1.maven.org/maven2/org/virtuslab/scala-cli/libsodiumjni/0.0.4/libsodiumjni-0.0.4.jar:/Users/admin/Library/Caches/Coursier/v1/https/repo1.maven.org/maven2/org/scalameta/metaconfig-typesafe-config_3/0.14.0/metaconfig-typesafe-config_3-0.14.0.jar:/Users/admin/Library/Caches/Coursier/v1/https/repo1.maven.org/maven2/ai/kien/python-native-libs_3/0.2.4/python-native-libs_3-0.2.4.jar:/Users/admin/Library/Caches/Coursier/v1/https/repo1.maven.org/maven2/org/virtuslab/scala-packager_2.13/0.1.31/scala-packager_2.13-0.1.31.jar:/Users/admin/Library/Caches/Coursier/v1/https/repo1.maven.org/maven2/org/virtuslab/scala-cli-signing/cli_3/0.2.4/cli_3-0.2.4.jar:/Users/admin/Library/Caches/Coursier/v1/https/repo1.maven.org/maven2/org/slf4j/slf4j-nop/2.0.16/slf4j-nop-2.0.16.jar:/Users/admin/Library/Caches/Coursier/v1/https/repo1.maven.org/maven2/com/softwaremill/sttp/client3/core_2.13/3.10.2/core_2.13-3.10.2.jar:/Users/admin/Library/Caches/Coursier/v1/https/repo1.maven.org/maven2/ch/epfl/scala/scalafix-interfaces/0.14.0/scalafix-interfaces-0.14.0.jar:/Users/admin/Library/Caches/Coursier/v1/https/repo1.maven.org/maven2/org/scala-lang/scala3-library_3/3.3.4/scala3-library_3-3.3.4.jar:/Users/admin/Library/Caches/Coursier/v1/https/repo1.maven.org/maven2/org/virtuslab/scala-cli/build-module_3/1.6.1/build-module_3-1.6.1.jar:/Users/admin/Library/Caches/Coursier/v1/https/repo1.maven.org/maven2/org/virtuslab/scala-cli/config_3/1.6.1/config_3-1.6.1.jar:/Users/admin/Library/Caches/Coursier/v1/https/repo1.maven.org/maven2/org/virtuslab/scala-cli/scala3-graal_3/1.6.1/scala3-graal_3-1.6.1.jar:/Users/admin/Library/Caches/Coursier/v1/https/repo1.maven.org/maven2/org/virtuslab/scala-cli/specification-level_3/1.6.1/specification-level_3-1.6.1.jar:/Users/admin/Library/Caches/Coursier/v1/https/repo1.maven.org/maven2/com/lihaoyi/sourcecode_3/0.4.2/sourcecode_3-0.4.2.jar:/Users/admin/Library/Caches/Coursier/v1/https/repo1.maven.org/maven2/com/github/alexarchambault/case-app-annotations_3/2.1.0-M29/case-app-annotations_3-2.1.0-M29.jar:/Users/admin/Library/Caches/Coursier/v1/https/repo1.maven.org/maven2/com/github/alexarchambault/case-app-util_3/2.1.0-M29/case-app-util_3-2.1.0-M29.jar:/Users/admin/Library/Caches/Coursier/v1/https/repo1.maven.org/maven2/io/github/alexarchambault/scala-cli/tmp/zip-input-stream/0.1.1/zip-input-stream-0.1.1.jar:/Users/admin/Library/Caches/Coursier/v1/https/repo1.maven.org/maven2/org/scala-lang/scala-library/2.13.16/scala-library-2.13.16.jar:/Users/admin/Library/Caches/Coursier/v1/https/repo1.maven.org/maven2/io/get-coursier/coursier-cache_2.13/2.1.24/coursier-cache_2.13-2.1.24.jar:/Users/admin/Library/Caches/Coursier/v1/https/repo1.maven.org/maven2/io/get-coursier/coursier-core_2.13/2.1.24/coursier-core_2.13-2.1.24.jar:/Users/admin/Library/Caches/Coursier/v1/https/repo1.maven.org/maven2/com/google/guava/guava/33.4.0-jre/guava-33.4.0-jre.jar:/Users/admin/Library/Caches/Coursier/v1/https/repo1.maven.org/maven2/net/java/dev/jna/jna/5.13.0/jna-5.13.0.jar:/Users/admin/Library/Caches/Coursier/v1/https/repo1.maven.org/maven2/net/java/dev/jna/jna-platform/5.12.1/jna-platform-5.12.1.jar:/Users/admin/Library/Caches/Coursier/v1/https/repo1.maven.org/maven2/org/scalameta/metaconfig-core_3/0.14.0/metaconfig-core_3-0.14.0.jar:/Users/admin/Library/Caches/Coursier/v1/https/repo1.maven.org/maven2/com/typesafe/config/1.4.3/config-1.4.3.jar:/Users/admin/Library/Caches/Coursier/v1/https/repo1.maven.org/maven2/org/scala-lang/modules/scala-collection-compat_3/2.12.0/scala-collection-compat_3-2.12.0.jar:/Users/admin/Library/Caches/Coursier/v1/https/repo1.maven.org/maven2/commons-io/commons-io/2.18.0/commons-io-2.18.0.jar:/Users/admin/Library/Caches/Coursier/v1/https/repo1.maven.org/maven2/com/google/cloud/tools/jib-core/0.27.2/jib-core-0.27.2.jar:/Users/admin/Library/Caches/Coursier/v1/https/repo1.maven.org/maven2/org/bouncycastle/bcpg-jdk18on/1.78.1/bcpg-jdk18on-1.78.1.jar:/Users/admin/Library/Caches/Coursier/v1/https/repo1.maven.org/maven2/org/virtuslab/scala-cli-signing/shared_3/0.2.4/shared_3-0.2.4.jar:/Users/admin/Library/Caches/Coursier/v1/https/repo1.maven.org/maven2/org/slf4j/slf4j-api/2.0.16/slf4j-api-2.0.16.jar:/Users/admin/Library/Caches/Coursier/v1/https/repo1.maven.org/maven2/com/softwaremill/sttp/model/core_2.13/1.7.11/core_2.13-1.7.11.jar:/Users/admin/Library/Caches/Coursier/v1/https/repo1.maven.org/maven2/com/softwaremill/sttp/shared/core_2.13/1.3.22/core_2.13-1.3.22.jar:/Users/admin/Library/Caches/Coursier/v1/https/repo1.maven.org/maven2/com/softwaremill/sttp/shared/ws_2.13/1.3.22/ws_2.13-1.3.22.jar:/Users/admin/Library/Caches/Coursier/v1/https/repo1.maven.org/maven2/io/get-coursier/interface/1.0.26/interface-1.0.26.jar:/Users/admin/Library/Caches/Coursier/v1/https/repo1.maven.org/maven2/org/ow2/asm/asm/9.7.1/asm-9.7.1.jar:/Users/admin/Library/Caches/Coursier/v1/https/repo1.maven.org/maven2/org/virtuslab/scala-cli/java-class-name/java-class-name_3/0.1.4/java-class-name_3-0.1.4.jar:/Users/admin/Library/Caches/Coursier/v1/https/repo1.maven.org/maven2/org/scalameta/semanticdb-shared_2.13.16/4.9.9/semanticdb-shared_2.13.16-4.9.9.jar:/Users/admin/Library/Caches/Coursier/v1/https/repo1.maven.org/maven2/org/scala-native/test-runner_3/0.5.6/test-runner_3-0.5.6.jar:/Users/admin/Library/Caches/Coursier/v1/https/repo1.maven.org/maven2/com/lihaoyi/os-lib_3/0.11.3/os-lib_3-0.11.3.jar:/Users/admin/Library/Caches/Coursier/v1/https/repo1.maven.org/maven2/com/lihaoyi/pprint_3/0.9.0/pprint_3-0.9.0.jar:/Users/admin/Library/Caches/Coursier/v1/https/repo1.maven.org/maven2/org/scala-js/scalajs-env-nodejs_2.13/1.4.0/scalajs-env-nodejs_2.13-1.4.0.jar:/Users/admin/Library/Caches/Coursier/v1/https/repo1.maven.org/maven2/org/scala-js/scalajs-sbt-test-adapter_2.13/1.18.1/scalajs-sbt-test-adapter_2.13-1.18.1.jar:/Users/admin/Library/Caches/Coursier/v1/https/repo1.maven.org/maven2/com/swoval/file-tree-views/2.1.12/file-tree-views-2.1.12.jar:/Users/admin/Library/Caches/Coursier/v1/https/repo1.maven.org/maven2/org/virtuslab/scala-cli/zip-input-stream/zip-input-stream/0.1.2/zip-input-stream-0.1.2.jar:/Users/admin/Library/Caches/Coursier/v1/https/repo1.maven.org/maven2/org/virtuslab/scala-cli/options_3/1.6.1/options_3-1.6.1.jar:/Users/admin/Library/Caches/Coursier/v1/https/repo1.maven.org/maven2/org/virtuslab/scala-cli/directives_3/1.6.1/directives_3-1.6.1.jar:/Users/admin/Library/Caches/Coursier/v1/https/repo1.maven.org/maven2/org/virtuslab/scala-cli/scala-cli-bsp/1.6.1/scala-cli-bsp-1.6.1.jar:/Users/admin/Library/Caches/Coursier/v1/https/repo1.maven.org/maven2/org/virtuslab/scala-cli/test-runner_3/1.6.1/test-runner_3-1.6.1.jar:/Users/admin/Library/Caches/Coursier/v1/https/repo1.maven.org/maven2/org/virtuslab/scala-cli/tasty-lib_3/1.6.1/tasty-lib_3-1.6.1.jar:/Users/admin/Library/Caches/Coursier/v1/https/repo1.maven.org/maven2/io/github/alexarchambault/is-terminal/0.1.1/is-terminal-0.1.1.jar:/Users/admin/Library/Caches/Coursier/v1/https/repo1.maven.org/maven2/org/codehaus/plexus/plexus-archiver/4.10.0/plexus-archiver-4.10.0.jar:/Users/admin/Library/Caches/Coursier/v1/https/repo1.maven.org/maven2/org/codehaus/plexus/plexus-container-default/2.1.1/plexus-container-default-2.1.1.jar:/Users/admin/Library/Caches/Coursier/v1/https/repo1.maven.org/maven2/io/github/alexarchambault/windows-ansi/windows-ansi/0.0.6/windows-ansi-0.0.6.jar:/Users/admin/Library/Caches/Coursier/v1/https/repo1.maven.org/maven2/io/get-coursier/cache-util/2.1.24/cache-util-2.1.24.jar:/Users/admin/Library/Caches/Coursier/v1/https/repo1.maven.org/maven2/io/get-coursier/coursier-util_2.13/2.1.24/coursier-util_2.13-2.1.24.jar:/Users/admin/Library/Caches/Coursier/v1/https/repo1.maven.org/maven2/io/github/alexarchambault/concurrent-reference-hash-map/1.1.0/concurrent-reference-hash-map-1.1.0.jar:/Users/admin/Library/Caches/Coursier/v1/https/repo1.maven.org/maven2/org/scala-lang/modules/scala-xml_2.13/2.3.0/scala-xml_2.13-2.3.0.jar:/Users/admin/Library/Caches/Coursier/v1/https/repo1.maven.org/maven2/com/google/guava/failureaccess/1.0.2/failureaccess-1.0.2.jar:/Users/admin/Library/Caches/Coursier/v1/https/repo1.maven.org/maven2/com/google/guava/listenablefuture/9999.0-empty-to-avoid-conflict-with-guava/listenablefuture-9999.0-empty-to-avoid-conflict-with-guava.jar:/Users/admin/Library/Caches/Coursier/v1/https/repo1.maven.org/maven2/com/google/code/findbugs/jsr305/3.0.2/jsr305-3.0.2.jar:/Users/admin/Library/Caches/Coursier/v1/https/repo1.maven.org/maven2/org/checkerframework/checker-qual/3.43.0/checker-qual-3.43.0.jar:/Users/admin/Library/Caches/Coursier/v1/https/repo1.maven.org/maven2/com/google/errorprone/error_prone_annotations/2.36.0/error_prone_annotations-2.36.0.jar:/Users/admin/Library/Caches/Coursier/v1/https/repo1.maven.org/maven2/com/google/j2objc/j2objc-annotations/3.0.0/j2objc-annotations-3.0.0.jar:/Users/admin/Library/Caches/Coursier/v1/https/repo1.maven.org/maven2/org/scalameta/metaconfig-pprint_3/0.14.0/metaconfig-pprint_3-0.14.0.jar:/Users/admin/Library/Caches/Coursier/v1/https/repo1.maven.org/maven2/org/typelevel/paiges-core_3/0.4.4/paiges-core_3-0.4.4.jar:/Users/admin/Library/Caches/Coursier/v1/https/repo1.maven.org/maven2/org/scala-lang/scala-reflect/2.13.15/scala-reflect-2.13.15.jar:/Users/admin/Library/Caches/Coursier/v1/https/repo1.maven.org/maven2/com/google/cloud/tools/jib-build-plan/0.4.0/jib-build-plan-0.4.0.jar:/Users/admin/Library/Caches/Coursier/v1/https/repo1.maven.org/maven2/com/google/http-client/google-http-client/1.42.2/google-http-client-1.42.2.jar:/Users/admin/Library/Caches/Coursier/v1/https/repo1.maven.org/maven2/com/google/http-client/google-http-client-apache-v2/1.42.2/google-http-client-apache-v2-1.42.2.jar:/Users/admin/Library/Caches/Coursier/v1/https/repo1.maven.org/maven2/com/google/auth/google-auth-library-oauth2-http/1.10.0/google-auth-library-oauth2-http-1.10.0.jar:/Users/admin/Library/Caches/Coursier/v1/https/repo1.maven.org/maven2/org/apache/commons/commons-compress/1.26.2/commons-compress-1.26.2.jar:/Users/admin/Library/Caches/Coursier/v1/https/repo1.maven.org/maven2/com/fasterxml/jackson/core/jackson-databind/2.15.2/jackson-databind-2.15.2.jar:/Users/admin/Library/Caches/Coursier/v1/https/repo1.maven.org/maven2/com/fasterxml/jackson/datatype/jackson-datatype-jsr310/2.15.2/jackson-datatype-jsr310-2.15.2.jar:/Users/admin/Library/Caches/Coursier/v1/https/repo1.maven.org/maven2/org/bouncycastle/bcprov-jdk18on/1.78.1/bcprov-jdk18on-1.78.1.jar:/Users/admin/Library/Caches/Coursier/v1/https/repo1.maven.org/maven2/org/bouncycastle/bcutil-jdk18on/1.78.1/bcutil-jdk18on-1.78.1.jar:/Users/admin/Library/Caches/Coursier/v1/https/repo1.maven.org/maven2/org/scala-lang/scala3-compiler_3/3.3.4/scala3-compiler_3-3.3.4.jar:/Users/admin/Library/Caches/Coursier/v1/https/repo1.maven.org/maven2/org/scalameta/scalameta_2.13/4.9.9/scalameta_2.13-4.9.9.jar:/Users/admin/Library/Caches/Coursier/v1/https/repo1.maven.org/maven2/com/thesamet/scalapb/scalapb-runtime_2.13/0.11.17/scalapb-runtime_2.13-0.11.17.jar:/Users/admin/Library/Caches/Coursier/v1/https/repo1.maven.org/maven2/org/scala-native/tools_3/0.5.6/tools_3-0.5.6.jar:/Users/admin/Library/Caches/Coursier/v1/https/repo1.maven.org/maven2/org/scala-sbt/test-interface/1.0/test-interface-1.0.jar:/Users/admin/Library/Caches/Coursier/v1/https/repo1.maven.org/maven2/com/github/sbt/junit-interface/0.13.3/junit-interface-0.13.3.jar:/Users/admin/Library/Caches/Coursier/v1/https/repo1.maven.org/maven2/junit/junit/4.13.2/junit-4.13.2.jar:/Users/admin/Library/Caches/Coursier/v1/https/repo1.maven.org/maven2/com/lihaoyi/geny_3/1.1.1/geny_3-1.1.1.jar:/Users/admin/Library/Caches/Coursier/v1/https/repo1.maven.org/maven2/com/lihaoyi/fansi_3/0.5.0/fansi_3-0.5.0.jar:/Users/admin/Library/Caches/Coursier/v1/https/repo1.maven.org/maven2/org/scala-js/scalajs-js-envs_2.13/1.4.0/scalajs-js-envs_2.13-1.4.0.jar:/Users/admin/Library/Caches/Coursier/v1/https/repo1.maven.org/maven2/ch/epfl/scala/bloop-config_2.13/2.3.1/bloop-config_2.13-2.3.1.jar:/Users/admin/Library/Caches/Coursier/v1/https/repo1.maven.org/maven2/org/virtuslab/scala-cli/core_3/1.6.1/core_3-1.6.1.jar:/Users/admin/Library/Caches/Coursier/v1/https/repo1.maven.org/maven2/org/virtuslab/using_directives/1.1.4/using_directives-1.1.4.jar:/Users/admin/Library/Caches/Coursier/v1/https/repo1.maven.org/maven2/org/virtuslab/scala-cli/build-macros_3/1.6.1/build-macros_3-1.6.1.jar:/Users/admin/Library/Caches/Coursier/v1/https/repo1.maven.org/maven2/ch/epfl/scala/bsp4j/2.1.1/bsp4j-2.1.1.jar:/Users/admin/Library/Caches/Coursier/v1/https/repo1.maven.org/maven2/javax/inject/javax.inject/1/javax.inject-1.jar:/Users/admin/Library/Caches/Coursier/v1/https/repo1.maven.org/maven2/org/codehaus/plexus/plexus-utils/4.0.1/plexus-utils-4.0.1.jar:/Users/admin/Library/Caches/Coursier/v1/https/repo1.maven.org/maven2/org/codehaus/plexus/plexus-io/3.5.0/plexus-io-3.5.0.jar:/Users/admin/Library/Caches/Coursier/v1/https/repo1.maven.org/maven2/io/airlift/aircompressor/0.27/aircompressor-0.27.jar:/Users/admin/Library/Caches/Coursier/v1/https/repo1.maven.org/maven2/org/tukaani/xz/1.9/xz-1.9.jar:/Users/admin/Library/Caches/Coursier/v1/https/repo1.maven.org/maven2/com/github/luben/zstd-jni/1.5.6-3/zstd-jni-1.5.6-3.jar:/Users/admin/Library/Caches/Coursier/v1/https/repo1.maven.org/maven2/org/codehaus/plexus/plexus-classworlds/2.6.0/plexus-classworlds-2.6.0.jar:/Users/admin/Library/Caches/Coursier/v1/https/repo1.maven.org/maven2/org/apache/xbean/xbean-reflect/3.7/xbean-reflect-3.7.jar:/Users/admin/Library/Caches/Coursier/v1/https/repo1.maven.org/maven2/org/fusesource/jansi/jansi/2.4.1/jansi-2.4.1.jar:/Users/admin/Library/Caches/Coursier/v1/https/repo1.maven.org/maven2/org/apache/httpcomponents/httpclient/4.5.13/httpclient-4.5.13.jar:/Users/admin/Library/Caches/Coursier/v1/https/repo1.maven.org/maven2/org/apache/httpcomponents/httpcore/4.4.15/httpcore-4.4.15.jar:/Users/admin/Library/Caches/Coursier/v1/https/repo1.maven.org/maven2/io/opencensus/opencensus-api/0.31.1/opencensus-api-0.31.1.jar:/Users/admin/Library/Caches/Coursier/v1/https/repo1.maven.org/maven2/io/opencensus/opencensus-contrib-http-util/0.31.1/opencensus-contrib-http-util-0.31.1.jar:/Users/admin/Library/Caches/Coursier/v1/https/repo1.maven.org/maven2/com/google/auto/value/auto-value-annotations/1.9/auto-value-annotations-1.9.jar:/Users/admin/Library/Caches/Coursier/v1/https/repo1.maven.org/maven2/com/google/auth/google-auth-library-credentials/1.10.0/google-auth-library-credentials-1.10.0.jar:/Users/admin/Library/Caches/Coursier/v1/https/repo1.maven.org/maven2/com/google/http-client/google-http-client-gson/1.42.2/google-http-client-gson-1.42.2.jar:/Users/admin/Library/Caches/Coursier/v1/https/repo1.maven.org/maven2/commons-codec/commons-codec/1.17.0/commons-codec-1.17.0.jar:/Users/admin/Library/Caches/Coursier/v1/https/repo1.maven.org/maven2/org/apache/commons/commons-lang3/3.14.0/commons-lang3-3.14.0.jar:/Users/admin/Library/Caches/Coursier/v1/https/repo1.maven.org/maven2/com/fasterxml/jackson/core/jackson-annotations/2.15.2/jackson-annotations-2.15.2.jar:/Users/admin/Library/Caches/Coursier/v1/https/repo1.maven.org/maven2/com/fasterxml/jackson/core/jackson-core/2.15.2/jackson-core-2.15.2.jar:/Users/admin/Library/Caches/Coursier/v1/https/repo1.maven.org/maven2/org/scala-lang/scala3-interfaces/3.3.4/scala3-interfaces-3.3.4.jar:/Users/admin/Library/Caches/Coursier/v1/https/repo1.maven.org/maven2/org/scala-lang/tasty-core_3/3.3.4/tasty-core_3-3.3.4.jar:/Users/admin/Library/Caches/Coursier/v1/https/repo1.maven.org/maven2/org/scala-lang/modules/scala-asm/9.6.0-scala-1/scala-asm-9.6.0-scala-1.jar:/Users/admin/Library/Caches/Coursier/v1/https/repo1.maven.org/maven2/org/scala-sbt/compiler-interface/1.9.6/compiler-interface-1.9.6.jar:/Users/admin/Library/Caches/Coursier/v1/https/repo1.maven.org/maven2/org/scalameta/parsers_2.13/4.9.9/parsers_2.13-4.9.9.jar:/Users/admin/Library/Caches/Coursier/v1/https/repo1.maven.org/maven2/org/scala-lang/scalap/2.13.11/scalap-2.13.11.jar:/Users/admin/Library/Caches/Coursier/v1/https/repo1.maven.org/maven2/com/thesamet/scalapb/lenses_2.13/0.11.17/lenses_2.13-0.11.17.jar:/Users/admin/Library/Caches/Coursier/v1/https/repo1.maven.org/maven2/com/google/protobuf/protobuf-java/3.19.6/protobuf-java-3.19.6.jar:/Users/admin/Library/Caches/Coursier/v1/https/repo1.maven.org/maven2/org/scala-native/nir_3/0.5.6/nir_3-0.5.6.jar:/Users/admin/Library/Caches/Coursier/v1/https/repo1.maven.org/maven2/org/scala-native/util_3/0.5.6/util_3-0.5.6.jar:/Users/admin/Library/Caches/Coursier/v1/https/repo1.maven.org/maven2/org/hamcrest/hamcrest-core/1.3/hamcrest-core-1.3.jar:/Users/admin/Library/Caches/Coursier/v1/https/repo1.maven.org/maven2/org/scala-js/scalajs-logging_2.13/1.1.1/scalajs-logging_2.13-1.1.1.jar:/Users/admin/Library/Caches/Coursier/v1/https/repo1.maven.org/maven2/com/lihaoyi/unroll-annotation_2.13/0.1.12/unroll-annotation_2.13-0.1.12.jar:/Users/admin/Library/Caches/Coursier/v1/https/repo1.maven.org/maven2/ch/epfl/scala/bloop-rifle_2.13/2.0.8/bloop-rifle_2.13-2.0.8.jar:/Users/admin/Library/Caches/Coursier/v1/https/repo1.maven.org/maven2/io/get-coursier/coursier-jvm_2.13/2.1.24/coursier-jvm_2.13-2.1.24.jar:/Users/admin/Library/Caches/Coursier/v1/https/repo1.maven.org/maven2/io/get-coursier/dependency_3/0.3.2/dependency_3-0.3.2.jar:/Users/admin/Library/Caches/Coursier/v1/https/repo1.maven.org/maven2/org/eclipse/jgit/org.eclipse.jgit/6.8.0.202311291450-r/org.eclipse.jgit-6.8.0.202311291450-r.jar:/Users/admin/Library/Caches/Coursier/v1/https/repo1.maven.org/maven2/org/scala-js/scalajs-env-jsdom-nodejs_2.13/1.1.0/scalajs-env-jsdom-nodejs_2.13-1.1.0.jar:/Users/admin/Library/Caches/Coursier/v1/https/repo1.maven.org/maven2/org/eclipse/lsp4j/org.eclipse.lsp4j.generator/0.20.1/org.eclipse.lsp4j.generator-0.20.1.jar:/Users/admin/Library/Caches/Coursier/v1/https/repo1.maven.org/maven2/org/eclipse/lsp4j/org.eclipse.lsp4j.jsonrpc/0.20.1/org.eclipse.lsp4j.jsonrpc-0.20.1.jar:/Users/admin/Library/Caches/Coursier/v1/https/repo1.maven.org/maven2/commons-logging/commons-logging/1.2/commons-logging-1.2.jar:/Users/admin/Library/Caches/Coursier/v1/https/repo1.maven.org/maven2/io/grpc/grpc-context/1.27.2/grpc-context-1.27.2.jar:/Users/admin/Library/Caches/Coursier/v1/https/repo1.maven.org/maven2/com/google/code/gson/gson/2.10.1/gson-2.10.1.jar:/Users/admin/Library/Caches/Coursier/v1/https/repo1.maven.org/maven2/org/scala-sbt/util-interface/1.9.8/util-interface-1.9.8.jar:/Users/admin/Library/Caches/Coursier/v1/https/repo1.maven.org/maven2/org/scalameta/trees_2.13/4.9.9/trees_2.13-4.9.9.jar:/Users/admin/Library/Caches/Coursier/v1/https/repo1.maven.org/maven2/org/scala-lang/scala-compiler/2.13.11/scala-compiler-2.13.11.jar:/Users/admin/Library/Caches/Coursier/v1/https/repo1.maven.org/maven2/ch/epfl/scala/libdaemon_2.13/0.0.12/libdaemon_2.13-0.0.12.jar:/Users/admin/Library/Caches/Coursier/v1/https/repo1.maven.org/maven2/io/github/alexarchambault/scala-cli/snailgun/snailgun-core_2.13/0.4.1-sc2/snailgun-core_2.13-0.4.1-sc2.jar:/Users/admin/Library/Caches/Coursier/v1/https/repo1.maven.org/maven2/io/get-coursier/coursier_2.13/2.1.24/coursier_2.13-2.1.24.jar:/Users/admin/Library/Caches/Coursier/v1/https/repo1.maven.org/maven2/io/get-coursier/coursier-env_2.13/2.1.24/coursier-env_2.13-2.1.24.jar:/Users/admin/Library/Caches/Coursier/v1/https/repo1.maven.org/maven2/com/googlecode/javaewah/JavaEWAH/1.2.3/JavaEWAH-1.2.3.jar:/Users/admin/Library/Caches/Coursier/v1/https/repo1.maven.org/maven2/org/eclipse/xtend/org.eclipse.xtend.lib/2.28.0/org.eclipse.xtend.lib-2.28.0.jar:/Users/admin/Library/Caches/Coursier/v1/https/repo1.maven.org/maven2/org/scalameta/common_2.13/4.9.9/common_2.13-4.9.9.jar:/Users/admin/Library/Caches/Coursier/v1/https/repo1.maven.org/maven2/io/github/java-diff-utils/java-diff-utils/4.12/java-diff-utils-4.12.jar:/Users/admin/Library/Caches/Coursier/v1/https/repo1.maven.org/maven2/io/get-coursier/dependency_2.13/0.3.2/dependency_2.13-0.3.2.jar:/Users/admin/Library/Caches/Coursier/v1/https/repo1.maven.org/maven2/org/eclipse/xtext/org.eclipse.xtext.xbase.lib/2.28.0/org.eclipse.xtext.xbase.lib-2.28.0.jar:/Users/admin/Library/Caches/Coursier/v1/https/repo1.maven.org/maven2/org/eclipse/xtend/org.eclipse.xtend.lib.macro/2.28.0/org.eclipse.xtend.lib.macro-2.28.0.jar, scala.cli.ScalaCli, bsp, /Users/admin/datastructure)
2025.02.19 12:30:44 INFO  tracing is disabled for protocol BSP, to enable tracing of incoming and outgoing JSON messages create an empty file at /Users/admin/datastructure/.metals/bsp.trace.json or /Users/admin/Library/Caches/org.scalameta.metals/bsp.trace.json
2025.02.19 12:30:47 INFO  Connected to Scala CLI server v1.6.1
2025.02.19 12:30:47 INFO  compiling datastructure_d5c0a6989e (2 scala sources and 2 java sources)
2025.02.19 12:30:47 INFO  time: compiled datastructure_d5c0a6989e in 0.17s
2025.02.19 12:30:47 INFO  compiling datastructure_d5c0a6989e (2 scala sources and 2 java sources)
2025.02.19 12:30:47 INFO  time: compiled datastructure_d5c0a6989e in 88ms
2025.02.19 12:30:49 INFO  time: indexed workspace in 1.91s
2025.02.19 12:30:49 INFO  compiling datastructure_d5c0a6989e (2 scala sources and 2 java sources)
2025.02.19 12:30:49 INFO  time: compiled datastructure_d5c0a6989e in 0.1s
2025.02.19 12:30:49 INFO  Scala CLI started for /Users/admin/datastructure
2025.02.19 12:30:49 WARN  no build tool detected in workspace '/Users/admin/datastructure'. The most common cause for this problem is that the editor was opened in the wrong working directory, for example if you use sbt then the workspace directory should contain build.sbt. 
2025.02.19 12:30:49 WARN  Build server is not auto-connectable.
Feb 19, 2025 12:31:08 P.M. org.eclipse.lsp4j.jsonrpc.services.GenericEndpoint notify
WARNING: Unsupported notification method: metals/windowStateDidChange
Feb 19, 2025 12:31:23 P.M. org.eclipse.lsp4j.jsonrpc.services.GenericEndpoint notify
WARNING: Unsupported notification method: metals/windowStateDidChange
2025.02.19 12:31:32 INFO  compiling datastructure_d5c0a6989e (2 scala sources and 2 java sources)
2025.02.19 12:31:32 INFO  time: compiled datastructure_d5c0a6989e in 0.15s
Feb 19, 2025 12:31:39 P.M. org.eclipse.lsp4j.jsonrpc.services.GenericEndpoint notify
WARNING: Unsupported notification method: metals/windowStateDidChange
Feb 19, 2025 12:31:43 P.M. org.eclipse.lsp4j.jsonrpc.services.GenericEndpoint notify
WARNING: Unsupported notification method: metals/windowStateDidChange
2025.02.19 12:31:49 INFO  no build target found for /Users/admin/datastructure/subarraysum/subArraySums.java. Using presentation compiler with project's scala-library version: 3.6.3
2025.02.19 12:31:49 INFO  no build target found for /Users/admin/datastructure/subarraysum/subArraySums.java. Using presentation compiler with project's scala-library version: 3.6.3
2025.02.19 12:31:49 WARN  no build target for: /Users/admin/datastructure/subarraysum/subArraySums.java
2025.02.19 12:31:49 INFO  no build target found for /Users/admin/datastructure/subarraysum/subArraySums.java. Using presentation compiler with project's scala-library version: 3.6.3
2025.02.19 12:31:49 INFO  compiling datastructure_d5c0a6989e (2 scala sources and 2 java sources)
2025.02.19 12:31:49 WARN  No build server connected
2025.02.19 12:31:49 INFO  Cancelling compilation on scala-cli server
Feb 19, 2025 12:31:49 P.M. scala.meta.internal.pc.CompilerAccess handleError
SEVERE: A severe compiler error occurred, full details of the error can be found in the error report /Users/admin/datastructure/.metals/.reports/metals-full/2025-02-19/r_compiler-error_12-31-49-565.md
2025.02.19 12:31:49 INFO  no build target found for /Users/admin/datastructure/subarraysum/subArraySums.java. Using presentation compiler with project's scala-library version: 3.6.3
2025.02.19 12:31:50 INFO  no build target found for /Users/admin/datastructure/subarraysum/subArraySums.java. Using presentation compiler with project's scala-library version: 3.6.3
Feb 19, 2025 12:31:50 P.M. scala.meta.internal.pc.CompilerAccess handleError
SEVERE: A severe compiler error occurred, full details of the error can be found in the error report /Users/admin/datastructure/.metals/.reports/metals-full/2025-02-19/r_compiler-error_12-31-50-148.md
2025.02.19 12:31:51 INFO  no build target found for /Users/admin/datastructure/subarraysum/subArraySums.java. Using presentation compiler with project's scala-library version: 3.6.3
2025.02.19 12:31:51 WARN  Invalid text document uri received from build server: file:///Users/admin/datastructure/subarraysum/sortInWave.java
2025.02.19 12:31:51 INFO  time: compiled datastructure_d5c0a6989e in 2.16s
2025.02.19 12:31:51 INFO  no build target found for /Users/admin/datastructure/subarraysum/subArraySums.java. Using presentation compiler with project's scala-library version: 3.6.3
2025.02.19 12:31:52 INFO  no build target found for /Users/admin/datastructure/subarraysum/subArraySums.java. Using presentation compiler with project's scala-library version: 3.6.3
2025.02.19 12:31:52 INFO  no build target found for /Users/admin/datastructure/subarraysum/subArraySums.java. Using presentation compiler with project's scala-library version: 3.6.3
Feb 19, 2025 12:31:52 P.M. scala.meta.internal.pc.CompilerAccess handleError
SEVERE: A severe compiler error occurred, full details of the error can be found in the error report /Users/admin/datastructure/.metals/.reports/metals-full/2025-02-19/r_compiler-error_12-31-52-867.md
2025.02.19 12:31:53 WARN  no build target for: /Users/admin/datastructure/subarraysum/subArraySums.java
Feb 19, 2025 12:32:04 P.M. scala.meta.internal.metals.StdReporter $anonfun$create$1
SEVERE: QDox parse error in file:///Users/admin/datastructure/subarraysum/subArraySums.java (full report at: /Users/admin/datastructure/.metals/.reports/metals-full/2025-02-19/r_qdox-error_(datastructure_d5c0a6989e)_12-32-04-585.md)
2025.02.19 12:32:04 INFO  compiling datastructure_d5c0a6989e (1 java source)
2025.02.19 12:32:04 WARN  javac exited with exit code 1
2025.02.19 12:32:04 INFO  time: compiled datastructure_d5c0a6989e in 0.25s
2025.02.19 12:32:09 INFO  compiling datastructure_d5c0a6989e (1 java source)
2025.02.19 12:32:09 WARN  javac exited with exit code 1
2025.02.19 12:32:09 INFO  time: compiled datastructure_d5c0a6989e in 0.42s
2025.02.19 12:32:14 INFO  compiling datastructure_d5c0a6989e (1 java source)
2025.02.19 12:32:14 INFO  time: compiled datastructure_d5c0a6989e in 0.45s
Feb 19, 2025 12:32:33 P.M. org.eclipse.lsp4j.jsonrpc.RemoteEndpoint handleNotification
WARNING: Notification threw an exception: {
  "jsonrpc": "2.0",
  "method": "metals/didFocusTextDocument",
  "params": [
    "class:/Users/admin/datastructure/subarraysum/sortInWave.class"
  ]
}
java.nio.file.FileSystemNotFoundException: Provider "class" not installed
	at java.base/java.nio.file.Path.of(Path.java:212)
	at java.base/java.nio.file.Paths.get(Paths.java:98)
	at scala.meta.internal.mtags.MtagsEnrichments$XtensionURIMtags.toAbsolutePath(MtagsEnrichments.scala:130)
	at scala.meta.internal.mtags.MtagsEnrichments$XtensionStringMtags.toAbsolutePath(MtagsEnrichments.scala:190)
	at scala.meta.internal.metals.MetalsEnrichments$XtensionString.toAbsolutePath(MetalsEnrichments.scala:777)
	at scala.meta.internal.metals.MetalsEnrichments$XtensionString.toAbsolutePath(MetalsEnrichments.scala:774)
	at scala.meta.internal.metals.WorkspaceLspService.didFocus(WorkspaceLspService.scala:745)
	at scala.meta.metals.lsp.DelegatingScalaService.didFocus(DelegatingScalaService.scala:42)
	at java.base/jdk.internal.reflect.DirectMethodHandleAccessor.invoke(DirectMethodHandleAccessor.java:104)
	at java.base/java.lang.reflect.Method.invoke(Method.java:578)
	at org.eclipse.lsp4j.jsonrpc.services.GenericEndpoint.lambda$recursiveFindRpcMethods$0(GenericEndpoint.java:65)
	at org.eclipse.lsp4j.jsonrpc.services.GenericEndpoint.notify(GenericEndpoint.java:160)
	at org.eclipse.lsp4j.jsonrpc.RemoteEndpoint.handleNotification(RemoteEndpoint.java:231)
	at org.eclipse.lsp4j.jsonrpc.RemoteEndpoint.consume(RemoteEndpoint.java:198)
	at org.eclipse.lsp4j.jsonrpc.json.StreamMessageProducer.handleMessage(StreamMessageProducer.java:185)
	at org.eclipse.lsp4j.jsonrpc.json.StreamMessageProducer.listen(StreamMessageProducer.java:97)
	at org.eclipse.lsp4j.jsonrpc.json.ConcurrentMessageProcessor.run(ConcurrentMessageProcessor.java:114)
	at java.base/java.util.concurrent.Executors$RunnableAdapter.call(Executors.java:577)
	at java.base/java.util.concurrent.FutureTask.run(FutureTask.java:317)
	at java.base/java.util.concurrent.ThreadPoolExecutor.runWorker(ThreadPoolExecutor.java:1144)
	at java.base/java.util.concurrent.ThreadPoolExecutor$Worker.run(ThreadPoolExecutor.java:642)
	at java.base/java.lang.Thread.run(Thread.java:1589)

Feb 19, 2025 12:32:44 P.M. org.eclipse.lsp4j.jsonrpc.RemoteEndpoint handleCancellation
WARNING: Unmatched cancel notification for request id 206
Feb 19, 2025 12:32:44 P.M. org.eclipse.lsp4j.jsonrpc.RemoteEndpoint handleNotification
WARNING: Notification threw an exception: {
  "jsonrpc": "2.0",
  "method": "metals/didFocusTextDocument",
  "params": [
    "class:/Users/admin/datastructure/subarraysum/sortInWave.class"
  ]
}
java.nio.file.FileSystemNotFoundException: Provider "class" not installed
	at java.base/java.nio.file.Path.of(Path.java:212)
	at java.base/java.nio.file.Paths.get(Paths.java:98)
	at scala.meta.internal.mtags.MtagsEnrichments$XtensionURIMtags.toAbsolutePath(MtagsEnrichments.scala:130)
	at scala.meta.internal.mtags.MtagsEnrichments$XtensionStringMtags.toAbsolutePath(MtagsEnrichments.scala:190)
	at scala.meta.internal.metals.MetalsEnrichments$XtensionString.toAbsolutePath(MetalsEnrichments.scala:777)
	at scala.meta.internal.metals.MetalsEnrichments$XtensionString.toAbsolutePath(MetalsEnrichments.scala:774)
	at scala.meta.internal.metals.WorkspaceLspService.didFocus(WorkspaceLspService.scala:745)
	at scala.meta.metals.lsp.DelegatingScalaService.didFocus(DelegatingScalaService.scala:42)
	at java.base/jdk.internal.reflect.DirectMethodHandleAccessor.invoke(DirectMethodHandleAccessor.java:104)
	at java.base/java.lang.reflect.Method.invoke(Method.java:578)
	at org.eclipse.lsp4j.jsonrpc.services.GenericEndpoint.lambda$recursiveFindRpcMethods$0(GenericEndpoint.java:65)
	at org.eclipse.lsp4j.jsonrpc.services.GenericEndpoint.notify(GenericEndpoint.java:160)
	at org.eclipse.lsp4j.jsonrpc.RemoteEndpoint.handleNotification(RemoteEndpoint.java:231)
	at org.eclipse.lsp4j.jsonrpc.RemoteEndpoint.consume(RemoteEndpoint.java:198)
	at org.eclipse.lsp4j.jsonrpc.json.StreamMessageProducer.handleMessage(StreamMessageProducer.java:185)
	at org.eclipse.lsp4j.jsonrpc.json.StreamMessageProducer.listen(StreamMessageProducer.java:97)
	at org.eclipse.lsp4j.jsonrpc.json.ConcurrentMessageProcessor.run(ConcurrentMessageProcessor.java:114)
	at java.base/java.util.concurrent.Executors$RunnableAdapter.call(Executors.java:577)
	at java.base/java.util.concurrent.FutureTask.run(FutureTask.java:317)
	at java.base/java.util.concurrent.ThreadPoolExecutor.runWorker(ThreadPoolExecutor.java:1144)
	at java.base/java.util.concurrent.ThreadPoolExecutor$Worker.run(ThreadPoolExecutor.java:642)
	at java.base/java.lang.Thread.run(Thread.java:1589)

Feb 19, 2025 12:32:54 P.M. org.eclipse.lsp4j.jsonrpc.services.GenericEndpoint notify
INFO: Unsupported notification method: $/setTrace
